,t2,t27
0,20.9398042025,19.3899210515
1,20.9397769177,19.3927103435
2,20.9398654346,19.3953254498
3,20.9398470607,19.3975369226
4,20.9398671374,19.3996405408
5,20.9398442499,19.4025713783
6,20.9398221761,19.4058141478
7,20.9398004799,19.4087394219
8,20.5247979354,19.4068154888
9,20.4610152222,19.4056908248
10,20.4599556628,19.4068808431
11,20.4598534471,19.4105179049
12,20.4597931893,19.4167537699
13,20.4597762105,19.424372793
14,20.4597584249,19.4325077533
15,20.4597532099,19.4409947869
16,20.4598291914,19.4499263759
17,20.4598138721,19.4605182781
18,20.4599316893,19.4719930023
19,20.4599258842,19.48376833
20,20.2664155562,19.493712432
21,20.2601597596,19.5016583088
22,20.2598797923,19.5081774866
23,20.2598876449,19.5142566391
24,20.2599151515,19.5202952037
25,20.2599115087,19.5264160794
26,20.2599067556,19.5322362273
27,20.2599015506,19.5375451321
28,20.2598958432,19.54241599
29,20.2598896415,19.5469907272
30,20.2598829634,19.5513674898
31,20.2598906137,19.5555918292
32,20.6481292212,19.5521311775
33,20.6405781681,19.5488985107
34,20.6399011581,19.549818686
35,20.6398588469,19.5544096465
36,20.6399301339,19.5609478584
37,20.639928742,19.5682957604
38,20.6399264594,19.5747026722
39,20.6399247149,19.5793834182
40,20.6399252652,19.5809775984
41,20.6399243173,19.5806174407
42,20.6399216015,19.5795317104
43,20.6399164588,19.5780895067
44,20.3983041132,19.577512835
45,20.3904564772,19.5762370788
46,20.3898978379,19.5733245979
47,20.3898238282,19.5702671492
48,20.3898038971,19.5663270696
49,20.3898077937,19.5620558421
50,20.3898100661,19.5589646127
51,20.3897952661,19.5575439296
52,20.3898573516,19.5574574408
53,20.3898555755,19.5590365557
54,20.3898587322,19.5613735851
55,20.389861308,19.5639033311
56,20.4855376353,19.562705357
57,20.4896579484,19.560120853
58,20.4898609529,19.5545298779
59,20.4898520077,19.5494070886
60,20.4898556603,19.5433482627
61,20.4898604994,19.5370541187
62,20.4898630054,19.5314631635
63,20.4898636095,19.527615051
64,20.4898648313,19.5246833837
65,20.4898658731,19.5219592634
66,20.4898667123,19.5192447202
67,20.4898673654,19.516601169
68,20.4706106238,19.5148588248
69,20.4699010399,19.5142512766
70,20.469845052,19.5144632242
71,20.4698448602,19.5152021602
72,20.4698414401,19.516276298
73,20.4698375319,19.5176213667
74,20.4698371164,19.5186940312
75,20.4698383167,19.5192121144
76,20.4698397226,19.5192506235
77,20.4698416672,19.5189814031
78,20.46984379,19.518518865
79,20.4698461572,19.5179100693
80,20.8915548204,19.5177580279
81,20.8804765254,19.5174149947
82,20.8798903734,19.5170338584
83,20.8797814883,19.5169864616
84,20.8797797514,19.5170465974
85,20.8797804606,19.5171349352
86,20.8797785693,19.517519449
87,20.8797763171,19.5183178147
88,20.8797743268,19.5194500432
89,20.8797726029,19.5208070644
90,20.8797711192,19.5223083532
91,20.8797698506,19.5239201271
92,20.486692684,19.5239444756
93,20.3917222732,19.5238407778
94,20.3899614273,19.5234147329
95,20.3898590388,19.5225197233
96,20.3898759809,19.5212565633
97,20.3898806261,19.5197168648
98,20.3898855211,19.5177908568
99,20.3898566336,19.5154395256
100,20.3898608224,19.5127177655
101,20.38986715,19.5097185201
102,20.3898733221,19.5065254819
103,20.3898792139,19.5031633316
104,20.4759023567,19.499146953
105,20.4796659354,19.494179883
106,20.4798335837,19.4886858558
107,20.4799062854,19.4828400268
108,20.4799117393,19.4767862315
109,20.4799156045,19.4705732984
110,20.4799184382,19.4643513888
111,20.4798691899,19.4582055053
112,20.4798703631,19.4521240909
113,20.4797988002,19.4460495971
114,20.4798014968,19.4399369126
115,20.4798069886,19.4332517401
116,20.9389456194,19.4326573193
117,20.9197588588,19.4325618593
118,20.9200185194,19.4318432385
119,20.9198348245,19.4323344241
120,20.9198187028,19.4346843947
121,20.9198113078,19.4385956987
122,20.9198038258,19.4435142378
123,20.9197964682,19.4490508997
124,20.9197892145,19.4550290745
125,20.9197820315,19.4613920672
126,20.9197748888,19.4681157967
127,20.9198219704,19.4751825418
128,20.5214278413,19.4934829986
129,20.4201219497,19.5199909043
130,20.4210259032,19.5432557099
131,20.419915064,19.5606214025
132,20.419877363,19.5725621903
133,20.4198327103,19.5809647336
134,20.4198325223,19.5874680003
135,20.4198463166,19.5929210521
136,20.419847678,19.5976160938
137,20.4198486937,19.6016304271
138,20.41984962,19.6050060732
139,20.4198505142,19.6078016179
140,20.0951274366,19.6186534674
141,19.9799939833,19.6377119895
142,19.9798369632,19.6564643658
143,19.9798806954,19.672173268
144,19.9798146772,19.6844138564
145,19.9798144874,19.6958040772
146,19.9798160081,19.706277537
147,19.9798173708,19.7156833644
148,19.979818404,19.7257749351
149,19.9798191752,19.7355980208
150,19.9798197272,19.744525928
151,19.9798200933,19.7526179616
152,20.1039822307,19.765283398
153,20.1096755031,19.7801880868
154,20.1098391212,19.7918489096
155,20.1098135926,19.8016655399
156,20.1098076756,19.8099100649
157,20.1098584253,19.8168651946
158,20.1098586298,19.8228917552
159,20.1098571595,19.8282857671
160,20.1098558374,19.8346954137
161,20.1098547299,19.8409959027
162,20.1098538084,19.8464319278
163,20.1098530582,19.8509954559
164,20.2054487293,19.8495783279
165,20.209706356,19.845794835
166,20.2098211082,19.8435413551
167,20.2098516211,19.8432181105
168,20.2098516322,19.8438466235
169,20.2098515752,19.8446037446
170,20.2098516299,19.8451786965
171,20.2098517883,19.8455679211
172,20.2098520303,19.8458420524
173,20.2098523443,19.8460456051
174,20.2098527207,19.8461895477
175,20.2098531516,19.8462708331
176,20.408699268,19.8372959124
177,20.4193799356,19.8248931082
178,20.4197262814,19.8154418175
179,20.4197723676,19.8098371991
180,20.4197724596,19.8067693361
181,20.4197728957,19.8048757762
182,20.4197733136,19.8034837452
183,20.4197736505,19.8024211221
184,20.4197738987,19.8016894088
185,20.4197740586,19.8012925063
186,20.4197741359,19.8012112432
187,20.419774111,19.8014181218
188,20.801277472,19.7878626248
189,20.7998228604,19.7679758078
190,20.7998010244,19.7514145519
191,20.7997983793,19.7409840249
192,20.799801238,19.734871706
193,20.7998036842,19.7309290605
194,20.799805862,19.7279682374
195,20.7998077624,19.7256477296
196,20.7998092193,19.7239500936
197,20.7998110738,19.7228933825
198,20.7997676082,19.7224433043
199,20.7997693917,19.7225407103
200,20.4282194839,19.7160336105
201,20.3826272442,19.7038904011
202,20.3798876014,19.6920791884
203,20.3798811299,19.6818500283
204,20.3798962548,19.6727071482
205,20.3798922335,19.6639078967
206,20.3798984257,19.6551297725
207,20.3799037557,19.6463646223
208,20.3799082292,19.6376894519
209,20.3799119806,19.6291541086
210,20.3799151477,19.6207714502
211,20.3799178564,19.6125304304
212,20.10993063,19.6025670553
213,20.1002446148,19.5925633655
214,20.1002969948,19.5836182847
215,20.0998581749,19.5759316294
216,20.0998542332,19.5690351538
217,20.0998632815,19.5625193933
218,20.0998716652,19.5562074854
219,20.0998672058,19.5500738727
220,20.0998741489,19.5441336493
221,20.0998803054,19.5383949218
222,20.0998856636,19.532846164
223,20.0998902956,19.5274960112
224,19.9849966618,19.5218600416
225,19.980441864,19.5147781103
226,19.9798607647,19.5079531381
227,19.9798553969,19.5023943827
228,19.9798661916,19.4979527212
229,19.9798579396,19.4941870029
230,19.9798612019,19.4907881709
231,19.9798638416,19.4876567921
232,19.979866191,19.4847625707
233,19.9798680307,19.4820932046
234,19.9798696073,19.4812111249
235,19.9798707733,19.4808154728
236,19.7091426397,19.4779290706
237,19.7003382232,19.4751267179
238,19.6998481098,19.472363778
239,19.6997475132,19.4693703404
240,19.6998430701,19.4660408474
241,19.6998078611,19.4624575493
242,19.6998155213,19.4587500379
243,19.6998269674,19.4550085761
244,19.6997773617,19.4512743324
245,19.6997823067,19.4475605032
246,19.6997913246,19.4438710503
247,19.6997956481,19.4402088182
248,19.8624387815,19.4396118008
249,19.8693531523,19.4423876929
250,19.8699676207,19.44770373
251,19.8698729652,19.4543808235
252,19.8698544977,19.4617931825
253,19.8698483348,19.4697150488
254,19.8698407452,19.4780931239
255,19.8698458458,19.48691463
256,19.8698384411,19.4961588571
257,19.8698315011,19.5058074963
258,19.8698214017,19.5158702479
259,19.8698035335,19.5266342392
260,19.8314894402,19.5371123223
261,19.8298726764,19.5461727342
262,19.8298154849,19.5517574629
263,19.8298288101,19.5540678285
264,19.8298292679,19.5542924714
265,19.8298242069,19.5534338216
266,19.8298253753,19.5519839409
267,19.8298266101,19.5500908642
268,19.8298278293,19.5477755882
269,19.8298290276,19.5450649258
270,19.8298302043,19.5420046137
271,19.8297795253,19.5386336262
272,19.5766188245,19.5076791531
273,19.5107231471,19.5096715044
274,19.5098764359,19.5094106813
275,19.5098613205,19.50998734
276,19.5098742245,19.5098264756
277,19.5098724742,19.5099855305
278,19.5098699164,19.5099658191
279,19.5098687218,19.509526609
280,19.5098656653,19.5104273787
281,19.5098621011,19.5093834024
282,19.5098577671,19.5100792771
283,19.5098491932,19.5101648998
284,19.6970542866,19.5525534747
285,19.6998866268,19.6107233521
286,19.6998759445,19.6473720097
287,19.699875709,19.6627841437
288,19.6998529705,19.6687249003
289,19.6998441799,19.6725351721
290,19.6998694421,19.6765560728
291,19.6998627585,19.6804019804
292,19.6998840865,19.6837900823
293,19.6998767684,19.686690701
294,19.6998656319,19.6895367027
295,19.6998932917,19.6921427738
296,20.043076469,19.6894578106
297,20.0498817855,19.686795076
298,20.0497538201,19.6867127158
299,20.0498825577,19.6888946467
300,20.0498785273,19.6922365508
301,20.0498673293,19.6960230475
302,20.0498567654,19.7000502233
303,20.0498454744,19.7043171297
304,20.0498334145,19.7088304947
305,20.0498205202,19.713566144
306,20.0498090653,19.718083655
307,20.0497946592,19.7226591353
308,20.5004747689,19.7271676605
309,20.4898583822,19.7358904676
310,20.489816302,19.7478584445
311,20.4901271391,19.7609760525
312,20.4898480204,19.7741460206
313,20.4899242535,19.7873316812
314,20.4899179072,19.8006631476
315,20.489908673,19.8142303348
316,20.4898961086,19.8280206481
317,20.4898799291,19.8420991827
318,20.4898602072,19.8565037179
319,20.4898276913,19.8714960564
320,20.2039810812,19.8684015586
321,20.0999916545,19.8647102608
322,20.0998878828,19.8644644568
323,20.099836214,19.8659402981
324,20.0998654422,19.8673860811
325,20.0998660883,19.8682594131
326,20.0998661663,19.8686393863
327,20.0998657271,19.8687721545
328,20.0998668689,19.8684870774
329,20.0998657822,19.8681009277
330,20.0998623536,19.8681986554
331,20.0998601354,19.8685154296
332,19.9243311547,19.8711092113
333,19.9200822099,19.8758339383
334,19.919896812,19.8822167578
335,19.9198753227,19.8899445669
336,19.9198933914,19.8983106474
337,19.9199088665,19.9069391577
338,19.9199020361,19.9156839984
339,19.9198936008,19.9188566115
340,19.9198839134,19.9191049045
341,19.9199000087,19.9192037827
342,19.9199153539,19.9199086291
343,19.9199017825,19.9194713033
344,20.0254288934,19.9334859047
345,20.0297634565,19.9495740417
346,20.0298799894,19.9596183203
347,20.0299075566,19.9635458818
348,20.0299056041,19.9642329116
349,20.029903317,19.963923379
350,20.0298967484,19.9639311199
351,20.029890268,19.9641218946
352,20.0299075915,19.9646635514
353,20.0298998936,19.9656185316
354,20.0298874369,19.9674275707
355,20.0299207413,19.9696929878
356,19.9184918285,19.6503886699
357,19.7784728151,19.5293155964
358,19.6793597929,19.5295826218
359,19.5306862104,19.530014087
360,19.5299964416,19.5294168617
361,19.5299825625,19.5297959244
362,19.5299787757,19.5296227488
363,19.5299785413,19.5294336009
364,19.5299822639,19.5297881321
365,19.5299796655,19.5298363443
366,19.5299799745,19.5294800771
367,19.5299783512,19.5290673369
368,19.9047746732,19.6393043128
369,19.9080241059,19.7712264989
370,19.9004939239,19.856385321
371,19.8613391077,19.8590277299
372,19.8599874866,19.8594532821
373,19.8599617815,19.8593786104
374,19.8599658956,19.8588360034
375,19.8599637897,19.8591823357
376,19.8599494888,19.8586259701
377,19.8599664607,19.8598735402
378,19.8599529781,19.8598410961
379,19.8599598334,19.8592321877
380,19.8370754603,19.6816109431
381,19.6820709376,19.6792155302
382,19.6804550697,19.6789776396
383,19.6799862365,19.6790251576
384,19.6799583309,19.6787729821
385,19.6799936102,19.6793801441
386,19.6799472326,19.6795690914
387,19.679951777,19.6790966281
388,19.6799494143,19.6792370007
389,19.6799447015,19.6794052824
390,19.6799521902,19.6793079203
391,19.6799380723,19.6790640141
392,19.6280909712,19.5017182448
393,19.5021013161,19.499410201
394,19.5002310795,19.499602479
395,19.499977129,19.4996248981
396,19.499953208,19.4988904141
397,19.4999605074,19.4989659333
398,19.4999505794,19.4995476101
399,19.4999557493,19.4993532254
400,19.4999597468,19.4993372682
401,19.4999475078,19.4990760907
402,19.4999347454,19.4994419257
403,19.4999384618,19.4996822138
404,19.4745376966,19.2414502671
405,19.4401281352,19.05189283
406,19.3973221168,19.0494152238
407,19.3543178239,19.0498596919
408,19.317196193,19.0498058732
409,19.2856155273,19.0496383541
410,19.258361075,19.0497678011
411,19.2340539218,19.0499234153
412,19.211591689,19.0500365973
413,19.1903027992,19.0498466587
414,19.0502840274,19.0495489911
415,19.0499878589,19.0499700325
416,19.5930592919,19.255588697
417,19.747904,19.5052418639
418,19.6827633369,19.5096066123
419,19.513018149,19.5093435469
420,19.5106531733,19.5098765529
421,19.5099899161,19.5097339093
422,19.5099653298,19.5093739947
423,19.5099639367,19.5097774101
424,19.5099672978,19.5096963456
425,19.509972159,19.509460394
426,19.5099727824,19.5101218137
427,19.5099708533,19.5095748833
428,19.5489371913,19.5493825016
429,19.5682875882,19.5502595126
430,19.550025077,19.5498280052
431,19.5499791438,19.5501230684
432,19.5499859466,19.550275359
433,19.5499804404,19.5496219306
434,19.5499782882,19.5501100217
435,19.5499802306,19.5500866192
436,19.5499792291,19.5497634985
437,19.5499802471,19.5503907231
438,19.5499799289,19.5500589972
439,19.5499801615,19.5501171127
440,19.8285230411,19.7125337839
441,19.9491423578,19.838141784
442,19.9454213188,19.8397957812
443,19.9039646855,19.8402773722
444,19.8403609426,19.8403671044
445,19.8399906035,19.8403566746
446,19.8399785043,19.8398468371
447,19.8399782854,19.8403438556
448,19.9025459157,19.8400560477
449,19.9194409648,19.8400158052
450,19.9366232288,19.8396430431
451,19.9540883053,19.840393913
452,19.9740069193,19.6003187559
453,19.9911777599,19.5608253954
454,20.0038008047,19.5599159089
455,20.0125983594,19.5597458696
456,20.0189329279,19.5597131958
457,20.0238497816,19.5599531966
458,20.0279197683,19.5602075366
459,20.0314032495,19.5599528072
460,20.0344214734,19.5597553547
461,20.0370483903,19.5601055135
462,20.0393416535,19.5600334837
463,20.0413479183,19.5603503616
464,19.9857167828,19.6387062916
465,19.905018049,19.6396788659
466,19.8333469664,19.6393334382
467,19.7828813086,19.6393019724
468,19.7502197513,19.639490812
469,19.6401559362,19.6399277273
470,19.6399826003,19.6393463449
471,19.6400262027,19.6397904071
472,19.6399822659,19.6397437695
473,19.6399802763,19.6396382083
474,19.6399843061,19.6398528713
475,19.6399776868,19.6393485246
476,19.7843544155,19.786344791
477,19.7898486974,19.7895493619
478,19.7899150313,19.7900923838
479,19.7899361993,19.7893888636
480,19.7899258723,19.7898292466
481,19.7899185049,19.789758584
482,19.7899234106,19.7894498192
483,19.7899279181,19.7892872212
484,19.7899318248,19.7893340261
485,19.78993521,19.7894974618
486,19.7899381625,19.7897010221
487,19.7899100408,19.7899230774
488,19.878852127,19.8641155356
489,19.8799304573,19.8797167364
490,19.8798883708,19.879927362
491,19.8799154799,19.8798002098
492,19.8798964527,19.8795891316
493,19.8798995738,19.8795237737
494,19.8798780104,19.879567306
495,19.8798810122,19.8796157162
496,19.8798844365,19.8796171109
497,19.8798876543,19.8795705821
498,19.8798906253,19.8794906762
499,19.8798933831,19.8802659062
500,19.8702189027,19.8704610311
501,19.8698906464,19.8697672424
502,19.8698931211,19.8697430082
503,19.8698948072,19.8702268635
504,19.8698941049,19.8692335146
505,19.8698930231,19.8702338985
506,19.8698917202,19.869491142
507,19.8698902222,19.8695530737
508,19.8698885372,19.869662458
509,19.8698866725,19.8692698388
510,19.8698846347,19.8693655356
511,19.8698824284,19.8701805989
512,20.3353751797,19.9502078842
513,20.3115447328,20.046378385
514,20.3099594031,20.1159273443
515,20.3098436707,20.1541240544
516,20.3098369825,20.1744483637
517,20.3098770925,20.1888413686
518,20.309873984,20.202510874
519,20.3098694761,20.216292311
520,20.3098650642,20.2297175407
521,20.3099066677,20.2424654269
522,20.3099054486,20.254558784
523,20.3099027581,20.2661566868
524,20.1740423385,20.1712902097
525,20.1700098715,20.1616730265
526,20.1699041771,20.1695629246
527,20.1698689963,20.1701309456
528,20.169836893,20.1695570642
529,20.1698403721,20.1698924136
530,20.1698433944,20.1691830476
531,20.1698462114,20.1702251694
532,20.1698489176,20.1701808881
533,20.1698515455,20.1698224899
534,20.1698541074,20.1698413693
535,20.1698566118,20.1702309951
536,20.4354516268,20.210467002
537,20.4493947016,20.258552774
538,20.4498420645,20.2930990212
539,20.4498031823,20.3130162902
540,20.4497915201,20.3250651897
541,20.4497848412,20.334739043
542,20.4497767172,20.3442542741
543,20.4498214862,20.3538656194
544,20.4498190664,20.3633126668
545,20.4498150159,20.3724465322
546,20.449811022,20.3812846801
547,20.4498071825,20.3899025662
548,20.4785703839,20.4038298358
549,20.4798210567,20.4199401288
550,20.4798477229,20.4348835624
551,20.4798383665,20.447936679
552,20.4798790355,20.4597242933
553,20.4798775762,20.4709032269
554,20.479874718,20.4799232205
555,20.4798718857,20.4805563846
556,20.4798691675,20.4804247507
557,20.4798665974,20.4799147862
558,20.4799095421,20.4800004997
559,20.4799095033,20.4806499804
560,20.4402839474,20.4401873327
561,20.4399417793,20.4399586479
562,20.4398768293,20.4393025689
563,20.4398822272,20.4405451613
564,20.4398795049,20.43967645
565,20.4398772694,20.4399096253
566,20.4398756676,20.439799561
567,20.4398746714,20.4393435285
568,20.4398742168,20.4395949697
569,20.4398742462,20.4405871224
570,20.4398747223,20.4401468177
571,20.4398755689,20.439669982
572,20.4992742315,20.4871120835
573,20.4999351796,20.4998744647
574,20.4999146208,20.5005410492
575,20.4999158677,20.5003461304
576,20.4999185302,20.4997072025
577,20.4999357035,20.4996585297
578,20.4999290575,20.4999757629
579,20.4999349255,20.5002404623
580,20.4999298781,20.5002553582
581,20.499934825,20.500016803
582,20.4999427871,20.4995461732
583,20.4999366228,20.4997556046
584,21.0396453828,20.5641652946
585,21.0018092049,20.6409583367
586,21.0000004058,20.6962948363
587,20.999817327,20.7266332782
588,20.999809447,20.7426863102
589,20.9998029872,20.7538932287
590,20.9997947514,20.764462972
591,20.9998837349,20.7747575456
592,20.999882538,20.7846393363
593,20.9998777689,20.794039164
594,20.9999161066,20.803332373
595,20.9999139781,20.8123424871
596,20.7504592512,20.5592101515
597,20.5039740873,20.500858098
598,20.4999972002,20.5004774439
599,20.4999270724,20.4999684284
600,20.4999169831,20.4999307349
601,20.4999169794,20.499985539
602,20.4999155038,20.5001032497
603,20.4999133056,20.5004576651
604,20.4999105386,20.5002579126
605,20.4999072344,20.5004211904
606,20.4999034023,20.5004481076
607,20.4998991387,20.5001690775
608,20.3253209074,20.2322875876
609,20.2040283052,20.2010884624
610,20.2000584507,20.2001139373
611,20.1999247771,20.2002629731
612,20.1999151144,20.2000874426
613,20.1998988167,20.2008405626
614,20.1998858921,20.1999846382
615,20.1998905707,20.2001769972
616,20.1998954668,20.2005548797
617,20.1998996664,20.2005781079
618,20.1999035815,20.2003883911
619,20.1999069717,20.2003066181
620,20.4746713719,20.3289349943
621,20.4895232631,20.4818955257
622,20.489838771,20.4899987516
623,20.4898559227,20.4908351442
624,20.4898519983,20.4908857348
625,20.4898515597,20.4911718459
626,20.4898519561,20.4909841221
627,20.489858319,20.4908122042
628,20.4898599556,20.4907721513
629,20.4898613449,20.4906826384
630,20.489862822,20.490379473
631,20.4898643976,20.4906894463
632,20.2973068103,20.2486870121
633,20.1711788726,20.1705814822
634,20.1699237203,20.170289207
635,20.169920145,20.1706085351
636,20.1699106213,20.170212685
637,20.1699098916,20.1704396462
638,20.1699108659,20.1707876065
639,20.1699120776,20.1705012481
640,20.1699134323,20.1706894064
641,20.1699148063,20.1707883114
642,20.1699161259,20.1705640664
643,20.1699175258,20.1701825563
644,20.0194234485,19.9440155333
645,19.7840308703,19.7823338173
646,19.7807767044,19.7802951749
647,19.7799820304,19.7800454318
648,19.7799503962,19.7800005308
649,19.7799219182,19.7802678605
650,19.7799255641,19.7804303383
651,19.7799363515,19.7803305198
652,19.7799454392,19.7806140473
653,19.7799301391,19.7799484538
654,19.7799037243,19.7804140849
655,19.7799136185,19.7804631311
656,19.6525535194,19.6516287754
657,19.6501189404,19.6499841615
658,19.6499433108,19.6500201418
659,19.6499434892,19.6504468588
660,19.6499259298,19.6505785244
661,19.6499144318,19.6504860028
662,19.6499026505,19.650419477
663,19.6499106455,19.649958998
664,19.6499065324,19.6502736405
665,19.6499139948,19.6500746225
666,19.6499025451,19.6499678889
667,19.6499094114,19.6504860398
668,19.6402375866,19.6402804841
669,19.6399080564,19.6400881654
670,19.6398948378,19.6400011968
671,19.6399056392,19.6402883641
672,19.6398814544,19.6401703232
673,19.639889572,19.6402674498
674,19.6398737342,19.6403116804
675,19.6398555776,19.6401581539
676,19.6398651524,19.6404166762
677,19.6398745384,19.6400994746
678,19.6398829927,19.6400663928
679,19.6398917572,19.640126833
680,19.4633838445,19.4508298009
681,19.233250696,19.231762479
682,19.2300849875,19.2299393012
683,19.2299482293,19.2298680749
684,19.229900112,19.2301371369
685,19.2299129235,19.2301104373
686,19.2299230254,19.2299924921
687,19.2298983673,19.2302623796
688,19.2299070283,19.2299905802
689,19.2299142909,19.2299043648
690,19.2299209109,19.2296539575
691,19.2299029201,19.2299162483
692,19.5891011873,19.463363563
693,19.5611677198,19.5601360236
694,19.5602655001,19.5595604169
695,19.5599366592,19.5595546492
696,19.5598921357,19.5602375254
697,19.5598594222,19.5595667838
698,19.5598627403,19.5602631387
699,19.5598670223,19.5598660059
700,19.5598711808,19.5595518415
701,19.5598751319,19.5599631503
702,19.5598473495,19.5598434503
703,19.5598507215,19.5598381108
704,19.9657173795,19.7307722326
705,19.9511028005,19.9464463754
706,19.9498796954,19.9496206689
707,19.9498906596,19.9496750374
708,19.9498846757,19.9494419004
709,19.9498769063,19.9496146177
710,19.9498692108,19.9494095556
711,19.9498619347,19.9501145307
712,19.9498550737,19.9497079583
713,19.9498486082,19.950319142
714,19.9498425159,19.9504174728
715,19.9498367722,19.9501400099
716,20.2922455568,20.0874617369
717,20.2904162805,20.2570198462
718,20.2898634778,20.289058341
719,20.2898280431,20.2902960607
720,20.2898748672,20.289838305
721,20.2898744832,20.2898216405
722,20.2898730856,20.2897628523
723,20.2898723896,20.2897118882
724,20.2898724299,20.2902655108
725,20.289873115,20.2893335126
726,20.2898743589,20.2899199639
727,20.2898760815,20.2899024655
728,20.134321897,20.1317453388
729,20.1300944932,20.1296984496
730,20.1298953015,20.1296560637
731,20.1299196198,20.1301237567
732,20.1299214507,20.129953005
733,20.1299221002,20.1302175511
734,20.1298903099,20.1294570529
735,20.129890348,20.1301825476
736,20.129891541,20.1302154595
737,20.129892961,20.1295847777
738,20.129857506,20.1297410759
739,20.1298582924,20.1300308959
740,20.1778700736,20.1793029896
741,20.1798432895,20.1801047113
742,20.179836258,20.1802055253
743,20.1798269331,20.1797253753
744,20.1798297129,20.1799850818
745,20.1798334809,20.1801930873
746,20.1798372116,20.1798938935
747,20.1798408499,20.1800865413
748,20.1798444052,20.1800904502
749,20.1798478822,20.1795825745
750,20.1798512826,20.179606715
751,20.1798546089,20.1794756343
752,19.8973855129,19.9095279573
753,19.7125672835,19.7107501889
754,19.7100076927,19.7092026997
755,19.7099121249,19.7100812253
756,19.7098278013,19.7096714405
757,19.7098406355,19.7100188118
758,19.7098544077,19.7096510761
759,19.7098666427,19.7092649537
760,19.7098780215,19.7095148915
761,19.7098883554,19.7094192292
762,19.709897508,19.7097957096
763,19.7099056676,19.7099762199
764,19.8991041532,19.8381544778
765,19.9093239824,19.9075952347
766,19.9097040226,19.909737303
767,19.9098379114,19.9095045525
768,19.9098470248,19.9091577935
769,19.9098517017,19.909705122
770,19.909777592,19.9091461299
771,19.9097791902,19.9088896147
772,19.9097144222,19.9087101472
773,19.9097167365,19.9092669421
774,19.9097211056,19.9087867824
775,19.9097252285,19.9096643126
776,19.6502168496,19.6779637462
777,19.6202967428,19.6201132438
778,19.6198481612,19.6193487977
779,19.6198829161,19.6195154749
780,19.6198986172,19.6192991995
781,19.6199077149,19.6199372325
782,19.6198492346,19.6199950136
783,19.6197800919,19.6191957137
784,19.6197245335,19.6199160663
785,19.6196603512,19.6188813403
786,19.6196770344,19.6190924783
787,19.6196956708,19.6197486877
788,19.7052596956,19.6881218888
789,19.7094702733,19.7084578736
790,19.7097697426,19.7093673203
791,19.7097653196,19.7096482862
792,19.709763743,19.709102739
793,19.7097629286,19.7094628578
794,19.7097621472,19.7092423604
795,19.7097612748,19.7096964712
796,19.7097603056,19.7094128361
797,19.7097592408,19.7097995706
798,19.7097580519,19.7095041496
799,19.7097567826,19.7099177282
800,19.8702410737,19.7613515165
801,19.8793146291,19.8218180658
802,19.8798599779,19.8638964073
803,19.8798685248,19.8794626011
804,19.8798671027,19.8788613703
805,19.8798661953,19.8801177722
806,19.8798654044,19.8795273006
807,19.8798646333,19.8795001585
808,19.8798638645,19.879306795
809,19.8798631086,19.880080082
810,19.8798623629,19.8801918453
811,19.8798616212,19.8791873373
812,19.7168746083,19.711695714
813,19.710240662,19.6960411149
814,19.7097690988,19.7093338101
815,19.7097902978,19.7096402259
816,19.7097972887,19.7090800899
817,19.7098021915,19.7099964604
818,19.7098065006,19.7097190778
819,19.709810478,19.7093643098
820,19.7098141786,19.7097146804
821,19.7098176398,19.7089765148
822,19.7098208915,19.7095187426
823,19.7098239582,19.7101578644
824,20.1879069308,19.749665489
825,20.1897327747,19.7944022782
826,20.1900365399,19.8227165633
827,20.1897845505,19.8331459572
828,20.1897760605,19.8330889912
829,20.1897736668,19.829108243
830,20.1897846075,19.8241396018
831,20.1897953031,19.8187476758
832,20.1898055985,19.8127495642
833,20.1898154521,19.8060011972
834,20.1898034113,19.7985323679
835,20.189814428,19.7904394072
836,20.1037836954,19.7831571325
837,20.099978356,19.7772141887
838,20.0997806259,19.7719876834
839,20.0997783872,19.7670028144
840,20.0997883451,19.7619697874
841,20.09979703,19.7568057532
842,20.0998050417,19.7515211942
843,20.0998124937,19.7461394925
844,20.0998194662,19.7406721698
845,20.0998260149,19.7351235429
846,20.0998321856,19.7294891548
847,20.0998380167,19.7237740498
848,20.3336974711,19.7304810817
849,20.3299244783,19.7387617574
850,20.3298549411,19.7439986395
851,20.3298828281,19.7460190258
852,20.3298761648,19.7460257081
853,20.3298778172,19.7451177616
854,20.3298800275,19.7437913563
855,20.3298824992,19.7421383082
856,20.3298848075,19.7401344035
857,20.3298867315,19.7377682287
858,20.3298907327,19.7350616393
859,20.3298922354,19.7320398565
860,20.7475134929,19.728866487
861,20.7196882631,19.7222791658
862,20.720305387,19.7132311834
863,20.7199618056,19.7034059906
864,20.7198816856,19.6970655499
865,20.7198728525,19.6927140844
866,20.7198586197,19.6891408794
867,20.7198266566,19.6866322105
868,20.7198345053,19.6856054686
869,20.7198518234,19.6862864553
870,20.7198240772,19.6880852797
871,20.719822593,19.6904426883
872,20.2941909563,19.698010647
873,20.2204237989,19.7116059834
874,20.2198923449,19.7269969626
875,20.2198906122,19.7421029112
876,20.2198867077,19.7569756722
877,20.2198749631,19.7723196491
878,20.219859244,19.7882042649
879,20.2198317514,19.804630655
880,20.2198123518,19.8215661182
881,20.2197899216,19.8388891437
882,20.2198631685,19.8564817159
883,20.2198511443,19.8743147803
884,20.1529847784,19.8961479263
885,20.1500544264,19.9226683385
886,20.1498357492,19.9524796696
887,20.1498652188,19.9841389385
888,20.1498405904,20.0168124957
889,20.1498408272,20.0501972371
890,20.149830085,20.0837843082
891,20.1498101783,20.1173531407
892,20.1497884502,20.1491093728
893,20.1497580621,20.1495204802
894,20.1496930842,20.1508445221
895,20.1496639959,20.1506336018
896,19.9677124823,19.9622622438
897,19.9602498263,19.9596674104
898,19.9599346965,19.9603891586
899,19.9596695615,19.959771925
900,19.9597777308,19.9597666246
901,22.8015192089,19.9596644172
902,22.8786511874,19.959843007
903,22.9340383768,19.9604152569
904,23.0153745072,19.9603044176
905,23.0967706855,19.9602309207
906,23.1497391269,19.9606289218
907,23.1924880133,19.960430357
908,21.0117626481,20.0689845611
909,23.9641704448,20.2046797404
910,22.9767441329,20.3080962377
911,22.6821347752,20.3301367832
912,23.0039739848,20.3301717662
913,23.0236755912,20.3294124868
914,23.0742329798,20.3298002519
915,23.119102839,20.3306127991
916,23.1134881758,20.3299253241
917,23.1355691649,20.3301129455
918,23.1619289982,20.3299454465
919,23.1778075478,20.3295089314
920,24.03031535,20.1421650404
921,23.2027907059,20.1402240101
922,23.4673360232,20.1400636524
923,23.5430118776,20.1401016256
924,23.5164835328,20.1401221642
925,23.5234913,20.1403891598
926,23.5307343009,20.1398894234
927,23.5376891273,20.1394498247
928,23.5437852361,20.1395269795
929,23.5494612641,20.1400413358
930,23.5552496191,20.1397401936
931,23.5615106372,20.1403761846
932,23.1087344288,20.2186714177
933,23.7102402949,20.219995097
934,23.525422104,20.2205123208
935,23.573302332,20.2199746818
936,23.5849296474,20.2194420917
937,23.5966135532,20.2202681895
938,23.6027150906,20.2196497242
939,23.6023845914,20.2196902865
940,23.6062195041,20.2201490731
941,23.6117241823,20.2204544618
942,23.6184905541,20.220394069
943,23.465683901,20.2200221261
944,22.4242434232,20.3353649865
945,24.0229545584,20.4756176339
946,23.1842700817,20.4897615364
947,23.3128437061,20.4903875878
948,23.3061929988,20.4893810296
949,23.2912042765,20.4895564777
950,23.2794052999,20.4902849451
951,23.2672488378,20.4897746663
952,23.2538347211,20.4894650978
953,23.2400713433,20.489895322
954,23.2263348715,20.4898151219
955,23.2125360783,20.4896726887
956,24.1960920773,20.2229615485
957,23.2961281364,20.2201752898
958,23.2335878191,20.2201673658
959,23.3944885709,20.2194378442
960,23.2922585165,20.2196060955
961,23.2649827957,20.2197507222
962,23.2334370488,20.2198297328
963,23.1997483592,20.219968197
964,23.1637888784,20.2203029774
965,23.1253191876,20.2198203653
966,23.0835543907,20.2203553415
967,23.0376034142,20.2203174391
968,22.9189117224,20.2297430345
969,22.9283834964,20.2294675239
970,22.8179568913,20.2297834124
971,22.7471298511,20.229733026
972,22.6620666661,20.2297353191
973,22.5567823065,20.2295381464
974,22.4495164198,20.230160997
975,22.332473893,20.229637857
976,22.2013166348,20.2303364881
977,21.9905152585,20.2299682001
978,21.7762599854,20.2302104906
979,21.4959622607,20.2297317645
980,21.5969136449,20.249858047
981,21.7406404279,20.2503266259
982,20.2499392167,20.2502172222
983,20.2501630053,20.2498154197
984,20.2499502885,20.2500555477
985,20.2499029251,20.2493413228
986,20.2498938712,20.2493661166
987,20.2499027313,20.2499481337
988,20.2499051509,20.2498615119
989,20.2499111905,20.2500469149
990,20.249916202,20.2501446711
991,20.2498889587,20.2501135816
992,20.3653059152,20.3664592534
993,20.3697525145,20.3697468048
994,20.3698395605,20.3693007932
995,20.3699320939,20.3696265154
996,20.3699149958,20.3699092247
997,20.3699005131,20.3700384708
998,20.3698984093,20.3699658964
999,20.3699115757,20.369627471
1000,20.3699131936,20.3699487674
1001,20.3699122089,20.3700042929
1002,20.3699139911,20.3693303012
1003,20.3699119039,20.3699720934
1004,20.302415029,20.3005803846
1005,20.2999455563,20.2994853692
1006,20.2998932476,20.299822988
1007,20.2998953557,20.2996444404
1008,20.2999004749,20.3000235545
1009,20.2998377996,20.2994049403
1010,20.299834629,20.2993833321
1011,20.2998173903,20.2995334561
1012,20.2998267348,20.29940748
1013,20.2998363091,20.2999522241
1014,20.2998450274,20.2993132974
1015,20.2998411392,20.3000603042
1016,20.4833502092,20.4325143783
1017,20.4895086143,20.4893206024
1018,20.4898457146,20.4898029236
1019,20.4898649848,20.4903100819
1020,20.4898564227,20.4895541424
1021,20.4898485785,20.4901052973
1022,20.4898405478,20.4896505558
1023,20.489832213,20.4900288734
1024,20.4898869264,20.4899324862
1025,20.4898833066,20.4896474458
1026,20.4898770163,20.4894182516
1027,20.4898748301,20.4892098926
1028,20.4417105769,20.4406401355
1029,20.4399130262,20.439611028
1030,20.4398821723,20.4396086787
1031,20.4398577249,20.4393135512
1032,20.4398561428,20.4397785986
1033,20.4398546832,20.439376317
1034,20.439853247,20.4395904486
1035,20.4398517875,20.4400036766
1036,20.4398503117,20.4392225806
1037,20.439848818,20.4400817659
1038,20.4398473042,20.4393871356
1039,20.439845767,20.4399715809
1040,23.8033083095,20.1873474989
1041,20.1610667031,20.1602074984
1042,20.159920868,20.1598229804
1043,20.1598664326,20.1597047241
1044,20.1598614447,20.1597132617
1045,20.1598663602,20.1600025717
1046,20.1598706386,20.1596697078
1047,20.15987417,20.1597640661
1048,20.1598770672,20.1597468298
1049,20.1598794062,20.1594355565
1050,20.1598813791,20.1595526355
1051,20.1598831835,20.159318626
1052,23.4358775348,19.9158058085
1053,19.8610882795,19.8608235928
1054,19.8598874346,19.8596528901
1055,19.8598236113,19.8595737485
1056,19.8598136158,19.8596261244
1057,19.8598282377,19.8598217639
1058,19.8598408981,19.8599505857
1059,19.8598517753,19.859635633
1060,19.8598304681,19.859616507
1061,19.8598394378,19.8597418337
1062,19.8598483012,19.8594243839
1063,19.8598561359,19.8597916279
1064,19.9190630312,19.9194897308
1065,19.9199025175,19.9196747824
1066,19.9198354025,19.9195864445
1067,19.9198230245,19.9198841384
1068,19.9198273208,19.9199010409
1069,19.919832188,19.9194241564
1070,19.919792611,19.9196591672
1071,19.9197956954,19.91987266
1072,19.9197995635,19.9196880118
1073,19.9198032061,19.919229928
1074,19.9198061788,19.9197027185
1075,19.9198084732,19.9192780177
1076,20.2163213093,20.0290104175
1077,20.2291389244,20.1584001066
1078,20.2302693426,20.2278564522
1079,20.2299158192,20.2299041996
1080,20.2299046105,20.2288385395
1081,20.2299106634,20.2301339139
1082,20.2299132212,20.2293903704
1083,20.229915573,20.2299997118
1084,20.2298526752,20.2296257271
1085,20.2298545453,20.2289829569
1086,20.2298583546,20.23021304
1087,20.2298622335,20.2298658622
1088,20.3636194054,20.2337548335
1089,20.3695916125,20.2394722715
1090,20.3698274559,20.243953674
1091,20.3698013827,20.2494699314
1092,20.3697979099,20.2557271066
1093,20.3697968771,20.2621211706
1094,20.3697959933,20.268430235
1095,20.3698540916,20.2746992372
1096,20.3698565665,20.2810293897
1097,20.3698562836,20.2874806677
1098,20.3698557521,20.2940640875
1099,20.3698551079,20.3007710322
1100,20.493915979,20.3044222694
1101,20.4996183678,20.3041437883
1102,20.4997556212,20.3013935697
1103,20.499871669,20.2973601946
1104,20.4998768034,20.2927511516
1105,20.499878674,20.2877911141
1106,20.499880434,20.2825022863
1107,20.4998218433,20.2768755972
1108,20.4998214039,20.2709282009
1109,20.4998237624,20.264689698
1110,20.4998264402,20.2581856119
1111,20.4998291449,20.2514385943
1112,20.2693958066,20.2461562357
1113,20.2610878626,20.2428366188
1114,20.2598525741,20.2405490296
1115,20.2598809875,20.2388264075
1116,20.2598446662,20.2372562656
1117,20.2598477419,20.2357067633
1118,20.2598509325,20.2341813361
1119,20.2598539035,20.2327096804
1120,20.2598565487,20.231304094
1121,20.259858868,20.2299657529
1122,20.2598605459,20.2286865042
1123,20.2598633649,20.2274632561
1124,20.1540366238,20.1512333384
1125,20.1500718838,20.1369241214
1126,20.1498530534,20.1499453673
1127,20.1498712808,20.1493196062
1128,20.1498752768,20.1496418103
1129,20.1498780262,20.1502560374
1130,20.1498804245,20.149363216
1131,20.1498826022,20.1495746805
1132,20.1498845853,20.1499578884
1133,20.1498381633,20.149048017
1134,20.1498394226,20.1503435662
1135,20.1498432174,20.149378701
1136,20.130132245,20.1299438544
1137,20.1299163236,20.1299533975
1138,20.1298309863,20.130015634
1139,20.1298363942,20.1294283538
1140,20.1298392944,20.1302545202
1141,20.1298425483,20.1293539484
1142,20.1298460265,20.1294661367
1143,20.1298496907,20.1297996771
1144,20.129853479,20.1296901572
1145,20.1298573556,20.1291580629
1146,20.129861287,20.1301441091
1147,20.1298652404,20.1293371641
1148,20.405435038,20.1656164469
1149,20.4191612827,20.2101142711
1150,20.4197989046,20.2412203025
1151,20.4198193213,20.2565841955
1152,20.4198836557,20.2663881838
1153,20.4198758181,20.2744895471
1154,20.4198856835,20.282919198
1155,20.4198528114,20.2927573896
1156,20.4198792827,20.3043653079
1157,20.4199082506,20.3179706458
1158,20.419916393,20.3334857691
1159,20.4199196517,20.3503639431
1160,20.1553501852,20.118259252
1161,20.1098858245,20.088232953
1162,20.1098123739,20.109159132
1163,20.1098540615,20.1097522763
1164,20.1098364348,20.1102256601
1165,20.1098962098,20.1099157988
1166,20.109805478,20.1094490035
1167,20.1099618149,20.1100911325
1168,20.1099571201,20.109962045
1169,20.1099444266,20.109853861
1170,23.4577226199,20.1093550947
1171,23.6362756731,20.110079952
1172,23.7783432769,19.871065435
1173,23.1467733346,19.8504097419
1174,23.5900775754,19.8499317557
1175,23.5892946617,19.8499763571
1176,23.6140373469,19.8499842202
1177,23.6391570243,19.8496810444
1178,23.6583967,19.8496467899
1179,23.6751241753,19.8496134274
1180,23.6896243299,19.8501550172
1181,23.7022284365,19.8499598024
1182,23.7136751575,19.849748277
1183,23.7524853198,19.8496115715
1184,23.6789956191,19.741073992
1185,23.6179138301,19.7396561505
1186,23.6499513828,19.7396891079
1187,23.6496439965,19.7399463412
1188,23.6542883929,19.7397670204
1189,23.6589106501,19.7399532149
1190,23.6631944336,19.7400457313
1191,23.6672163015,19.7397703323
1192,23.671571456,19.7401004475
1193,23.6753050833,19.7398951039
1194,23.678829885,19.7399770414
1195,23.6823976927,19.740074143
1196,23.5614904536,19.6262616303
1197,23.5051465427,19.5407606743
1198,23.5066926041,19.5396610888
1199,23.5167223092,19.5399716899
1200,23.5149585608,19.5399723209
1201,23.5163990531,19.539835123
1202,23.5184634276,19.5399584172
1203,23.519474866,19.5400619085
1204,23.521604237,19.5398107168
1205,23.5242973362,19.5400371707
1206,23.527421832,19.5399243795
1207,23.5287444663,19.5401307656
1208,23.6355364692,19.7366995175
1209,23.7385853983,19.740015446
1210,23.7182058842,19.7400411217
1211,23.7033338868,19.7401882265
1212,23.7216827273,19.7398171339
1213,23.7277163286,19.7396984124
1214,23.7346136,19.7397301666
1215,23.7404700792,19.7399064913
1216,23.7400465166,19.7400177758
1217,23.7400268328,19.7397671531
1218,23.7400457879,19.7400459818
1219,23.7400951064,19.7397733628
1220,23.8399815334,19.926376753
1221,23.9297274188,19.9299004608
1222,23.9303641764,19.929793693
1223,23.9300242484,19.9299740701
1224,23.8714815394,19.9301685468
1225,23.8573414008,19.9301670551
1226,23.8619583806,19.9300490506
1227,23.8707945093,19.9301129464
1228,23.9004728674,19.9298341717
1229,23.9300909803,19.9296978254
1230,23.9300880988,19.9299310472
1231,23.9300835744,19.9300056496
1232,23.930068035,19.929982567
1233,23.9300503074,19.9299738293
1234,23.9300413112,19.9299079326
1235,23.930034808,19.9297541974
1236,23.9300290377,19.9296262782
1237,23.9300239881,19.9296669468
1238,23.9300261616,19.9297652177
1239,23.9300308189,19.9301175315
1240,23.9300367526,19.9300791209
1241,23.9300440659,19.9299298455
1242,23.9300528948,19.9297962356
1243,23.9300634282,19.9301654876
1244,23.9108907319,19.910450386
1245,23.9101242043,19.9101670821
1246,23.9100929966,19.9098225733
1247,23.9101157122,19.910106052
1248,23.9101620301,19.9099710256
1249,23.9102063854,19.9101236365
1250,23.9102502985,19.9099567641
1251,23.9100268109,19.9098170507
1252,23.9100238363,19.9099063807
1253,23.9100303793,19.9096064725
1254,23.9100391651,19.909904283
1255,23.9100503557,19.9099381302
1256,20.2005647481,20.0926341028
1257,24.0282605394,20.1977482111
1258,24.02709736,20.1995838576
1259,23.9292093639,20.1997798189
1260,23.9040600131,20.2000971651
1261,23.7495823612,20.1998637493
1262,23.5887912565,20.1996320867
1263,23.5293328684,20.1995150631
1264,23.4136048895,20.2002735406
1265,23.3769562077,20.199399996
1266,23.238131826,20.1995162719
1267,22.3575022546,20.1994030645
1268,20.364394721,20.3056902968
1269,20.3697583725,20.3680414654
1270,20.3699050463,20.3693020461
1271,20.3700632031,20.3697980909
1272,20.3699624829,20.3698783648
1273,20.3699124667,20.3702535737
1274,20.3699237739,20.3700271097
1275,20.369932824,20.3698565354
1276,20.3699401934,20.3700450157
1277,20.3699115555,20.3695815549
1278,20.3699178487,20.3701051323
1279,20.3699241641,20.3701783573
1280,23.8823004113,20.1083405492
1281,19.9138902282,19.9107773633
1282,23.4613809717,19.9097621255
1283,23.462589983,19.9101820647
1284,23.4748293365,19.909972374
1285,23.4325711255,19.9099300219
1286,23.4191492999,19.9097016133
1287,23.4067673941,19.9098022058
1288,23.3921183983,19.9101427614
1289,23.3691493995,19.9100575877
1290,23.3459969495,19.9095070939
1291,23.3122390983,19.9096416137
1292,20.176956717,20.1128058279
1293,23.8444759225,20.1890207718
1294,23.4171385472,20.1898278407
1295,23.2140451179,20.1897526331
1296,23.3360594657,20.1901130663
1297,23.3379077505,20.1893689367
1298,23.3384500213,20.1899760973
1299,23.3372119699,20.1893157395
1300,23.3342256023,20.189444891
1301,23.330615722,20.1900421052
1302,23.3250598956,20.1893919514
1303,23.2346365465,20.1897955356
1304,24.0080026718,20.0021465954
1305,23.3283108424,19.9999388966
1306,23.5855467008,19.9997504195
1307,23.5833720123,19.9996413012
1308,23.5586148875,19.9999655581
1309,23.5533430518,19.9999994947
1310,23.5485982102,19.9994427235
1311,23.5440216459,19.9996887314
1312,23.5394632414,19.9995775622
1313,23.5349596174,19.9997074733
1314,23.5304706365,19.9998422645
1315,23.5259897973,19.9998094729
1316,22.7542565435,20.1300730999
1317,23.3589758722,20.1596090783
1318,23.3163012384,20.1590551766
1319,23.3997862478,20.1595574829
1320,23.4497220338,20.1595106706
1321,23.4664627216,20.1594792851
1322,23.4827799919,20.1598533663
1323,23.4987209758,20.1595559954
1324,23.5143692993,20.1593613695
1325,23.529721936,20.1596660217
1326,23.5451423732,20.159344989
1327,23.560266821,20.1591385846
1328,23.6498270131,19.9222221746
1329,19.6939570376,19.6911774785
1330,23.2396732127,19.6888142758
1331,23.2734582591,19.6895012097
1332,23.203630928,19.6893831085
1333,23.1530365697,19.6897847579
1334,23.0470030909,19.6899517332
1335,22.9543906828,19.6893645066
1336,22.9076071862,19.6897540076
1337,22.8383864428,19.6895570605
1338,22.7754913177,19.6893605629
1339,22.7125118178,19.6896766822
1340,22.2850252614,19.6599501279
1341,21.2378808732,19.6593304361
1342,21.4894149601,19.6594183853
1343,21.0961220287,19.6591928985
1344,20.6510649659,19.6596174935
1345,19.6598351843,19.6599894843
1346,19.6598325912,19.6594729296
1347,19.6598422133,19.6593663467
1348,19.6598508683,19.6597020031
1349,19.6598590703,19.6597186739
1350,19.6598659654,19.6592896304
1351,19.6598719125,19.6592517581
1352,19.5806519293,19.5801277132
1353,19.5799194837,19.5798049602
1354,19.5798673596,19.5797807656
1355,19.5798427772,19.5794706201
1356,19.579801856,19.5796124485
1357,19.5798118688,19.5793857328
1358,19.5798225845,19.5797026429
1359,19.5798344006,19.5797986225
1360,19.5798448876,19.5799590545
1361,19.5798269709,19.5793404155
1362,19.5798358965,19.5795443834
1363,19.5798449531,19.5799642591
1364,19.996815116,19.735156887
1365,20.0001477521,19.9224890814
1366,19.9997870883,19.9979001197
1367,19.9998353167,19.9992997373
1368,19.9998417866,19.9989866411
1369,19.9998478611,19.9992926424
1370,19.9998537855,19.9996775969
1371,19.9999383208,19.9993940847
1372,19.9998975525,20.0000285366
1373,19.9998995077,19.9999729434
1374,19.99985406,19.9994782164
1375,19.9998596077,19.9988631454
1376,20.4290329964,20.0365526417
1377,20.3998021886,20.0823786653
1378,20.4011469038,20.1165339553
1379,20.399872421,20.1364606774
1380,20.3997933459,20.1479254845
1381,20.3998074603,20.1563771304
1382,20.399806015,20.1643048243
1383,20.3998040164,20.17218304
1384,20.3998021492,20.1798360034
1385,20.3998004668,20.1871120078
1386,20.3997989127,20.1940155893
1387,20.3997974526,20.2006194176
1388,20.0609612293,19.9874686562
1389,20.0198499838,19.950508823
1390,20.0201831506,20.0180764342
1391,20.019856748,20.0191267777
1392,20.0198649516,20.0194910974
1393,20.0198741818,20.0201005316
1394,20.0198800945,20.0194549134
1395,20.019848975,20.0191847304
1396,20.0198530706,20.0190701528
1397,20.0198308074,20.0196978283
1398,20.0198363285,20.0193034995
1399,20.0198419003,20.0202317425
1400,19.8953574607,19.8911739166
1401,19.8903008927,19.8898694395
1402,19.8899054763,19.8893658636
1403,19.8898919348,19.8901980502
1404,19.8898977331,19.890146016
1405,19.8899016348,19.8897944763
1406,19.8898598391,19.8898556984
1407,19.8898594732,19.8895579509
1408,19.8898602035,19.8897143035
1409,19.8899035087,19.8897116079
1410,19.889904674,19.8894283719
1411,19.8898991628,19.8894091459
1412,20.2846744114,19.9926859631
1413,20.259742743,20.1173240834
1414,20.2609067859,20.20651509
1415,20.2598951773,20.2533566032
1416,20.2598825037,20.2593733118
1417,20.2598905939,20.2599622573
1418,20.2598897046,20.2598866648
1419,20.2598884912,20.26034961
1420,20.2598874714,20.2591085842
1421,20.2598866725,20.2597662759
1422,20.2598860428,20.2595776239
1423,20.2598855553,20.259840153
1424,20.4571584448,20.2947873209
1425,20.4499325867,20.3462786064
1426,20.4498777384,20.3832114772
1427,20.4498838341,20.4041894742
1428,20.4498799594,20.4168310862
1429,20.4498753028,20.4271245149
1430,20.4498712556,20.4372125035
1431,20.4498678313,20.4471159728
1432,20.4498649861,20.4503754639
1433,20.449862644,20.4499392783
1434,20.4498610094,20.4505108008
1435,20.4498597613,20.4496307184
1436,20.281405997,20.2522817069
1437,20.2799128604,20.271767279
1438,20.2798671343,20.2799638937
1439,20.2798347516,20.2805127086
1440,20.2797968494,20.2808383357
1441,20.2797970225,20.2803852913
1442,20.279836446,20.2810042397
1443,20.2798190626,20.2804490286
1444,20.2798002752,20.2798296752
1445,20.2797909196,20.2798615196
1446,20.2797833164,20.2803727453
1447,20.2797822916,20.2810545322
1448,20.6682487674,20.3150982235
1449,20.6498004458,20.3548528504
1450,20.6506674511,20.3831613329
1451,20.6499328891,20.3985069533
1452,20.6498712088,20.4065566558
1453,20.6498629636,20.4123446824
1454,20.649881365,20.418036647
1455,20.6498717544,20.4239614081
1456,20.6498600928,20.4298713322
1457,20.6498473557,20.4355793827
1458,20.649834388,20.4410407023
1459,20.6498200429,20.4462935228
1460,20.9341506726,20.4507272626
1461,20.9492682651,20.453905529
1462,20.9498435954,20.4555294214
1463,20.9498559397,20.4564070355
1464,20.9498435627,20.4571716805
1465,20.9498327153,20.4580010355
1466,20.9498249507,20.4584865706
1467,20.9498181737,20.4583953677
1468,20.9498118154,20.4577497867
1469,20.9498885976,20.4566744661
1470,20.9498885198,20.4552595145
1471,20.9498861955,20.4535687896
1472,20.5719153332,20.4460630498
1473,20.4713569372,20.435028079
1474,20.4699355301,20.4249801591
1475,20.4698900627,20.4175689481
1476,20.4698757895,20.4121423718
1477,20.4698285735,20.407617048
1478,20.469825541,20.4036791467
1479,20.4698717619,20.4003055138
1480,20.4698697159,20.397464576
1481,20.4698655898,20.3950924385
1482,20.4698606282,20.3931317018
1483,20.4698549189,20.3899239445
1484,20.325511534,20.3219241318
1485,20.3203806477,20.3078556971
1486,20.319879623,20.3198071116
1487,20.3198851361,20.3200947094
1488,20.3198877443,20.3202565946
1489,20.3198861904,20.3204431044
1490,20.3198830444,20.3205151686
1491,20.3198790227,20.320567548
1492,20.3198747735,20.3207517196
1493,20.3198699992,20.3194839599
1494,20.3198646023,20.3201591242
1495,20.3199113962,20.3201347859
1496,20.4922914048,20.3387601882
1497,20.4995711056,20.3633817812
1498,20.4998587669,20.3845638533
1499,20.499867443,20.4008083826
1500,20.4998994717,20.4143814957
1501,20.4998859438,20.4274034333
1502,20.4998739951,20.4400438429
1503,20.4998986268,20.452110118
1504,20.4998907807,20.4636392804
1505,20.4998818231,20.4747972382
1506,20.4998724465,20.4857279658
1507,20.4998627127,20.4965067866
1508,20.2701858353,20.2444958648
1509,20.1900273061,20.189891881
1510,20.189870014,20.1899876327
1511,20.1898229153,20.1896531576
1512,20.1898559323,20.1898614384
1513,20.1899035132,20.1897388896
1514,20.1898975233,20.1901196982
1515,20.1899060638,20.1895345535
1516,20.1899101078,20.1896757653
1517,20.1899142093,20.1902488128
1518,20.1899208039,20.189966966
1519,20.1899231632,20.1897086986
1520,20.0345692897,20.0316443763
1521,20.02999578,20.0300708323
1522,20.0298776156,20.0302899806
1523,20.0298549258,20.0300788165
1524,20.0298621548,20.0304990937
1525,20.0298683168,20.0302557106
1526,20.0299180862,20.0300168556
1527,20.0298895709,20.0302763439
1528,20.0298943986,20.0300947345
1529,20.029904478,20.0302598919
1530,20.0299126916,20.0301622609
1531,20.0299189369,20.0296474554
1532,20.5526215614,20.1220528239
1533,20.5014275784,20.2340049779
1534,20.5011419668,20.3157196307
1535,20.4999784112,20.3617205782
1536,20.4998700376,20.3868459403
1537,20.4998464825,20.4047575973
1538,20.4998509999,20.4213620626
1539,20.4998565394,20.4377028558
1540,20.499862249,20.4534106054
1541,20.4998679637,20.4682352398
1542,20.4998737924,20.4823670758
1543,20.4998736305,20.4964044874
1544,21.011824898,20.4973751068
1545,20.9798355283,20.4975414182
1546,20.9807124432,20.4974998399
1547,20.9799176236,20.4956644563
1548,20.9798789913,20.4913606116
1549,20.9798883436,20.4851022479
1550,20.9798939046,20.4774636217
1551,20.9798982328,20.4693267728
1552,20.9798992663,20.4614894038
1553,20.9799030047,20.4535582394
1554,20.9798614217,20.4450869455
1555,20.97981485,20.4359516061
1556,20.5946445163,20.4345783685
1557,20.4999929788,20.43215936
1558,20.5002508331,20.4281093941
1559,20.4998607247,20.4234197493
1560,20.4998333314,20.419790471
1561,20.4998468741,20.4172072801
1562,20.4998525747,20.4155909598
1563,20.4998578661,20.4146766026
1564,20.4998622414,20.4142085287
1565,20.49986468,20.4144719629
1566,20.4998677505,20.4150573247
1567,20.4998704644,20.4156990717
1568,20.6903132697,20.4332231611
1569,20.699403449,20.4572458366
1570,20.6998614764,20.4746749418
1571,20.6998863024,20.4841288009
1572,20.6998845783,20.4890320229
1573,20.6998840572,20.4938390358
1574,20.6998845254,20.4983489239
1575,20.6998873341,20.5017884578
1576,20.699888548,20.5039771631
1577,20.6998899053,20.5051299773
1578,20.6998897089,20.5055188201
1579,20.699891328,20.5053021218
1580,20.861941456,20.516224895
1581,20.8694595664,20.5349904202
1582,20.8698564902,20.5543143363
1583,20.8698865917,20.5707842519
1584,20.8698809404,20.584770813
1585,20.8698764818,20.5975340948
1586,20.8698724006,20.6098775526
1587,20.8698701574,20.6215929012
1588,20.8698668301,20.6330293473
1589,20.8698577721,20.6448643584
1590,20.8698832093,20.6567411908
1591,20.8698813919,20.6683458133
1592,20.5672123562,20.472474132
1593,20.4999401463,20.4465820977
1594,20.4998331791,20.4978264259
1595,20.4998307061,20.4992125447
1596,20.4998487808,20.4992201958
1597,20.4998486869,20.499684629
1598,20.4998499758,20.4997409897
1599,20.4998511912,20.4998155105
1600,20.4998522606,20.499339192
1601,20.4998532245,20.4999698776
1602,20.4998541027,20.5002771247
1603,20.4998592031,20.4996564667
1604,20.6799060689,20.5471697975
1605,20.6894004827,20.6046008505
1606,20.6897297169,20.6456519909
1607,20.6897681757,20.6681753569
1608,20.6898402423,20.680382446
1609,20.689838693,20.6893032703
1610,20.6898338481,20.6900556558
1611,20.6898287416,20.6896646457
1612,20.6898941784,20.6899768804
1613,20.6898937741,20.6888837951
1614,20.6898922663,20.6887354397
1615,20.689889033,20.6888865704
1616,20.4971548708,20.491807355
1617,20.4901409626,20.4607054142
1618,20.4898869383,20.4889039312
1619,20.4898410578,20.4889120864
1620,20.4898456822,20.4893037197
1621,20.4897721599,20.489740509
1622,20.4897739663,20.4898016624
1623,20.4897778809,20.4896904217
1624,20.4897809885,20.4897862487
1625,20.4897831003,20.4894012163
1626,20.4897852718,20.4894502192
1627,20.48977906,20.4897082939
1628,20.3941514206,20.3908722803
1629,20.390013015,20.3898020826
1630,20.38995864,20.3897488982
1631,20.3898198678,20.3895484508
1632,20.3898048278,20.3899963675
1633,20.3898197392,20.3898364089
1634,20.3898309913,20.3889841921
1635,20.3898326787,20.3897344848
1636,20.3898407881,20.389056561
1637,20.3898475116,20.3897032583
1638,20.3898419558,20.3892247383
1639,20.3898474066,20.3895249485
1640,20.0828491418,20.1178521302
1641,20.0205902657,20.0035406721
1642,20.0198483713,20.0185912144
1643,20.019789095,20.0198368246
1644,20.019752745,20.0200012596
1645,20.0197166594,20.0195995794
1646,20.0197906777,20.0198804952
1647,20.0197907971,20.0194269468
1648,20.0198146641,20.0199143971
1649,20.019827963,20.0201446112
1650,20.0198360878,20.0197817536
1651,20.0198502635,20.0192340447
1652,19.9242460822,19.9209887539
1653,19.9202967798,19.9190400148
1654,19.919832028,19.9196091777
1655,19.9198241437,19.9195455828
1656,19.919831668,19.9200566462
1657,19.9198393829,19.9201478842
1658,19.9198455896,19.9196637221
1659,19.9198394046,19.9190355515
1660,19.9198446252,19.9194966434
1661,19.9198493941,19.919360036
1662,19.919854817,19.91964093
1663,19.9198585086,19.9193978634
1664,19.5815688458,19.6215767982
1665,19.4999755202,19.4998706689
1666,19.4998924015,19.4992919043
1667,19.4998939828,19.4994177472
1668,19.4998510233,19.4999626453
1669,19.4997813384,19.4998909515
1670,19.4997259154,19.4994311142
1671,19.4997397244,19.4991899982
1672,19.4997549496,19.4995193063
1673,19.4997827951,19.4994722221
1674,19.4997673978,19.4999005657
1675,19.499781969,19.5002272926
1676,19.2877051115,19.2822364547
1677,19.280189174,19.2792726114
1678,19.2798924813,19.2799320879
1679,19.2798501831,19.2794308115
1680,19.2798561397,19.2792615379
1681,19.2797140062,19.2796341728
1682,19.2797179905,19.2794691159
1683,19.2797267812,19.2797268989
1684,19.2797352894,19.279884218
1685,19.2798076469,19.2798321808
1686,19.2797983299,19.2798029581
1687,19.2798063638,19.2799978201
1688,19.8244184482,19.3961320117
1689,19.7798668763,19.5345891478
1690,19.7802151131,19.6316002193
1691,19.7799722647,19.6798306931
1692,19.7798710853,19.6996300234
1693,19.7798463527,19.7095060515
1694,19.7798456278,19.7177472127
1695,19.7798453183,19.725838934
1696,19.7798453112,19.7331457597
1697,19.7798455206,19.7391905841
1698,19.7798459232,19.7440145977
1699,19.7798464906,19.7478776571
1700,20.0079843297,19.7557826201
1701,20.0193708073,19.7641579626
1702,20.0197620753,19.7705474498
1703,20.0197027411,19.7744168769
1704,20.0197664605,19.7765697871
1705,20.0197668864,19.7773075247
1706,20.0197646737,19.7773195588
1707,20.0197627474,19.7769487398
1708,20.0197613731,19.7762257107
1709,20.019760476,19.7750954212
1710,20.0197599969,19.7735265792
1711,20.0197598856,19.7715313082
1712,19.8317769037,19.783103256
1713,19.8301698285,19.803675087
1714,19.8298265129,19.8232533026
1715,19.8298340324,19.829288048
1716,19.8298282672,19.8300316568
1717,19.8298277109,19.8303076771
1718,19.829817935,19.8302055263
1719,19.8298132874,19.8301038185
1720,19.8298025515,19.8300140674
1721,19.829794736,19.8306287476
1722,19.8297828587,19.8301960693
1723,19.8297615512,19.8303302718
1724,19.5031846675,19.5190221268
1725,19.3914532789,19.3789612103
1726,19.3898099475,19.3901052875
1727,19.3898578372,19.389876905
1728,19.389813315,19.3907348738
1729,19.3898197991,19.3902440229
1730,19.3898230387,19.3901494046
1731,19.3898241114,19.3904713224
1732,19.3898245774,19.3901034535
1733,19.3898256723,19.3909166305
1734,19.3898285548,19.3904879406
1735,19.3898313099,19.3902213833
1736,19.7326969324,19.4681422106
1737,19.7398069041,19.5597488082
1738,19.73990489,19.6229959366
1739,19.7398143757,19.6536967295
1740,19.7398099478,19.6656877621
1741,19.7398038292,19.671271235
1742,19.7397946815,19.6760960712
1743,19.7397839496,19.6812355084
1744,19.739772084,19.6862510233
1745,19.739865248,19.6907949142
1746,19.7398615325,19.6948130193
1747,19.7398546118,19.6976567817
1748,19.7014449433,19.7007246607
1749,19.6999226884,19.7006809498
1750,19.6999231225,19.7007181051
1751,19.6999230689,19.7006531699
1752,19.6999149267,19.7000787444
1753,19.6999050057,19.7006851238
1754,19.6999018447,19.7008031898
1755,19.6998921761,19.6998540726
1756,19.6998857955,19.6998761424
1757,19.6998742384,19.7011814582
1758,19.6998646452,19.6998331129
1759,19.6998528955,19.7004896191
1760,19.728748326,19.7101843347
1761,19.7298599052,19.7203657904
1762,19.729910403,19.7269860653
1763,19.7299031143,19.7304531195
1764,19.7298983908,19.7304980619
1765,19.7298933362,19.730116675
1766,19.7298885117,19.7305109312
1767,19.7298834421,19.7298470196
1768,19.7298779412,19.7310619232
1769,19.7298719816,19.7297187845
1770,19.7298655358,19.7299600961
1771,19.7298586087,19.7297473795
1772,20.2390801182,19.7371557994
1773,20.2001643719,19.7471254188
1774,20.2015612344,19.7563445099
1775,20.1999678989,19.7640084744
1776,20.1998401519,19.7706616287
1777,20.1998469368,19.7770821343
1778,20.1998738857,19.7834905568
1779,20.1998665939,19.7898882229
1780,20.1998915479,19.7962634163
1781,20.1998849948,19.8026321303
1782,20.1998766932,19.8090191463
1783,20.1998678596,19.8154407646
1784,20.400313688,19.8196976909
1785,20.4095157408,19.824198022
1786,20.4097818267,19.829199747
1787,20.4098614057,19.8340283778
1788,20.4098910245,19.8385298778
1789,20.4098872704,19.8427993566
1790,20.4098832673,19.8467397888
1791,20.4098798424,19.8502977082
1792,20.4098767763,19.8535292265
1793,20.4098745924,19.8565214329
1794,20.4098722516,19.859333341
1795,20.4098730768,19.8619973798
1796,20.33267998,19.8647006211
1797,20.3300033123,19.8659267016
1798,20.3298992002,19.8684261595
1799,20.3298546646,19.8701860174
1800,20.3299043077,19.8716182439
1801,20.3299035824,19.8732723211
1802,20.3299024195,19.8751042487
1803,20.3299016405,19.8769018341
1804,20.3299010895,19.8785473513
1805,20.3299007248,19.8800260449
1806,20.3299005325,19.881367724
1807,20.3299005022,19.8825949833
1808,20.7863606723,19.885667597
1809,20.7598506309,19.8914985425
1810,20.7609447432,19.8971645195
1811,20.7598825902,19.9028341394
1812,20.7598185836,19.9088605919
1813,20.7598209404,19.9154069057
1814,20.7598146265,19.9223003182
1815,20.759808469,19.9293343077
1816,20.7598027684,19.9363857165
1817,20.759880743,19.943438735
1818,20.7598810478,19.9505158594
1819,20.7598792382,19.9576264212
1820,20.4729066721,19.959924127
1821,20.4110294432,19.963031465
1822,20.4099551426,19.9665533719
1823,20.4098851613,19.969337047
1824,20.4098934129,19.9710612115
1825,20.4099003079,19.9719713145
1826,20.4098730656,19.9722856214
1827,20.4098800465,19.9721510691
1828,20.4098878758,19.9716587351
1829,20.409895335,19.9708590644
1830,20.4098683214,19.9697600062
1831,20.4098755976,19.9683921615
1832,20.1113510565,19.9675150131
1833,20.01996772,19.9658407248
1834,20.0198298765,19.9634461773
1835,20.0201055378,19.9606454538
1836,20.0198633035,19.95762173
1837,20.0198769011,19.9544062989
1838,20.019888708,19.9512542264
1839,20.0198913143,19.9482820406
1840,20.0199018325,19.9454599808
1841,20.0199105445,19.9427427671
1842,20.0198635774,19.9400379359
1843,20.0198730021,19.937278239
1844,19.7322689082,19.6831462788
1845,19.6299617326,19.6297346506
1846,19.6298656368,19.6296900619
1847,19.6298861952,19.6299210854
1848,19.6298424028,19.6293356218
1849,19.6298059306,19.62904197
1850,19.6298189055,19.6289411482
1851,19.6298317626,19.6290254545
1852,19.6297936449,19.6294191987
1853,19.6298043177,19.6302059719
1854,19.629815346,19.6296627036
1855,19.6298269977,19.6293290719
1856,19.5527253507,19.5507967486
1857,19.5499456472,19.5497950951
1858,19.5498498871,19.5499779448
1859,19.5498661183,19.5496564958
1860,19.5498710692,19.5498899381
1861,19.5498752221,19.5501170511
1862,19.5498321929,19.5500146295
1863,19.549835928,19.5496528176
1864,19.5498387896,19.5495243357
1865,19.5497915205,19.5493700594
1866,19.5497962843,19.5499477712
1867,19.5498028337,19.5494281082
1868,19.6737681967,19.640369321
1869,19.6796356133,19.6793215234
1870,19.6797826115,19.6801937349
1871,19.6798109077,19.6796075772
1872,19.6798100034,19.67973315
1873,19.6798101253,19.6796210301
1874,19.6798109063,19.6795161356
1875,19.6798122186,19.6795063131
1876,19.679813972,19.6794756692
1877,19.679816095,19.6793095031
1878,19.6798185261,19.6798290282
1879,19.6798212123,19.6792939281
1880,19.4951040449,19.4919267505
1881,19.4900462154,19.4889699733
1882,19.4898814721,19.4897761009
1883,19.4898483434,19.489932251
1884,19.4898483261,19.4901351326
1885,19.4898481966,19.4896014826
1886,19.4898481501,19.4901270521
1887,19.4898481514,19.4894624228
1888,19.4898482083,19.4897660409
1889,19.4898483172,19.4899917846
1890,19.4898484738,19.4895678773
1891,19.4898486739,19.4895703759
1892,19.528267361,19.5290507905
1893,19.5298320031,19.5300603549
1894,19.5298571614,19.5301788798
1895,19.5298426068,19.5301374093
1896,19.5298717928,19.5297589942
1897,19.5298668747,19.5298853716
1898,19.5298945526,19.5297853331
1899,19.5298900809,19.5300812321
1900,19.529884102,19.5300635419
1901,19.5298775859,19.5295437566
1902,19.5298705736,19.5296248123
1903,19.5298982205,19.5296335134
1904,19.2897500349,19.2828084133
1905,19.1902701893,19.1896386328
1906,19.1899151506,19.1896200185
1907,19.1899128392,19.1894213606
1908,19.1898924686,19.1896884423
1909,19.1898920881,19.1892338304
1910,19.1898915653,19.1892472235
1911,19.1898904671,19.1892953194
1912,19.1898887507,19.1893077592
1913,19.1898864952,19.1894846253
1914,19.1898837279,19.1889709427
1915,19.1898803709,19.1889188004
1916,19.4832910325,19.3220042615
1917,19.4993456628,19.4752114768
1918,19.4998145144,19.498504601
1919,19.4998206609,19.499215335
1920,19.4998162457,19.4983059623
1921,19.4998168503,19.498825135
1922,19.4998173362,19.4989432888
1923,19.4998174286,19.4986731454
1924,19.4998171511,19.498331164
1925,19.4998165377,19.4988769307
1926,19.4998156156,19.498502854
1927,19.499814406,19.4994146551
