,b4,b5
0,2.48733551261,-0.0217731614138
1,2.48736908001,-0.0214310207421
2,2.48746651817,-0.0204909259005
3,2.48742302213,-0.0195444030008
4,2.48755382835,-0.0186104096262
5,2.48738747195,-0.0176128497198
6,2.48745565037,-0.0166875058664
7,2.48746235099,-0.0157376225349
8,2.50886417175,-0.0146320863642
9,2.50580898618,-0.0135748982945
10,2.506183429,-0.0125177102246
11,2.50571938081,-0.0114605221547
12,2.50544555271,-0.010403334085
13,2.50530709728,-0.0093461460151
14,2.50530251486,-0.00816310827831
15,2.50523733173,-0.0069800705416
16,2.50524022677,-0.00579703280481
17,2.50506578366,-0.00461399506803
18,2.50506406167,-0.00343095733131
19,2.50495466244,-0.00224791959453
20,2.51562251087,-0.00116882629527
21,2.5117068625,-8.97329960833e-05
22,2.51343182283,0.000989360303169
23,2.51295988813,0.00206845360242
24,2.51284545288,0.00314754690161
25,2.51285950846,0.00422664020086
26,2.51278659118,0.00457161044302
27,2.51263731627,0.00491658068518
28,2.51262202181,0.00526155092734
29,2.5124926508,0.0056065211695
30,2.51244969304,0.00595149141166
31,2.51239992949,0.00629646165382
32,2.48271555652,0.00674537633351
33,2.48319366415,0.00719429101319
34,2.48314646532,0.00764320569288
35,2.48320849211,0.00809212037257
36,2.48297635079,0.00854103505226
37,2.48314589183,0.00898994973195
38,2.48295776081,0.00799159324198
39,2.48276204322,0.00699323675201
40,2.4825516796,0.00599488026204
41,2.4824629665,0.00499652377208
42,2.48242134875,0.0039981672821
43,2.48223167356,0.00299981079214
44,2.47887351958,0.0017727765396
45,2.47996872325,0.000545742287065
46,2.47931123064,-0.000681291965472
47,2.4793086675,-0.00190832621801
48,2.4792334339,-0.00313536047054
49,2.4790691461,-0.00436239472308
50,2.47905204759,-0.0045878753763
51,2.47899322171,-0.00481335602959
52,2.47895855317,-0.00503883668281
53,2.47881758733,-0.00526431733604
54,2.47874217367,-0.00548979798932
55,2.47871291206,-0.00571527864254
56,2.49359464235,-0.00594075929577
57,2.48737526329,-0.00616623994905
58,2.49039059132,-0.00639172060228
59,2.48975409282,-0.0066172012555
60,2.48968794795,-0.00684268190878
61,2.48965871267,-0.00706816256201
62,2.48963250555,-0.00698426278408
63,2.48959753231,-0.00690036300608
64,2.48956108331,-0.00681646322815
65,2.48957104986,-0.00673256345022
66,2.48953436854,-0.00664866367223
67,2.48954039214,-0.0065647638943
68,2.46442468954,-0.00635613079133
69,2.46620080757,-0.0061474976883
70,2.46428752123,-0.00593886458534
71,2.46469236303,-0.00573023148237
72,2.46472486474,-0.00552159837934
73,2.46472471998,-0.00531296527637
74,2.46468201193,-0.00552383106312
75,2.46465688369,-0.00573469684993
76,2.46463011663,-0.00594556263668
77,2.46459177966,-0.00615642842342
78,2.464576021,-0.00636729421023
79,2.46455824159,-0.00657815999698
80,2.50072744319,-0.00711883232445
81,2.49335795943,-0.00724935822061
82,2.49566204949,-0.0075849573324
83,2.49702172091,-0.00792055644418
84,2.49595267689,-0.00825615555603
85,2.49593937255,-0.00859175466781
86,2.4959812874,-0.00869138565411
87,2.49588791738,-0.00879101664045
88,2.49584635015,-0.00889064762676
89,2.49577270579,-0.00899027861308
90,2.49574856324,-0.0090899095994
91,2.49568240446,-0.00918954058571
92,2.51909540451,-0.00918522713449
93,2.510894061,-0.0091809136833
94,2.51441530504,-0.00917660023207
95,2.5139695918,-0.00917228678085
96,2.51365167485,-0.00916797332965
97,2.51369966277,-0.00916365987843
98,2.51358531392,-0.00931665851087
99,2.51379221616,-0.00946965714333
100,2.51388949357,-0.00962265577577
101,2.51384948699,-0.0097756544082
102,2.51382093092,-0.00992865304067
103,2.51370527451,-0.0100816516731
104,2.48946374432,-0.010213861418
105,2.4926248135,-0.010346071163
106,2.4912092984,-0.0104782809079
107,2.49149287286,-0.0106104906529
108,2.49158743916,-0.0107427003978
109,2.49171158882,-0.0108749101427
110,2.49172666888,-0.0109179763736
111,2.49186016791,-0.0109610426045
112,2.49194082973,-0.0110041088353
113,2.4919400616,-0.0110471750662
114,2.49193866448,-0.0110902412971
115,2.49198105623,-0.0111333075279
116,2.51586169605,-0.0113011070838
117,2.50537011974,-0.0114689066397
118,2.51057457326,-0.0123288793637
119,2.50951532277,-0.0123288793637
120,2.50951563167,-0.0123288793637
121,2.50953988803,-0.0123288793637
122,2.50953197739,-0.0123288793637
123,2.50953170346,-0.0123288793637
124,2.5094868166,-0.0123288793637
125,2.50953953483,-0.0123288793637
126,2.50947012269,-0.0123288793637
127,2.50948607828,-0.0123288793637
128,2.50241193483,-0.0123288793637
129,2.50405420437,-0.0123288793637
130,2.50344106298,-0.0123288793637
131,2.50368529743,-0.0123288793637
132,2.50369017339,-0.0123288793637
133,2.5038163331,-0.0123288793637
134,2.50383969929,-0.0123288793637
135,2.50392063615,-0.0123288793637
136,2.50391615526,-0.0123288793637
137,2.50402419713,-0.0123288793637
138,2.50401947277,-0.0123288793637
139,2.50414372491,-0.0123288793637
140,2.50298392977,-0.0123288793637
141,2.50350369442,-0.0123288793637
142,2.50330571132,-0.0123288793637
143,2.50337557748,-0.0123288793637
144,2.50335337011,-0.0123288793637
145,2.5033979783,-0.0123288793637
146,2.50340087462,-0.0123288793637
147,2.50340872534,-0.0123288793637
148,2.50340079486,-0.0123288793637
149,2.50345606588,-0.0123288793637
150,2.50344461584,-0.0123288793637
151,2.50343005517,-0.0123288793637
152,2.4641434271,-0.0125295165986
153,2.47041491524,-0.0123288793637
154,2.46727824067,-0.0123288793637
155,2.46702022047,-0.0123288793637
156,2.46751799627,-0.0123288793637
157,2.46758281144,-0.0123288793637
158,2.46769116498,-0.0123288793637
159,2.46773971641,-0.0123288793637
160,2.46779400323,-0.0123288793637
161,2.46786268113,-0.0123288793637
162,2.46789007968,-0.0123288793637
163,2.46796446344,-0.0123288793637
164,2.49239165494,-0.0123288793637
165,2.4837057141,-0.0123288793637
166,2.48789756366,-0.0123288793637
167,2.48716073851,-0.0123288793637
168,2.48704012047,-0.0123288793637
169,2.48714200626,-0.0123288793637
170,2.48711148566,-0.0123288793637
171,2.48716762123,-0.0123288793637
172,2.48714486375,-0.0123288793637
173,2.48723844553,-0.0123288793637
174,2.48720796441,-0.0123288793637
175,2.48726454885,-0.0123288793637
176,2.45050019826,-0.0128970494545
177,2.45642446148,-0.0127312924504
178,2.45321197164,-0.0123288793637
179,2.45278981527,-0.0123288793637
180,2.45326826353,-0.0123288793637
181,2.45335844938,-0.0123288793637
182,2.45336973313,-0.0123288793637
183,2.45343697187,-0.0123288793637
184,2.45343615498,-0.0123288793637
185,2.4534714308,-0.0123288793637
186,2.45347858685,-0.0123288793637
187,2.4535419523,-0.0123288793637
188,2.42972576018,-0.0124536126888
189,2.43822573018,-0.0125783460138
190,2.43412990347,-0.0127030793388
191,2.4349449015,-0.0128278126639
192,2.4349886471,-0.0129525459889
193,2.43494038338,-0.013077279314
194,2.43497652637,-0.013202012639
195,2.43492699902,-0.013326745964
196,2.43488321142,-0.0134514792891
197,2.43488740801,-0.0135762126141
198,2.43484007495,-0.0137009459391
199,2.43480292239,-0.0138256792642
200,2.41139867032,-0.0137009459391
201,2.41999509295,-0.0135762126141
202,2.41608216491,-0.0134514792891
203,2.41702338929,-0.013326745964
204,2.41719956582,-0.013202012639
205,2.41730344266,-0.013077279314
206,2.41746923955,-0.0129525459889
207,2.41755039801,-0.0128278126639
208,2.41765636237,-0.0127030793388
209,2.41781473943,-0.0125783460138
210,2.41788997595,-0.0124536126888
211,2.41797185983,-0.0123288793637
212,2.46090154546,-0.0139458103606
213,2.44737821392,-0.0123288793637
214,2.45849619511,-0.0124464745664
215,2.45580657165,-0.0123288793637
216,2.45577229067,-0.0123288793637
217,2.45584478951,-0.0123288793637
218,2.45578598658,-0.0123288793637
219,2.45584479934,-0.0123288793637
220,2.45583637679,-0.0123288793637
221,2.45584177372,-0.0123288793637
222,2.4558511224,-0.0123288793637
223,2.45590646862,-0.0123288793637
224,2.41577699452,-0.0126395007119
225,2.41915003775,-0.0121618862078
226,2.41799883319,-0.0120170460511
227,2.41674969454,-0.0119131016136
228,2.41745917461,-0.0118091571761
229,2.41743831834,-0.0117052127385
230,2.4175363441,-0.011601268301
231,2.41753129993,-0.0114973238635
232,2.41757937812,-0.011393379426
233,2.41762674556,-0.0112894349884
234,2.41761820056,-0.0111854905509
235,2.41765825331,-0.0110815461134
236,2.44981233269,-0.0114239423014
237,2.43799442206,-0.0110815461134
238,2.44351198953,-0.0110815461134
239,2.44238598934,-0.0110815461134
240,2.44239403071,-0.0110815461134
241,2.44234839904,-0.0110815461134
242,2.44239405401,-0.0110815461134
243,2.44239541108,-0.0110815461134
244,2.44240442423,-0.0110815461134
245,2.44244290867,-0.0110815461134
246,2.44246748019,-0.0110815461134
247,2.44245037831,-0.0110815461134
248,2.45836020687,-0.0110959423725
249,2.45234820265,-0.0108320794633
250,2.45492032499,-0.0107073461383
251,2.45427516948,-0.0105826128132
252,2.45402110304,-0.0104578794882
253,2.45388798875,-0.0103331461631
254,2.45372810985,-0.0102084128381
255,2.45360008334,-0.0100836795131
256,2.45339981028,-0.00995894618803
257,2.45327323872,-0.009834212863
258,2.45310753049,-0.00970947953796
259,2.45292440825,-0.00958474621292
260,2.42380847655,-0.00948080177539
261,2.43465503621,-0.00937685733787
262,2.42962505494,-0.00927291290033
263,2.43077439283,-0.00916896846279
264,2.43092730335,-0.00906502402528
265,2.4310850053,-0.00896107958774
266,2.43117872781,-0.0088571351502
267,2.43131041482,-0.00875319071269
268,2.43142854412,-0.00864924627515
269,2.43149705957,-0.00854530183761
270,2.43165979734,-0.0084413574001
271,2.43171553445,-0.00833741296256
272,2.41269235605,-0.00833741296256
273,2.41557696438,-0.00833741296256
274,2.41539929065,-0.00833741296256
275,2.41580894894,-0.00833741296256
276,2.41591567848,-0.00833741296256
277,2.41593633182,-0.00833741296256
278,2.41594813084,-0.00833741296256
279,2.41592977152,-0.00833741296256
280,2.41601984775,-0.00833741296256
281,2.41595582809,-0.00833741296256
282,2.41598049868,-0.00833741296256
283,2.41592108668,-0.00833741296256
284,2.44772488656,-0.00808794631248
285,2.43700194086,-0.00783847966241
286,2.44205819431,-0.00758901301234
287,2.44111769286,-0.00733954636226
288,2.44107715688,-0.00639790654409
289,2.44116085881,-0.00608551506056
290,2.44111688838,-0.00563678643785
291,2.44125212749,-0.00518805781514
292,2.44122248924,-0.00473932919243
293,2.44130234165,-0.00429060056972
294,2.44131982424,-0.00384187194702
295,2.44124732851,-0.00339314332431
296,2.48017366132,-0.00308993691414
297,2.47495894509,-0.00278673050399
298,2.47680019175,-0.00248352409382
299,2.47599577347,-0.00218031768364
300,2.47528744652,-0.0018771112735
301,2.47530658778,-0.00157390486332
302,2.4750499326,-0.00123923603642
303,2.47491088234,-0.000904567209539
304,2.47475444444,-0.000569898382633
305,2.47473683864,-0.000235229555726
306,2.47464965546,9.94392711498e-05
307,2.47460653355,0.000434108098057
308,2.47959801825,0.00089351025
309,2.47739563335,0.00135291240191
310,2.47823217867,0.00181231455386
311,2.47798934974,0.0022717167058
312,2.47787157789,0.00273111885771
313,2.47784919732,0.00319052100966
314,2.47769276282,0.00359748580038
315,2.47765897791,0.00400445059108
316,2.47755778174,0.0044114153818
317,2.477469364,0.0048183801725
318,2.4773841474,0.00522534496324
319,2.47718305328,0.00563230975394
320,2.52273554561,0.0056283517058
321,2.5103388193,0.00623835046032
322,2.51433518096,0.00654137081349
323,2.51801443159,0.00684439116665
324,2.51529573857,0.00714741151987
325,2.51567925724,0.00745043187304
326,2.51567132,0.00769052739273
327,2.51558916283,0.0079306229125
328,2.51556261356,0.00817071843219
329,2.51549528064,0.00841081395189
330,2.51547037446,0.00865090947165
331,2.51535992797,0.00889100499135
332,2.47601763607,0.0093389893861
333,2.47929072035,0.00978697378094
334,2.47725206165,0.0102349581757
335,2.47753584813,0.0106829425704
336,2.47798146939,0.0111309269653
337,2.47760946107,0.01157891136
338,2.47769545882,0.0119639709213
339,2.47767764764,0.0123490304827
340,2.47760605414,0.012734090044
341,2.4775854683,0.0131191496053
342,2.47751342114,0.0135042091667
343,2.4774177718,0.0138892687279
344,2.49980291826,0.0141911727392
345,2.49103137483,0.0144930767505
346,2.49525943428,0.0147949807618
347,2.49439350087,0.0150968847731
348,2.49437246891,0.0153987887844
349,2.49437128374,0.0157006927957
350,2.49437233863,0.0163172209743
351,2.49444534675,0.0169337491529
352,2.49445105192,0.0175502773315
353,2.49448880974,0.0181668055101
354,2.49446238452,0.0187833336888
355,2.49445886202,0.0193998618674
356,2.51791106213,0.0202242789209
357,2.51019787727,0.0210486959748
358,2.51382990448,0.0218731130284
359,2.51304122032,0.0226975300819
360,2.51293641022,0.0235219471358
361,2.5129025282,0.0243463641894
362,2.51273442829,0.0246359201585
363,2.51268677141,0.024925476128
364,2.51256618687,0.0252150320971
365,2.51247206193,0.0255045880662
366,2.51237937599,0.0257941440357
367,2.51229629127,0.0260837000048
368,2.49978097524,0.0261445782115
369,2.50174964182,0.026205456418
370,2.50171863039,0.0262663346248
371,2.50117600313,0.0263272128315
372,2.50132881503,0.026388091038
373,2.50127579885,0.0264489692448
374,2.50119156476,0.0260903485618
375,2.50110053595,0.0257317278785
376,2.50100170852,0.0253731071955
377,2.50094194247,0.0250144865125
378,2.50088816433,0.0246558658292
379,2.50076156961,0.0242972451462
380,2.48276169088,0.0238138911382
381,2.4849418571,0.0233305371299
382,2.48402452714,0.0228471831218
383,2.48416505783,0.0223638291138
384,2.48412715503,0.0218804751055
385,2.48408180919,0.0213971210975
386,2.48405174979,0.0212231475206
387,2.48411946591,0.0210491739435
388,2.48435613422,0.0208752003667
389,2.48438597463,0.0207012267898
390,2.48434997818,0.0205272532127
391,2.48432600856,0.0203532796359
392,2.4568793286,0.0198440121363
393,2.45945464223,0.019867993002
394,2.4585248126,0.0193726073139
395,2.45855884298,0.019242583252
396,2.45871829272,0.0190478260866
397,2.45885190491,0.0188484771694
398,2.45883339353,0.0187780159475
399,2.45896412289,0.0187104399428
400,2.45904912088,0.0186335976077
401,2.45902184589,0.0185616307733
402,2.45901780591,0.0184909836455
403,2.45902335988,0.0184153747865
404,2.47050507262,0.0188894152541
405,2.47093909186,0.0185086691442
406,2.4717827405,0.0174200186575
407,2.47127598605,0.0171913408949
408,2.47152393945,0.0169626631325
409,2.47152663938,0.0167339853698
410,2.47162081407,0.0165053076072
411,2.47164983606,0.0162766298448
412,2.47163674015,0.0160479520821
413,2.47167827472,0.0158192743195
414,2.47171670609,0.0155905965571
415,2.47169869924,0.0153619187944
416,2.4911683892,0.0153619187944
417,2.48315713712,0.0153619187944
418,2.48708062696,0.0153619187944
419,2.48633629714,0.0153619187944
420,2.48633900327,0.0153619187944
421,2.48638045965,0.0153619187944
422,2.48635543561,0.0153619187944
423,2.48642330699,0.0153619187944
424,2.48640478922,0.0153619187944
425,2.48643145828,0.0153619187944
426,2.48649926044,0.0153619187944
427,2.4864501471,0.0153619187944
428,2.46967273391,0.0151332410318
429,2.47576377223,0.0149045632694
430,2.47287252902,0.0146758855067
431,2.47353185545,0.0144472077441
432,2.4735217267,0.0142185299817
433,2.47353531385,0.013989852219
434,2.47358666947,0.0137611744564
435,2.47358077793,0.013532496694
436,2.47358530851,0.0133038189313
437,2.47361087027,0.0130751411687
438,2.47362498242,0.0128464634063
439,2.4735630367,0.0126177856436
440,2.48967670366,0.0126177856436
441,2.48354635923,0.0126177856436
442,2.48641759312,0.0126177856436
443,2.48584539367,0.0126177856436
444,2.48581258216,0.0126177856436
445,2.48579461846,0.0126177856436
446,2.48573864839,0.0126177856436
447,2.48576529739,0.0126177856436
448,2.48571307281,0.0126177856436
449,2.48572902278,0.0126177856436
450,2.48569402305,0.0126177856436
451,2.48567327849,0.0126177856436
452,2.4432610183,0.0126177856436
453,2.45037543548,0.0126177856436
454,2.44989495554,0.0126177856436
455,2.44854108696,0.0126177856436
456,2.44919475367,0.0126177856436
457,2.44931251669,0.0126177856436
458,2.44933903507,0.0126177856436
459,2.44940445249,0.0126177856436
460,2.44943086046,0.0126177856436
461,2.44951082354,0.0126177856436
462,2.44952801003,0.0126177856436
463,2.44958140032,0.0126177856436
464,2.42359776215,0.0126177856436
465,2.43043613015,0.0126177856436
466,2.42830181233,0.0126177856436
467,2.42834935949,0.0126177856436
468,2.42855004971,0.0126177856436
469,2.4286757073,0.0126177856436
470,2.42868402323,0.0126177856436
471,2.42871465825,0.0126177856436
472,2.42878378974,0.0126177856436
473,2.42877961184,0.0126177856436
474,2.42883336692,0.0126177856436
475,2.42888553163,0.0126177856436
476,2.40255798182,0.0126177856436
477,2.40711064616,0.0126177856436
478,2.40696445833,0.0126177856436
479,2.40619969339,0.0126177856436
480,2.40662591213,0.0126177856436
481,2.40667774443,0.0126177856436
482,2.40676813633,0.0126177856436
483,2.40684060382,0.0126177856436
484,2.40686463844,0.0126177856436
485,2.40692711005,0.0126177856436
486,2.40696950417,0.0126177856436
487,2.40704377568,0.0126177856436
488,2.41543475622,0.0126177856436
489,2.41241194048,0.0126177856436
490,2.41400870745,0.0126177856436
491,2.41371647486,0.0126177856436
492,2.4138006009,0.0126177856436
493,2.41382845957,0.0126177856436
494,2.41393426107,0.0126177856436
495,2.41395085794,0.0126177856436
496,2.41399504399,0.0126177856436
497,2.41414418328,0.0126177856436
498,2.41411072407,0.0126177856436
499,2.41420411171,0.0126177856436
500,2.44612506665,0.0127676648971
501,2.43715676891,0.0130751411687
502,2.44572319724,0.0133038189313
503,2.44368208333,0.013532496694
504,2.44365717761,0.0137611744564
505,2.44369267369,0.013989852219
506,2.44366362274,0.0142185299817
507,2.44367714709,0.0144472077441
508,2.44369810152,0.0146758855067
509,2.44367754374,0.0149045632694
510,2.44367210403,0.0151332410318
511,2.4436884889,0.0153619187944
512,2.40420597555,0.0153619187944
513,2.41009852287,0.0153619187944
514,2.41021887681,0.0153619187944
515,2.40864810704,0.0153619187944
516,2.40929598482,0.0153619187944
517,2.40932150831,0.0153619187944
518,2.40933052358,0.0153619187944
519,2.40935118701,0.0153619187944
520,2.40934931999,0.0153619187944
521,2.40935225837,0.0153619187944
522,2.40937673356,0.0153619187944
523,2.40933343634,0.0153619187944
524,2.44840223516,0.0150809308557
525,2.43676693908,0.0151124521443
526,2.44682358122,0.0149877188193
527,2.44462985009,0.0148629854943
528,2.44452827409,0.0147382521692
529,2.44459551786,0.0146135188442
530,2.44460748081,0.0144887855192
531,2.44460917512,0.0143640521941
532,2.44462427586,0.0142393188691
533,2.44463346578,0.0141145855441
534,2.4446546939,0.013989852219
535,2.44465703526,0.013865118894
536,2.42568915145,0.013865118894
537,2.43255668471,0.013865118894
538,2.42922151549,0.013865118894
539,2.42993008572,0.013865118894
540,2.42996102196,0.013865118894
541,2.4299503148,0.013865118894
542,2.42992311153,0.013865118894
543,2.42994827831,0.013865118894
544,2.42994303239,0.013865118894
545,2.42994628527,0.013865118894
546,2.42990496941,0.013865118894
547,2.42996022634,0.013865118894
548,2.42929109333,0.0137611744564
549,2.42962066948,0.013657230019
550,2.42943365421,0.0135532855814
551,2.42942548297,0.0134493411438
552,2.4294061507,0.0133453967064
553,2.42933981354,0.0132414522688
554,2.42936692072,0.0131375078312
555,2.42931483398,0.0130335633938
556,2.42923635251,0.0129296189562
557,2.42927242457,0.0128256745186
558,2.42921342307,0.0127217300812
559,2.42916565277,0.0126177856436
560,2.40991266002,0.012389107881
561,2.41287922862,0.0121604301186
562,2.41254310212,0.0119317523559
563,2.41276457993,0.0117030745933
564,2.41286863646,0.0114743968309
565,2.41297422643,0.0112457190682
566,2.41294431667,0.0110170413056
567,2.41299855638,0.0107883635432
568,2.41306611108,0.0105596857805
569,2.41301292479,0.0103310080179
570,2.41312813692,0.0101023302555
571,2.41307498833,0.0098736524928
572,2.40780890314,0.00997759693042
573,2.41033393139,0.0100815413678
574,2.40910271334,0.0101854858054
575,2.40935193402,0.010289430243
576,2.40942156792,0.0115469966272
577,2.40942718579,0.0117558157873
578,2.40949117384,0.0119803661557
579,2.40947362936,0.0122049165238
580,2.40957746956,0.0124294668923
581,2.4095426104,0.0126540172607
582,2.40959386379,0.0128785676288
583,2.40957663818,0.0131031179973
584,2.46342125099,0.0128911017281
585,2.45708007121,0.0126790854586
586,2.45703746873,0.0124670691894
587,2.4562355843,0.0122550529202
588,2.45620559491,0.0120430366507
589,2.45615135164,0.0118310203815
590,2.45612225641,0.0116819289458
591,2.45612714095,0.0115328375098
592,2.4560857755,0.011383746074
593,2.45586882751,0.0112346546383
594,2.45582118851,0.0110855632023
595,2.45580533716,0.0109364717665
596,2.45743989125,0.0108705358807
597,2.45720169982,0.0108045999949
598,2.45727717035,0.0107386641091
599,2.45723174263,0.0106727282233
600,2.45698198501,0.0106067923375
601,2.45676263398,0.0105408564517
602,2.45674507133,0.0105011392465
603,2.45673591346,0.0104614220413
604,2.45671748972,0.0104217048361
605,2.45670893343,0.0103819876309
606,2.4566778157,0.0103422704257
607,2.45666904488,0.0103025532205
608,2.42151527847,-0.00223260778734
609,2.42073655334,0.0105141632353
610,2.42036018065,0.0106199682426
611,2.42202843946,0.0034282931208
612,2.42108868154,0.0078616397271
613,2.42133913236,0.00704908270587
614,2.42138662552,0.0069951496738
615,2.42141868177,0.00693670339718
616,2.42144352924,0.00688302473453
617,2.42136341252,0.00681878439437
618,2.42139683448,0.00676091093138
619,2.42143115529,0.00670644926902
620,2.44655264149,0.0106210163032
621,2.44378099913,0.0103619924658
622,2.44574832987,0.0101029686284
623,2.44530573802,0.00984394479096
624,2.44525085846,0.00958492095356
625,2.4452552047,0.00932589711615
626,2.44521853544,0.0090406545981
627,2.44522287069,0.00875541208014
628,2.44529771485,0.00815663397177
629,2.44528800304,0.00782818683749
630,2.44528706296,0.00748580752509
631,2.44529841835,0.00710590937484
632,2.45958371044,0.00757866614006
633,2.45720460955,0.00754289027217
634,2.45829175595,0.0075071144042
635,2.45806945318,0.00747133853622
636,2.45799068147,0.00743556266834
637,2.4579749776,0.00739978680036
638,2.45793875328,0.00719621137653
639,2.45788648704,0.00699263595266
640,2.45785121587,0.00678906052882
641,2.45780867104,0.00658548510499
642,2.45778493,0.00638190968111
643,2.45773171729,0.00617833425728
644,2.42739727135,0.00235227375923
645,2.43098107455,0.00164290361901
646,2.42991483648,0.00190869174235
647,2.42991067615,0.00162335263197
648,2.43007230449,0.00146417469706
649,2.43012487212,0.00131345200176
650,2.43014692636,0.00113279590177
651,2.43020055862,0.000943495727435
652,2.43022737612,0.000762875865816
653,2.43039057901,0.0005858189082
654,2.43042153767,0.000400940976391
655,2.43045156603,0.000221007768716
656,2.44237398104,0.00443421675548
657,2.44075800399,0.00342190339911
658,2.4424141845,-5.75097042378e-05
659,2.44161618836,0.00180025761772
660,2.44180038343,0.000707575664239
661,2.44179695398,0.000282739553997
662,2.44174752833,-0.00021733410415
663,2.44171568353,-0.000715191216985
664,2.44170385677,-0.00120503069598
665,2.44165818188,-0.00169906968834
666,2.44163001777,-0.00218432481102
667,2.44160000155,-0.00266883342998
668,2.47007378751,-0.000168245609311
669,2.46579556896,-0.000372751318067
670,2.46784721523,-0.000577257026823
671,2.46781585604,-0.000781762735579
672,2.46775728699,-0.000986268444335
673,2.46773413744,-0.00119077415309
674,2.46771031207,-0.00137954865348
675,2.46771323157,-0.00156832315387
676,2.46769990643,-0.00175709765426
677,2.46780876425,-0.00194587215465
678,2.46789889523,-0.00213464665504
679,2.4678735188,-0.00232342115543
680,2.4346001756,-0.0209024316214
681,2.43317527263,-0.00295043680629
682,2.43210546149,-0.0038069729467
683,2.43509938029,-0.0139820614945
684,2.43355142168,-0.00818613083588
685,2.43383269798,-0.00974747681554
686,2.43395651495,-0.0100052161778
687,2.43402594592,-0.010279607863
688,2.43400142476,-0.0105491572071
689,2.43399250674,-0.0108268672108
690,2.43397866831,-0.0111066503855
691,2.43394911701,-0.0113793022855
692,2.42915736366,-0.00590722803241
693,2.42803901897,-0.00604356517158
694,2.42859618619,-0.00617990231075
695,2.42846610105,-0.00684061306212
696,2.42852230477,-0.00684061306212
697,2.42854943684,-0.00684061306212
698,2.42859043096,-0.00684061306212
699,2.42883189505,-0.00684061306212
700,2.42892577608,-0.00684061306212
701,2.42896174982,-0.00684061306212
702,2.42906404152,-0.00684061306212
703,2.42915851596,-0.00684061306212
704,2.41302467795,-0.00696534638715
705,2.415302924,-0.00709007971219
706,2.41544388953,-0.00721481303723
707,2.41501367917,-0.00733954636226
708,2.41529679566,-0.0074642796873
709,2.41531390907,-0.00758901301234
710,2.41542068833,-0.00771374633737
711,2.41541480881,-0.00783847966241
712,2.4155290268,-0.00796321298745
713,2.41548795365,-0.00808794631248
714,2.41558455709,-0.00821267963752
715,2.41555767451,-0.00833741296256
716,2.40325392707,-0.0084413574001
717,2.40537093735,-0.00854530183761
718,2.40545343014,-0.00864924627515
719,2.40511331016,-0.00875319071269
720,2.4054058421,-0.0088571351502
721,2.40546800586,-0.00896107958774
722,2.40561821206,-0.00906502402528
723,2.40565714785,-0.00916896846279
724,2.40578913056,-0.00927291290033
725,2.40583564729,-0.00937685733787
726,2.40597381899,-0.00948080177539
727,2.40601431544,-0.00958474621292
728,2.42223716618,-0.0098134239755
729,2.41615571421,-0.0100421017381
730,2.41911141322,-0.0102707795006
731,2.41854087134,-0.0104994572632
732,2.41851962939,-0.0107281350258
733,2.41855866558,-0.0109568127883
734,2.4185940612,-0.0111854905509
735,2.41854997004,-0.0114141683135
736,2.41864772874,-0.011642846076
737,2.41863360089,-0.0118715238386
738,2.41863128518,-0.0121002016012
739,2.41868442872,-0.0123288793637
740,2.42937815228,-0.0123288793637
741,2.4256409106,-0.0123288793637
742,2.42749741992,-0.0123288793637
743,2.42720046097,-0.0123288793637
744,2.42726801067,-0.0123288793637
745,2.42726225673,-0.0123288793637
746,2.42734911829,-0.0123288793637
747,2.42744052614,-0.0123288793637
748,2.42741009077,-0.0123288793637
749,2.42755067258,-0.0123288793637
750,2.42754210709,-0.0123288793637
751,2.42766502205,-0.0123288793637
752,2.45888352071,-0.0137410269987
753,2.45126566103,-0.0125783460138
754,2.45892103638,-0.0130320957252
755,2.45723687743,-0.0130509576784
756,2.45743939141,-0.0132162392533
757,2.45747108114,-0.0133666392519
758,2.45764795657,-0.013541794898
759,2.4577799745,-0.0137016524022
760,2.45791988079,-0.0138677701778
761,2.45804247977,-0.0140248727698
762,2.45817095608,-0.0141926557381
763,2.4583352847,-0.0143524915858
764,2.41729420245,-0.0148407445997
765,2.41853693047,-0.0145089293839
766,2.41840466325,-0.0138256792642
767,2.41651368702,-0.0138256792642
768,2.41726027897,-0.0138256792642
769,2.41735834705,-0.0138256792642
770,2.41731709544,-0.0138256792642
771,2.41740505924,-0.0138256792642
772,2.41739301242,-0.0138256792642
773,2.41737762762,-0.0138256792642
774,2.41742548199,-0.0138256792642
775,2.41740419556,-0.0138256792642
776,2.46083627112,-0.016481419358
777,2.4474335751,-0.0140335681392
778,2.45918557168,-0.0150210130769
779,2.45662114097,-0.0149678236709
780,2.45678088327,-0.0151142038356
781,2.45695627995,-0.0152609606848
782,2.45712705229,-0.0154121888623
783,2.45728583566,-0.0155671015388
784,2.45754424899,-0.0157547019775
785,2.45770172172,-0.0159589318097
786,2.45794186772,-0.0161731396495
787,2.45819183707,-0.0163908417255
788,2.49131145916,-0.0185722560016
789,2.47831697383,-0.0162808355574
790,2.48424068519,-0.017255709527
791,2.48287849906,-0.0169553811374
792,2.48258721435,-0.016852026222
793,2.48237059743,-0.0167492107217
794,2.48228099365,-0.0166804563063
795,2.48200893841,-0.0165915802387
796,2.48187905928,-0.0165063615476
797,2.4816888188,-0.0164142296985
798,2.48154115671,-0.0163335000513
799,2.48134056606,-0.0162583800356
800,2.47794532697,-0.015980257236
801,2.47912248846,-0.0161336057497
802,2.47835671994,-0.0159835892958
803,2.47842064871,-0.015964565642
804,2.47832649992,-0.0159474930622
805,2.47824665527,-0.0159014139355
806,2.47812282129,-0.0158945461754
807,2.47807070427,-0.0158535564354
808,2.47794751333,-0.0158219430596
809,2.4778601358,-0.0157972983158
810,2.47782466697,-0.0157744172715
811,2.47769022821,-0.0157510603393
812,2.4615668857,-0.0151644431338
813,2.46763445958,-0.0157626136861
814,2.46474717526,-0.0154766098749
815,2.46533325321,-0.0155479858505
816,2.46545196306,-0.0155604780442
817,2.46546317801,-0.0155618930215
818,2.46550724478,-0.0155709887383
819,2.46555393746,-0.015569984085
820,2.46553542699,-0.015590858098
821,2.4656086642,-0.0155799960916
822,2.46564468695,-0.0155951455768
823,2.46566902087,-0.0155962149882
824,2.49879309048,-0.0178084362643
825,2.48627542992,-0.0161508249458
826,2.49230906907,-0.0172243023986
827,2.49124176796,-0.0173038365819
828,2.49128540424,-0.0175920162583
829,2.49142767295,-0.0178836210828
830,2.49152622786,-0.0181865939306
831,2.49172672263,-0.0184861957657
832,2.49178632915,-0.0187746780857
833,2.49198876439,-0.0190981318818
834,2.49207029768,-0.0194006228935
835,2.49231401046,-0.0197061334868
836,2.45726367435,-0.0195760344666
837,2.46584610987,-0.0200904870198
838,2.46054713794,-0.018908358885
839,2.46112009331,-0.0192206894655
840,2.46142748391,-0.0193756302882
841,2.46154834609,-0.019545061096
842,2.46158341829,-0.0197008681759
843,2.46171618232,-0.0198723746884
844,2.46172363722,-0.0200111271979
845,2.46186036044,-0.0201854355356
846,2.46186808094,-0.0203245829397
847,2.46199201601,-0.0204964883968
848,2.49985343881,-0.021008668017
849,2.48081858337,-0.0197713010909
850,2.48772845621,-0.0204013377113
851,2.48618703316,-0.0204823893445
852,2.48609521578,-0.0207106429629
853,2.48614078946,-0.0209422480468
854,2.48611451361,-0.0211787175471
855,2.48614054993,-0.0214045062108
856,2.48605193177,-0.0216411021424
857,2.4861530189,-0.0218840463135
858,2.48613464669,-0.0221149215789
859,2.48615009109,-0.0223551372459
860,2.49049750396,-0.0226461127273
861,2.48896464152,-0.0226325896268
862,2.4897844912,-0.0228404147198
863,2.48964016225,-0.022968198697
864,2.49010893636,-0.0185716885306
865,2.49005447014,-0.0182940315503
866,2.49030892617,-0.0162903138988
867,2.49040969101,-0.0143052844207
868,2.4905706686,-0.012300663788
869,2.49070328192,-0.0103187962925
870,2.49087321347,-0.0083177421873
871,2.49109650101,-0.00633155582509
872,2.51993087204,-0.00494696957511
873,2.51023447216,-0.00184405103963
874,2.51490284283,-0.000167911044199
875,2.51396329555,0.00207121364895
876,2.51401271936,0.00421636374785
877,2.51387669187,0.0063763126742
878,2.51380150343,0.00761060434064
879,2.51363140317,0.00885658929143
880,2.51355199691,0.010109378966
881,2.51341453403,0.0113488768704
882,2.51327306529,0.0125954280039
883,2.51318998865,0.0138313965589
884,2.48844851127,0.0155561024898
885,2.49714044701,0.0167895926292
886,2.49268379351,0.0184570390478
887,2.49342498905,0.0199075073268
888,2.49335038779,0.0213579756057
889,2.49332405632,0.0228084438847
890,2.49333003245,0.0236244200929
891,2.49341996222,0.0244403963012
892,2.49356891557,0.0252563725094
893,2.49364060765,0.0259172636385
894,2.49411142364,0.0256807937541
895,2.4941961189,0.0264078646894
896,2.48349410865,0.0257441577675
897,2.48738481868,0.0268432768544
898,2.48590042682,0.0268382084506
899,2.48652294678,0.0272687784982
900,2.48677709105,0.0276324300971
901,2.48707801801,0.027986083847
902,2.48727136239,0.0281320821038
903,2.48754627733,0.0282881515037
904,2.48771558785,0.0284467439547
905,2.48789011096,0.028663708037
906,2.48813400029,0.028844281438
907,2.48832343211,0.029018927652
908,2.46948773512,0.027528155821
909,2.47590295325,0.0288166616065
910,2.47302247539,0.0283326655605
911,2.47391142047,0.0284956050034
912,2.47406781904,0.0285798819534
913,2.47432001305,0.0286571724508
914,2.47440429623,0.0284911838353
915,2.47450661815,0.0283448403442
916,2.47462281324,0.028206601434
917,2.47467552247,0.0280776361427
918,2.47482209637,0.0279580517898
919,2.47479887986,0.0278475895989
920,2.4343128717,0.025763512822
921,2.43888885242,0.0278138618478
922,2.43796545742,0.0264904883273
923,2.43709918864,0.0269938896308
924,2.4377076619,0.027212575785
925,2.43775209575,0.0274061851276
926,2.43780834156,0.0275075425764
927,2.43784276435,0.0276178196881
928,2.43783956356,0.0277332830806
929,2.43781349702,0.0278546876523
930,2.43781317793,0.027982204091
931,2.43779886591,0.0281172272473
932,2.41430229164,0.0259864431847
933,2.42085224791,0.0275231875616
934,2.41807684696,0.0269315822854
935,2.41837946998,0.0271004160351
936,2.41835203782,0.0271909235671
937,2.41832976585,0.0272715178303
938,2.41799096599,0.0266719007313
939,2.41768440526,0.0260431502167
940,2.41738514345,0.025478449602
941,2.41705566166,0.0249339533722
942,2.41667780635,0.0243974329882
943,2.41634728538,0.0238682899043
944,2.44214298181,0.0256137919897
945,2.43309245194,0.0231229661303
946,2.43688362763,0.023276137666
947,2.43564671641,0.0224650972921
948,2.43532110472,0.0217948711921
949,2.43489794397,0.0211404208984
950,2.43476096211,0.0211328996243
951,2.43459470511,0.021117712745
952,2.43436750187,0.0211042144953
953,2.43423973623,0.0210897677276
954,2.43403234841,0.0210761231417
955,2.43390764066,0.0210637799565
956,2.46125987768,0.0225887003012
957,2.45641919719,0.0212105778578
958,2.46260202544,0.0225523431954
959,2.46115500347,0.0221606789857
960,2.4608798516,0.022104362117
961,2.46081409902,0.0220562851178
962,2.46040399737,0.0208077453228
963,2.45998019636,0.019583636402
964,2.45959792848,0.01834567884
965,2.45921041727,0.0170963756976
966,2.45881194955,0.0158587369235
967,2.45842897401,0.0146205956927
968,2.47529546741,0.0140308393042
969,2.46902996399,0.0123015227258
970,2.47161669652,0.0105722061475
971,2.47077983717,0.00884288956911
972,2.47050628269,0.00711357299076
973,2.47031054114,0.00538425641241
974,2.47019276082,0.00357628379222
975,2.4701917397,0.00176831117204
976,2.46999277143,-3.9661448142e-05
977,2.47005501421,-0.00184763406832
978,2.46994803588,-0.00365560668851
979,2.46994098278,-0.00546357930869
980,2.43073985204,-0.00756197299661
981,2.43875949509,-0.00928741342412
982,2.43624982056,-0.0111993304818
983,2.43501050658,-0.0174845234653
984,2.4356442201,-0.0177132012278
985,2.43577277614,-0.0179418789904
986,2.43584866014,-0.018170556753
987,2.43597206539,-0.0183992345155
988,2.43601532004,-0.0186279122781
989,2.43607781019,-0.0188565900407
990,2.43612930054,-0.0190852678032
991,2.43617542105,-0.0193139455658
992,2.40541290211,-0.0194386788908
993,2.41633917691,-0.0195634122159
994,2.41163952098,-0.0196881455409
995,2.41256828107,-0.0198128788659
996,2.41278437606,-0.019937612191
997,2.41288552502,-0.020062345516
998,2.41299433,-0.020187078841
999,2.41309383819,-0.0203118121661
1000,2.41313970495,-0.0204365454911
1001,2.41323772358,-0.0205612788162
1002,2.41331752776,-0.0206860121412
1003,2.41336272983,-0.0208107454662
1004,2.43671875724,-0.0212755348026
1005,2.42805727147,-0.0212681009914
1006,2.43215425578,-0.0214967787539
1007,2.43134943156,-0.0217254565165
1008,2.43136673905,-0.0219541342791
1009,2.43143452798,-0.0221828120416
1010,2.43144063361,-0.0224114898042
1011,2.43149523333,-0.0226401675668
1012,2.43150815884,-0.0228688453293
1013,2.43154985765,-0.0230975230919
1014,2.43160587733,-0.0233262008545
1015,2.43164036282,-0.023554878617
1016,2.42535186553,-0.0233262008545
1017,2.42770802515,-0.0230975230919
1018,2.42664286118,-0.0228688453293
1019,2.42689148867,-0.0226401675668
1020,2.42694083822,-0.0224114898042
1021,2.42697812325,-0.0221828120416
1022,2.42702799394,-0.0219541342791
1023,2.42704257504,-0.0217254565165
1024,2.4271538158,-0.0214967787539
1025,2.42705345015,-0.0212681009914
1026,2.42720830464,-0.0210394232288
1027,2.42722858598,-0.0208107454662
1028,2.45831032249,-0.0214767082156
1029,2.44668659423,-0.0205612788162
1030,2.45214749322,-0.0206501687162
1031,2.4510252093,-0.0204200207646
1032,2.45099349827,-0.020277967882
1033,2.45099273274,-0.0201495122354
1034,2.45098282067,-0.0200173422689
1035,2.45107589085,-0.0198985631092
1036,2.45102427942,-0.0197715744424
1037,2.451094777,-0.0196405682299
1038,2.45109496303,-0.0195095598313
1039,2.45111778972,-0.0193797151615
1040,2.40796008997,-0.0196138165601
1041,2.41418441316,-0.0191046677363
1042,2.41079596843,-0.0186279122781
1043,2.41031628277,-0.0183992345155
1044,2.41102920517,-0.018170556753
1045,2.41112721426,-0.0179418789904
1046,2.41125212826,-0.0177132012278
1047,2.41135185336,-0.0174845234653
1048,2.41146814711,-0.0172558457027
1049,2.41160856725,-0.0170271679401
1050,2.41168923512,-0.0167984901776
1051,2.41177244762,-0.016569812415
1052,2.44172880179,-0.017274676891
1053,2.43072749511,-0.016569812415
1054,2.43585472938,-0.0167373415144
1055,2.43490636795,-0.0166476859723
1056,2.43474611569,-0.0166323712435
1057,2.43479819425,-0.0166367673124
1058,2.43487465528,-0.0166404738113
1059,2.434803241,-0.0166291034296
1060,2.43493867676,-0.0166413287437
1061,2.43483337264,-0.0166359786691
1062,2.4349576099,-0.0166503342731
1063,2.43496481698,-0.0166454491919
1064,2.47087550917,-0.0181980151158
1065,2.46272876542,-0.0163237028991
1066,2.4717469471,-0.0170313394896
1067,2.469783837,-0.0167107955141
1068,2.46976787632,-0.0165775149911
1069,2.46968429954,-0.0164286866174
1070,2.46973805052,-0.016304388588
1071,2.46965503194,-0.0161665770699
1072,2.46972605997,-0.016035989156
1073,2.46970517864,-0.0158972094338
1074,2.46965861736,-0.0157691515403
1075,2.46969678979,-0.0156332738416
1076,2.43913720983,-0.0155724059261
1077,2.44762774244,-0.0155696001396
1078,2.44289362395,-0.0148564867972
1079,2.4438176849,-0.0149639414169
1080,2.44415578761,-0.0149041221648
1081,2.44439835595,-0.0148515198987
1082,2.4445934565,-0.0148015561862
1083,2.44484626443,-0.0147504079183
1084,2.44503013242,-0.0146971969909
1085,2.44524907407,-0.0146425585798
1086,2.44543243677,-0.0145741187813
1087,2.44562482379,-0.0145266675576
1088,2.43264537069,-0.0140422233895
1089,2.43738109711,-0.0144669494276
1090,2.43494147267,-0.0141963851638
1091,2.43532873387,-0.0142215362364
1092,2.43526335765,-0.0141940485693
1093,2.43513133156,-0.0141490361931
1094,2.43501976854,-0.0141239569794
1095,2.43496549202,-0.0140938702765
1096,2.43482082052,-0.0140592478277
1097,2.43475738328,-0.0140229976674
1098,2.43459098175,-0.0139866271667
1099,2.43451760913,-0.0139502411464
1100,2.43895339112,-0.0141212460822
1101,2.4373603926,-0.0139972096923
1102,2.43823544051,-0.0140862468201
1103,2.43826892192,-0.0141015600878
1104,2.43825197431,-0.0141198042019
1105,2.43843609474,-0.014144778548
1106,2.43848538422,-0.0141601958399
1107,2.43859611662,-0.0141854474503
1108,2.43871440556,-0.0142151664627
1109,2.43878144278,-0.0142318255403
1110,2.43890683881,-0.014256788412
1111,2.4389774967,-0.0142862455813
1112,2.4808257815,-0.015650548815
1113,2.46159715825,-0.0142264904612
1114,2.46884392597,-0.0148839099522
1115,2.46727330846,-0.0147274818403
1116,2.46713298486,-0.0147010925553
1117,2.46709132845,-0.01468760219
1118,2.46703186334,-0.0146586884855
1119,2.46699276681,-0.0146504166258
1120,2.46695001531,-0.014639243505
1121,2.46690414086,-0.0146256458512
1122,2.4668514329,-0.0145995216519
1123,2.46682194169,-0.0145957173676
1124,2.46672816756,-0.0146569920322
1125,2.46654585059,-0.0147306047232
1126,2.46644380657,-0.014797564644
1127,2.466332107,-0.0148612824897
1128,2.46616942229,-0.0149376874654
1129,2.46610566031,-0.0150059867863
1130,2.46589771832,-0.0150699934881
1131,2.46581399038,-0.0151333949514
1132,2.46564235694,-0.0152105309318
1133,2.46556741904,-0.0152656978963
1134,2.46542057374,-0.0153381374778
1135,2.46531629123,-0.0154055892877
1136,2.42775410554,-0.0158430611919
1137,2.43562205189,-0.0159211243516
1138,2.43104261759,-0.0157590458022
1139,2.43124048169,-0.0159877235648
1140,2.43157126802,-0.0162164013274
1141,2.43157167236,-0.0164450790899
1142,2.43159422137,-0.0166737568525
1143,2.43162798107,-0.0169024346151
1144,2.43158730845,-0.0171311123776
1145,2.43162217307,-0.0173597901402
1146,2.43165099692,-0.0175884679028
1147,2.43161501855,-0.0178171456653
1148,2.47023020289,-0.0190913585116
1149,2.45309127915,-0.0180666123154
1150,2.45981272061,-0.0186528933543
1151,2.45845503424,-0.0186486281028
1152,2.45848686709,-0.0160751358141
1153,2.45848862893,-0.0159649129109
1154,2.45885354662,-0.0130025875511
1155,2.45921441568,-0.0100377864828
1156,2.45948832805,-0.00707642266819
1157,2.4598243185,-0.00411817875099
1158,2.46012362399,-0.00114247341403
1159,2.46042505295,0.00181325650406
1160,2.45751341924,0.00562002955127
1161,2.4590243907,0.00917318250094
1162,2.45873303511,0.0129290811932
1163,2.4590363867,0.0166065071865
1164,2.45928385353,0.0202986024594
1165,2.45942955285,0.0239886722135
1166,2.45921394367,0.0255419606352
1167,2.45915734024,0.0271210213744
1168,2.45899022078,0.0286841499728
1169,2.45883933024,0.0302532412666
1170,2.45878754128,0.0318265488226
1171,2.45861303941,0.0333869454898
1172,2.4469722048,0.0348396775357
1173,2.45105154377,0.0362012431776
1174,2.44933464703,0.0376840834789
1175,2.44984870134,0.0391062864504
1176,2.45007988149,0.0405284894221
1177,2.45031274712,0.0419506923936
1178,2.45071861858,0.042272784502
1179,2.45095508651,0.0427706299817
1180,2.45133329076,0.0434459580126
1181,2.45170908325,0.0439511348673
1182,2.45198261139,0.0445051197945
1183,2.45238510727,0.0450621958631
1184,2.43866624194,0.0444180089979
1185,2.4435332975,0.0460138201495
1186,2.44155752653,0.0461708211342
1187,2.44233702295,0.0468793143275
1188,2.44261899223,0.0475056799654
1189,2.44286260648,0.0481233660666
1190,2.44311488829,0.048496972139
1191,2.44332829638,0.0488865092905
1192,2.44349260788,0.0492809558697
1193,2.44376663957,0.0496817015178
1194,2.44392320275,0.0500888249771
1195,2.44413672835,0.0505027753269
1196,2.41464850006,0.0481476494141
1197,2.42453841751,0.0503693474005
1198,2.42008092587,0.049828037645
1199,2.42123618145,0.0502551378481
1200,2.42149710651,0.0505769447817
1201,2.42170837756,0.0508826099447
1202,2.42160674562,0.0501965166839
1203,2.42143206494,0.0494622757227
1204,2.42130721543,0.048837148405
1205,2.42104748131,0.0482585740169
1206,2.42082513405,0.047699762169
1207,2.42067891521,0.0470870747806
1208,2.45882078904,0.048622025646
1209,2.45021476056,0.0462311635416
1210,2.45897439842,0.047228593975
1211,2.45648831088,0.0460007790142
1212,2.45609945435,0.0452160369856
1213,2.45577430761,0.0444534866481
1214,2.45493064661,0.0424998532776
1215,2.45414502424,0.0405322647576
1216,2.4533392779,0.038559850981
1217,2.45248805928,0.0366020635769
1218,2.45167897829,0.0346523189133
1219,2.45084485846,0.0329582513442
1220,2.41277109021,0.0285400334343
1221,2.41832348408,0.0287028134475
1222,2.41520243884,0.0252505419921
1223,2.41411002535,0.0235698980101
1224,2.41388561164,0.0211387851275
1225,2.41341543802,0.0182243841856
1226,2.41367052923,0.019279491488
1227,2.41399007931,0.0203345987904
1228,2.41416526689,0.0213897060928
1229,2.4143807127,0.0224448133952
1230,2.4145954171,0.0234999206976
1231,2.41482094943,0.024555028
1232,2.45426616108,0.0254040387344
1233,2.4368989488,0.0269147092549
1234,2.44315703698,0.0280945498823
1235,2.44200430045,0.0292743905097
1236,2.44213558493,0.0304542311372
1237,2.44230514564,0.0316340717646
1238,2.4420878389,0.030663980582
1239,2.44193809026,0.0296938893995
1240,2.44174411632,0.0287237982169
1241,2.44155163509,0.0277537070344
1242,2.44143220196,0.0267836158518
1243,2.44120955998,0.0258135246693
1244,2.45369792802,0.0248434334867
1245,2.4492529134,0.0238733423042
1246,2.45127597512,0.0229032511216
1247,2.45081599143,0.021933159939
1248,2.45081328965,0.0209630687565
1249,2.45085488535,0.0199929775739
1250,2.45082502538,0.0194266540727
1251,2.45080808533,0.0188603305716
1252,2.45083247776,0.0182940070704
1253,2.45083150999,0.0177276835692
1254,2.4508112156,0.017161360068
1255,2.45083809228,0.0165950365669
1256,2.4350601483,0.0156960908656
1257,2.4407971967,0.0147971451643
1258,2.43807234754,0.0138981994631
1259,2.43861773141,0.0129992537618
1260,2.43863392231,0.0121003080605
1261,2.43861154853,0.0112013623593
1262,2.43861724128,0.0103705852276
1263,2.43862585839,0.0095398080959
1264,2.43860306405,0.00870903096421
1265,2.43849326105,0.00787825383251
1266,2.43852708114,0.00704747670085
1267,2.43852368559,0.00621669956916
1268,2.42596211857,0.00536513354996
1269,2.43044362473,0.00451356753079
1270,2.4284963418,0.00366200151159
1271,2.42820114788,-0.00126919121048
1272,2.42826124201,-0.00162260229807
1273,2.428297763,-0.00197601338568
1274,2.42823163622,-0.0023294244733
1275,2.428251378,-0.00268283556088
1276,2.42819779137,-0.0030362466485
1277,2.42820982143,-0.00338965773611
1278,2.42813419138,-0.0037430688237
1279,2.42812709196,-0.00409647991131
1280,2.43419290465,-0.00444989099892
1281,2.4319630548,-0.00480330208651
1282,2.43307064099,-0.00515671317412
1283,2.43284327675,-0.00551012426173
1284,2.43290190155,-0.00586353534932
1285,2.43286172952,-0.00621694643693
1286,2.43291448224,-0.00657035752455
1287,2.43290873182,-0.00692376861213
1288,2.43293062911,-0.00727717969974
1289,2.43293267784,-0.00763059078736
1290,2.43293262615,-0.00798400187494
1291,2.43296920211,-0.00833741296256
1292,2.47809680519,-0.00954636470436
1293,2.45658484585,-0.00879476848768
1294,2.46404799732,-0.00935888990833
1295,2.46238573729,-0.00943204203913
1296,2.46233699731,-0.00964811966616
1297,2.4622600266,-0.00988185508391
1298,2.46231623324,-0.01011267097
1299,2.46225903003,-0.010341981133
1300,2.46228914833,-0.0105718639369
1301,2.46222630795,-0.0108030263199
1302,2.46227864404,-0.0110210651682
1303,2.46223869657,-0.0112628708789
1304,2.45587318927,-0.0110815461134
1305,2.45838431028,-0.011309242773
1306,2.45730260336,-0.0112276622618
1307,2.45761034096,-0.011257616702
1308,2.45773727484,-0.0113000582816
1309,2.45786054871,-0.0113104901309
1310,2.45790456809,-0.0113326356194
1311,2.45807120321,-0.01136228136
1312,2.45808953879,-0.0113796279629
1313,2.45823786071,-0.0114051398024
1314,2.4583396484,-0.0114349965245
1315,2.45842965915,-0.0114518175091
1316,2.47576957923,-0.0118491970069
1317,2.46957437462,-0.0110340688309
1318,2.47267547821,-0.0110980045195
1319,2.47216113252,-0.0108314080102
1320,2.47218963088,-0.0106043210783
1321,2.47224879429,-0.0103909840693
1322,2.47232388321,-0.0101858185056
1323,2.47241924497,-0.00995650473254
1324,2.472485459,-0.00974373234995
1325,2.47257302769,-0.00952651574851
1326,2.47264204283,-0.00930581183871
1327,2.47272406172,-0.00909670086404
1328,2.43945124363,-0.00938577045609
1329,2.44798513275,-0.00986230836214
1330,2.44304145881,-0.00950307581869
1331,2.44365385058,-0.0100249931113
1332,2.44400305775,-0.0103955644221
1333,2.44410882101,-0.0107465033013
1334,2.444133168,-0.0111146823412
1335,2.44427178095,-0.0114766919843
1336,2.44432156866,-0.0118339591399
1337,2.44442781624,-0.012202897736
1338,2.44445189616,-0.0125497247441
1339,2.44462438492,-0.0129268810942
1340,2.45300594275,-0.0133087927914
1341,2.44976600137,-0.013090403985
1342,2.45110024944,-0.0133340273957
1343,2.45074682674,-0.0133938879976
1344,2.45057983569,-0.0134765643672
1345,2.45043154606,-0.0135695245265
1346,2.45030599081,-0.0136535968745
1347,2.45015381028,-0.0137333297105
1348,2.45002448626,-0.0138258071603
1349,2.44990959856,-0.0139096385177
1350,2.44971868127,-0.0139884079716
1351,2.44965746313,-0.0140795877071
1352,2.4618408878,-0.014541504215
1353,2.45752207664,-0.0142289180705
1354,2.45962171794,-0.0145468659757
1355,2.4592264695,-0.0146076529948
1356,2.45918773831,-0.0147054554742
1357,2.45923125474,-0.0148251891959
1358,2.45918861619,-0.0149275959724
1359,2.45927506461,-0.0150355597567
1360,2.45923263952,-0.0151478900394
1361,2.45929378015,-0.0152481502361
1362,2.45927551052,-0.0153574047935
1363,2.45934648679,-0.015471492787
1364,2.43472499464,-0.0151977458396
1365,2.44402037644,-0.015810248242
1366,2.4395511914,-0.015523761493
1367,2.44069560432,-0.0157811893017
1368,2.44077480204,-0.0159417212008
1369,2.44095933301,-0.0161055798453
1370,2.44106758343,-0.0162553376159
1371,2.44119025749,-0.0164263626553
1372,2.44130978435,-0.0165787777385
1373,2.44145421323,-0.0167356126846
1374,2.44156929994,-0.0168959025037
1375,2.44168911112,-0.0170570194316
1376,2.43200337074,-0.0167060229923
1377,2.43551853277,-0.0170282437915
1378,2.4338544837,-0.016853760315
1379,2.43403492431,-0.0168608054634
1380,2.43408058185,-0.016856976949
1381,2.43401827525,-0.0168336941782
1382,2.43400552033,-0.0168275835129
1383,2.43391348784,-0.0168007687316
1384,2.43392392815,-0.0167924655748
1385,2.43379262344,-0.0167644130945
1386,2.43381438222,-0.0167552796342
1387,2.43373776829,-0.016726286494
1388,2.42731896898,-0.0166737568525
1389,2.42962413701,-0.0169172583183
1390,2.42846139448,-0.0169038123839
1391,2.42864420377,-0.0170181393799
1392,2.42859851359,-0.0171197587814
1393,2.42855295495,-0.0172056385143
1394,2.42858237949,-0.0172980703723
1395,2.42844838676,-0.0174013679152
1396,2.42849062401,-0.0175053123528
1397,2.42839033762,-0.0176092567903
1398,2.42840218682,-0.0177132012278
1399,2.42835427342,-0.0178171456653
1400,2.46022547649,-0.0189190776041
1401,2.44844181912,-0.0180666123154
1402,2.45378903515,-0.0184757772905
1403,2.45237762995,-0.0184118120655
1404,2.45214484717,-0.0184785100242
1405,2.45189318557,-0.0185655456156
1406,2.45168789204,-0.0186902789406
1407,2.45153188578,-0.0188150122656
1408,2.45126448219,-0.0189397455907
1409,2.45112343295,-0.0190644789157
1410,2.45088833384,-0.0191892122408
1411,2.45056937129,-0.0193139455658
1412,2.41583027965,-0.0194373705611
1413,2.42353853343,-0.0193139455658
1414,2.4195385655,-0.0193139455658
1415,2.41973035232,-0.0193139455658
1416,2.42014041577,-0.0193139455658
1417,2.42011096998,-0.0193139455658
1418,2.42016065918,-0.0193139455658
1419,2.42021865974,-0.0193139455658
1420,2.42020888632,-0.0193139455658
1421,2.42026916184,-0.0193139455658
1422,2.42027841526,-0.0193139455658
1423,2.42034771628,-0.0193139455658
1424,2.43530727204,-0.0194386788908
1425,2.43005745154,-0.0195634122159
1426,2.4325803834,-0.0196881455409
1427,2.43205394196,-0.0198128788659
1428,2.43207019712,-0.019937612191
1429,2.43205721368,-0.020062345516
1430,2.43205690403,-0.020187078841
1431,2.43206914847,-0.0203118121661
1432,2.43210539875,-0.0204365454911
1433,2.43208463451,-0.0205612788162
1434,2.43211706998,-0.0206860121412
1435,2.43211031686,-0.0208107454662
1436,2.44173433053,-0.0208107454662
1437,2.43905988097,-0.0208107454662
1438,2.44032040605,-0.0208107454662
1439,2.44014408048,-0.0208107454662
1440,2.44019092992,-0.0196571235194
1441,2.44021076329,-0.019552248797
1442,2.44029696471,-0.0190698250737
1443,2.44031345757,-0.0185874013505
1444,2.44034389447,-0.0181049776273
1445,2.44037287477,-0.0176225539041
1446,2.44042421471,-0.0171401301809
1447,2.44042892231,-0.0166577064576
1448,2.42364841843,-0.0159258160844
1449,2.42436912299,-0.0151939257111
1450,2.42254500951,-0.0144620353378
1451,2.42299790081,-0.0137301449645
1452,2.42304424768,-0.0129982545912
1453,2.42307718223,-0.0122663642179
1454,2.42306752783,-0.0118805604286
1455,2.42306013318,-0.0114947566394
1456,2.42290529942,-0.0111089528502
1457,2.42284125811,-0.0107231490609
1458,2.42282286343,-0.0103373452717
1459,2.42284068004,-0.00995154148242
1460,2.42032282084,-0.00981520434323
1461,2.42063806241,-0.0096788672041
1462,2.42050803797,-0.00954253006491
1463,2.42034199154,-0.00940619292572
1464,2.42035102333,-0.00926985578659
1465,2.42036094731,-0.0091335186474
1466,2.42036324736,-0.0091387623835
1467,2.42036653002,-0.00914400611966
1468,2.42036283625,-0.00914924985576
1469,2.42037232817,-0.00915449359187
1470,2.42037115154,-0.00915973732803
1471,2.42037937715,-0.00916498106413
1472,2.45592124445,-0.00904655538049
1473,2.44852513337,-0.00871811301126
1474,2.45076716517,-0.00849467898479
1475,2.45217361382,-0.00827124495833
1476,2.45126141396,-0.00804781093193
1477,2.45119505958,-0.00782437690546
1478,2.45127330516,-0.00735973101739
1479,2.45117775357,-0.00689508512936
1480,2.45124096419,-0.00643043924129
1481,2.4511422792,-0.00596579335323
1482,2.45116599981,-0.00550114746519
1483,2.45113561763,-0.00503650157713
1484,2.42617848756,-0.00480053345164
1485,2.42927629775,-0.00456456532615
1486,2.42781671702,-0.00432859720066
1487,2.42809422515,-0.00409262907518
1488,2.42812385458,-0.00385666094969
1489,2.42814772645,-0.0036206928242
1490,2.42815225429,-0.00329033744852
1491,2.42817231017,-0.00295998207284
1492,2.42818692947,-0.00262962669715
1493,2.42818939236,-0.00229927132147
1494,2.42821461886,-0.00196891594579
1495,2.42821744376,-0.0016385605701
1496,2.43697354114,-0.00107952743185
1497,2.43710648309,-0.000520494293612
1498,2.43705050416,3.85388446469e-05
1499,2.43702371835,0.000597571982905
1500,2.43696847822,0.00115660512114
1501,2.43698122398,0.0017156382594
1502,2.43685570963,0.00175554152158
1503,2.43678235621,0.00179544478374
1504,2.43668729965,0.00183534804593
1505,2.43658976896,0.00187525130811
1506,2.43655053439,0.00191515457027
1507,2.4364089137,0.00195505783246
1508,2.46286079229,0.00164155000703
1509,2.45577658122,0.00132804218161
1510,2.45688255893,0.00101453435618
1511,2.45715750223,0.000701026530752
1512,2.45729106022,0.000387518705326
1513,2.45674032648,7.40108798986e-05
1514,2.45680562824,-0.000229009473263
1515,2.45667134017,-0.000532029826488
1516,2.45657837932,-0.00083505017965
1517,2.45648452256,-0.00113807053281
1518,2.45641328365,-0.00144109088604
1519,2.45629605483,-0.0017441112392
1520,2.41808013281,-0.00202634270486
1521,2.42210071707,-0.00230857417057
1522,2.42070080424,-0.00259080563623
1523,2.42072789878,-0.00287303710189
1524,2.42081414164,-0.0031552685676
1525,2.42079414753,-0.00343750003326
1526,2.42076638345,-0.00376692512402
1527,2.42074204058,-0.00409635021482
1528,2.42070794969,-0.00442577530558
1529,2.42069141827,-0.00475520039635
1530,2.42064838682,-0.00508462548715
1531,2.42063353771,-0.00541405057791
1532,2.45929493892,-0.00586820899371
1533,2.45287271024,-0.00632236740954
1534,2.45539968161,-0.00677652582534
1535,2.45469602845,-0.00723068424114
1536,2.45460770005,-0.00768484265698
1537,2.45450141302,-0.00813900107278
1538,2.45440709204,-0.00880290893349
1539,2.454507875,-0.00946681679413
1540,2.45440185677,-0.0101307246548
1541,2.45428855984,-0.0107946325156
1542,2.45418544333,-0.0114585403762
1543,2.45402284395,-0.0121224482369
1544,2.43833072765,-0.012557678335
1545,2.44059465622,-0.0129929084332
1546,2.43984546961,-0.0134281385313
1547,2.44005327585,-0.0138633686294
1548,2.44007460089,-0.0142985987275
1549,2.44032443731,-0.0147338288256
1550,2.44037147859,-0.0149540657428
1551,2.44038664941,-0.0151743026599
1552,2.44048071998,-0.015394539577
1553,2.44059612211,-0.0156147764941
1554,2.44064202524,-0.0158350134113
1555,2.44075417721,-0.0160552503284
1556,2.42849770155,-0.0162754872455
1557,2.43022148126,-0.0164957241626
1558,2.4323517137,-0.0167159610797
1559,2.4307341163,-0.0178171456653
1560,2.43131060869,-0.0178171456653
1561,2.43143082937,-0.0178171456653
1562,2.4315241896,-0.0178171456653
1563,2.43153512296,-0.0178171456653
1564,2.43166759681,-0.0178171456653
1565,2.43159858406,-0.0178171456653
1566,2.43173730178,-0.0178171456653
1567,2.43168565351,-0.0178171456653
1568,2.46055562271,-0.0183535429819
1569,2.45250363068,-0.0180666123154
1570,2.46070966408,-0.0181913456405
1571,2.45878833545,-0.0183160789655
1572,2.45892344072,-0.0184408122905
1573,2.45894905823,-0.0185655456156
1574,2.45899424713,-0.0186902789406
1575,2.45904068245,-0.0188150122656
1576,2.45911627343,-0.0189397455907
1577,2.45914910264,-0.0190644789157
1578,2.45916470361,-0.0191892122408
1579,2.45917519344,-0.0193139455658
1580,2.42884757503,-0.0194386788908
1581,2.4347102247,-0.0195634122159
1582,2.43202454224,-0.0196881455409
1583,2.4318583449,-0.0198128788659
1584,2.43225907053,-0.019937612191
1585,2.43225365871,-0.020062345516
1586,2.43231011569,-0.020187078841
1587,2.4323651778,-0.0203118121661
1588,2.43239133741,-0.0204365454911
1589,2.43238431749,-0.0205612788162
1590,2.4323625773,-0.0206860121412
1591,2.43242487241,-0.0208107454662
1592,2.46120332016,-0.0208107454662
1593,2.4507224632,-0.0208107454662
1594,2.4558539027,-0.0208107454662
1595,2.45487498713,-0.0208107454662
1596,2.45486387047,-0.0208107454662
1597,2.4548113156,-0.0208107454662
1598,2.45486934917,-0.0208107454662
1599,2.45488159149,-0.0208107454662
1600,2.45489572868,-0.0208107454662
1601,2.45494959351,-0.0208107454662
1602,2.45494303917,-0.0208107454662
1603,2.45500170524,-0.0208107454662
1604,2.44339086826,-0.0206860121412
1605,2.4476021603,-0.0205612788162
1606,2.44560828528,-0.0204365454911
1607,2.44602564802,-0.0203118121661
1608,2.44609012285,-0.020187078841
1609,2.44607516648,-0.020062345516
1610,2.44615635471,-0.019937612191
1611,2.44609242431,-0.0198128788659
1612,2.44621374165,-0.0196881455409
1613,2.44615849376,-0.0195634122159
1614,2.44624574896,-0.0194386788908
1615,2.44626999058,-0.0193139455658
1616,2.41640968524,-0.0194973852462
1617,2.42229139278,-0.0195634122159
1618,2.41936212139,-0.0196881455409
1619,2.41929781717,-0.0198128788659
1620,2.4195573267,-0.019937612191
1621,2.4194812309,-0.020062345516
1622,2.4195123946,-0.020187078841
1623,2.41937381876,-0.0203118121661
1624,2.41938193855,-0.0204365454911
1625,2.41930718252,-0.0205612788162
1626,2.41920921607,-0.0206860121412
1627,2.4191257079,-0.0208107454662
1628,2.42931664605,-0.0206860121412
1629,2.4256248291,-0.0205612788162
1630,2.42742781918,-0.0204365454911
1631,2.42718026218,-0.0203118121661
1632,2.42710937537,-0.020187078841
1633,2.42722463011,-0.020062345516
1634,2.42721684323,-0.019937612191
1635,2.42726966387,-0.0198128788659
1636,2.42731024101,-0.0196881455409
1637,2.42737664959,-0.0195634122159
1638,2.42736983157,-0.0194386788908
1639,2.42741479519,-0.0193139455658
1640,2.41581713309,-0.0193139455658
1641,2.42019334344,-0.0193139455658
1642,2.41826662677,-0.0193139455658
1643,2.41888987924,-0.0193139455658
1644,2.41899750015,-0.0193139455658
1645,2.41915204444,-0.0193139455658
1646,2.41933076242,-0.0193139455658
1647,2.4193734879,-0.0193139455658
1648,2.41960757504,-0.0193139455658
1649,2.41965318364,-0.0193139455658
1650,2.41986559561,-0.0193139455658
1651,2.41997471646,-0.0193139455658
1652,2.44231942139,-0.0193246274096
1653,2.43432108765,-0.0190644789157
1654,2.43815673587,-0.0189397455907
1655,2.43738056023,-0.0188150122656
1656,2.43736970181,-0.0186902789406
1657,2.43737311359,-0.0185655456156
1658,2.43738031437,-0.0184408122905
1659,2.43739227977,-0.0183160789655
1660,2.43743630927,-0.0181913456405
1661,2.43745584393,-0.0180666123154
1662,2.43748140838,-0.0179418789904
1663,2.4375033121,-0.0178171456653
1664,2.46875927072,-0.0185625937466
1665,2.45734695628,-0.0178171456653
1666,2.46284179512,-0.0180552812054
1667,2.46185932694,-0.017984347724
1668,2.4618658428,-0.0180022442721
1669,2.4619446611,-0.0180361905384
1670,2.46211422596,-0.0180673706689
1671,2.46217984581,-0.0180985044665
1672,2.4623407354,-0.0181303743578
1673,2.46244543801,-0.018163499197
1674,2.46255031206,-0.0181978254068
1675,2.46272293237,-0.0182330636082
1676,2.44537707878,-0.0179418789904
1677,2.45168845663,-0.0184371000295
1678,2.44845380771,-0.0182350059217
1679,2.44897013409,-0.0183879750077
1680,2.44890969516,-0.0185038153865
1681,2.44884659933,-0.0185900863569
1682,2.44870341631,-0.018703264678
1683,2.4486667794,-0.0188150122656
1684,2.44856468711,-0.0189397455907
1685,2.44849211849,-0.0190644789157
1686,2.44838248775,-0.0191892122408
1687,2.44829760171,-0.0193139455658
1688,2.40936204742,-0.0196726765043
1689,2.41560810559,-0.0193139455658
1690,2.4121652189,-0.0193139455658
1691,2.4119886185,-0.0193139455658
1692,2.41244441118,-0.0193139455658
1693,2.4125350094,-0.0193139455658
1694,2.41259395042,-0.0193139455658
1695,2.41264373951,-0.0193139455658
1696,2.41269383142,-0.0193139455658
1697,2.41270979844,-0.0193139455658
1698,2.41284218955,-0.0193139455658
1699,2.41279888415,-0.0193139455658
1700,2.41548097738,-0.0193139455658
1701,2.41479987224,-0.0193139455658
1702,2.41519873609,-0.0193139455658
1703,2.41517615961,-0.0193139455658
1704,2.41527633103,-0.0193139455658
1705,2.41536341914,-0.0193139455658
1706,2.41539944697,-0.0193139455658
1707,2.41547013582,-0.0193139455658
1708,2.41559960654,-0.0193139455658
1709,2.41555090875,-0.0193139455658
1710,2.41571126951,-0.0193139455658
1711,2.4157422169,-0.0193139455658
1712,2.45446683003,-0.0200607812559
1713,2.43599663018,-0.0193139455658
1714,2.4425049203,-0.0193139455658
1715,2.44100714546,-0.0193139455658
1716,2.44098917396,-0.0193139455658
1717,2.44085405536,-0.0193139455658
1718,2.44088803607,-0.0193139455658
1719,2.44079148876,-0.0193139455658
1720,2.44078828838,-0.0193139455658
1721,2.44068931789,-0.0193139455658
1722,2.44067335799,-0.0193139455658
1723,2.44056853095,-0.0193139455658
1724,2.42072925444,-0.0193139455658
1725,2.42856544051,-0.0193139455658
1726,2.42483054068,-0.0193139455658
1727,2.42573790486,-0.018160323619
1728,2.425806587,-0.0180449614243
1729,2.42576373966,-0.0179295992296
1730,2.4259547532,-0.017646437479
1731,2.42596002717,-0.0173632757284
1732,2.42597063668,-0.0170801139778
1733,2.42607496169,-0.0167969522273
1734,2.4260529612,-0.0165137904767
1735,2.42612544421,-0.0162306287261
1736,2.44406236661,-0.0159474669755
1737,2.4404539786,-0.0156643052249
1738,2.4418466612,-0.0153811434743
1739,2.44142378406,-0.0150979817237
1740,2.44121014202,-0.0148148199732
1741,2.44092810545,-0.0145316582226
1742,2.44073849033,-0.0141541092218
1743,2.4407176065,-0.013776560221
1744,2.44068269589,-0.0133990112202
1745,2.44060792908,-0.0130214622194
1746,2.44057857062,-0.0126439132187
1747,2.44060209257,-0.0122663642179
1748,2.45534354423,-0.0117640818921
1749,2.45034630899,-0.0112617995663
1750,2.45193889718,-0.0107595172404
1751,2.45211102907,-0.0102572349146
1752,2.45173932707,-0.0097549525888
1753,2.45176065677,-0.00925267026298
1754,2.45171864822,-0.00886050639573
1755,2.45163616952,-0.00846834252847
1756,2.4515853559,-0.00807617866122
1757,2.451566467,-0.00768401479396
1758,2.45153705348,-0.0072918509267
1759,2.45144555087,-0.00689968705945
1760,2.47808189149,-0.0065283120797
1761,2.46903777331,-0.00615693709995
1762,2.47242369281,-0.0057855621202
1763,2.4723107962,-0.00541418714045
1764,2.47187957819,-0.0050428121607
1765,2.47186456,-0.00467143718095
1766,2.4717704732,-0.00437871824303
1767,2.47175460705,-0.00408599930511
1768,2.47163130431,-0.00379328036718
1769,2.47160076974,-0.00350056142926
1770,2.47154200671,-0.00320784249135
1771,2.47149288609,-0.00291512355342
1772,2.49048014223,-0.002601615728
1773,2.48355652202,-0.00228810790257
1774,2.48677394694,-0.00197460007714
1775,2.4860396949,-0.00166109225171
1776,2.48591432009,-0.00134758442629
1777,2.48585239536,-0.00103407660086
1778,2.48573772658,-0.000851662178462
1779,2.48565725836,-0.000669247756125
1780,2.48557318424,-0.000486833333726
1781,2.48549454245,-0.000304418911327
1782,2.48540904894,-0.000122004488991
1783,2.48533479991,6.04099334082e-05
1784,2.50111073756,0.000118091030771
1785,2.49461121392,0.00017577212807
1786,2.49759751917,0.000233453225433
1787,2.49692506627,0.000291134322795
1788,2.49686246415,0.000348815420094
1789,2.49675313034,0.000406496517457
1790,2.49665637794,0.000285890586631
1791,2.49656859835,0.000165284655868
1792,2.49645054215,4.46787250423e-05
1793,2.4964207696,-7.59272057835e-05
1794,2.49631738677,-0.000196533136546
1795,2.49622492645,-0.000317139067372
1796,2.47568497051,-0.000333800560659
1797,2.47857095584,-0.000350462053908
1798,2.47895853162,-0.000367123547195
1799,2.47784798031,-0.000383785040482
1800,2.47818271476,-0.000400446533731
1801,2.47807724754,-0.000417108027018
1802,2.47800973896,-0.000559619187231
1803,2.47797889642,-0.000702130347407
1804,2.47785401033,-0.000844641507621
1805,2.47782199691,-0.000987152667835
1806,2.47772765484,-0.00112966382801
1807,2.47764989797,-0.00127217498822
1808,2.47264785698,-0.00139389726094
1809,2.47368223061,-0.00151561953359
1810,2.47336660226,-0.00163734180631
1811,2.47320535808,-0.00175906407902
1812,2.47314370451,-0.00188078635168
1813,2.4731071229,-0.00200250862439
1814,2.47296103741,-0.00217666825831
1815,2.47294071618,-0.00235082789222
1816,2.47279428935,-0.00252498752614
1817,2.47274009226,-0.00269914716005
1818,2.47266121744,-0.00287330679397
1819,2.47255966892,-0.00304746642788
1820,2.43805449788,-0.00334635938683
1821,2.44156425944,-0.00364525234578
1822,2.43988148,-0.00394414530473
1823,2.44004989086,-0.00424303826369
1824,2.44011953939,-0.00454193122264
1825,2.44009186955,-0.00484082418159
1826,2.4402920135,-0.00521312944627
1827,2.44024472574,-0.00558543471088
1828,2.44022695414,-0.00595773997556
1829,2.44019469027,-0.00633004524022
1830,2.44016560455,-0.00670235050488
1831,2.44015132247,-0.00707465576954
1832,2.45181552098,-0.0074469610342
1833,2.45056584317,-0.00781926629885
1834,2.45131784124,-0.00819157156351
1835,2.45115549549,-0.00856387682817
1836,2.4511116417,-0.00893618209283
1837,2.45128819834,-0.00930848735749
1838,2.45127432111,-0.00952348053849
1839,2.45124927069,-0.00973847371949
1840,2.45130485223,-0.00995346690049
1841,2.45140404053,-0.0101684600815
1842,2.45138507305,-0.0103834532625
1843,2.45147919911,-0.0105984464435
1844,2.4317288138,-0.0109381729495
1845,2.432851109,-0.0112778994556
1846,2.43568636865,-0.0116176259616
1847,2.43424781065,-0.0119573524676
1848,2.43445745675,-0.0129525459889
1849,2.43466345379,-0.013077279314
1850,2.43475037629,-0.013202012639
1851,2.43479945164,-0.013326745964
1852,2.43490115048,-0.0134514792891
1853,2.43488011113,-0.0135762126141
1854,2.43500266899,-0.0137009459391
1855,2.4350246929,-0.0138256792642
1856,2.42276926075,-0.0139296237017
1857,2.4264127847,-0.0140335681392
1858,2.42492636015,-0.0141375125768
1859,2.42533373141,-0.0142414570143
1860,2.42545769827,-0.0143454014518
1861,2.42554747538,-0.0144493458894
1862,2.42566002079,-0.0145532903269
1863,2.42567963275,-0.0146572347644
1864,2.42581722899,-0.0147611792019
1865,2.42578755535,-0.0148651236395
1866,2.42593320237,-0.014969068077
1867,2.42596865298,-0.0150730125145
1868,2.42597666508,-0.0153016902771
1869,2.42607586,-0.0155303680397
1870,2.42608457255,-0.0157590458022
1871,2.4260882908,-0.0159877235648
1872,2.42615973741,-0.0162164013274
1873,2.42614739128,-0.0164450790899
1874,2.42618690204,-0.0166737568525
1875,2.42620722927,-0.0169024346151
1876,2.42623132831,-0.0171311123776
1877,2.42624907229,-0.0173597901402
1878,2.42624611644,-0.0175884679028
1879,2.42629588603,-0.0178171456653
1880,2.41066748058,-0.0178171456653
1881,2.41604545987,-0.0178171456653
1882,2.41361590274,-0.0178171456653
1883,2.41418156841,-0.0178171456653
1884,2.41427147507,-0.0178171456653
1885,2.41431678653,-0.0178171456653
1886,2.41438567881,-0.0178171456653
1887,2.41443997824,-0.0178171456653
1888,2.41452134416,-0.0178171456653
1889,2.4145061676,-0.0178171456653
1890,2.41462627925,-0.0178171456653
1891,2.41462030095,-0.0178171456653
1892,2.44460674607,-0.0178143007103
1893,2.43674182879,-0.0170687457151
1894,2.44447348866,-0.01669454574
1895,2.44271487892,-0.0163203457649
1896,2.44276696017,-0.0159461457898
1897,2.44273364766,-0.0155719458147
1898,2.44286818382,-0.0151977458396
1899,2.44280348517,-0.0148235458645
1900,2.44290783058,-0.0144493458894
1901,2.44290208185,-0.0140751459142
1902,2.44296813182,-0.0137009459391
1903,2.4429954312,-0.013326745964
1904,2.40624531575,-0.0131310599301
1905,2.40967466757,-0.0125783460138
1906,2.4089009474,-0.0122041460387
1907,2.40779885713,-0.0118299460636
1908,2.40845678418,-0.0114557460885
1909,2.40860549018,-0.0110815461134
1910,2.40868340408,-0.0107073461383
1911,2.40878434613,-0.0103331461631
1912,2.40888785911,-0.00995894618803
1913,2.40893852706,-0.00958474621292
1914,2.40906249518,-0.00921054623781
1915,2.40912723034,-0.0088363462627
1916,2.43742737202,-0.00848960385733
1917,2.42711783199,-0.00808794631248
1918,2.4321012092,-0.00771374633737
1919,2.43113670325,-0.00733954636226
1920,2.43116158243,-0.00696534638715
1921,2.43118096038,-0.00659114641204
1922,2.43121517844,-0.00621694643693
1923,2.431295584,-0.00584274646182
1924,2.43132480005,-0.00546854648671
1925,2.43134907718,-0.0050943465116
1926,2.43142836129,-0.00472014653649
1927,2.43146847921,-0.00434594656138
