,t4,t5
0,23.7252699084,23.353875178
1,23.7216131064,23.3308846264
2,23.7192306476,23.3117916718
3,23.7172261025,23.2951804708
4,23.7170080579,23.2800911625
5,23.7157295047,23.26610512
6,23.7153356011,23.2528609684
7,23.7155036782,23.2402235955
8,23.8719942575,23.2304366924
9,23.949533429,23.2423626269
10,24.0492922429,23.2686555706
11,24.1242424586,23.3304273552
12,24.0896015239,23.3763327636
13,24.1026415363,23.4057830358
14,24.1032450719,23.4242016654
15,24.1049983224,23.436799143
16,24.106258371,23.4467429841
17,24.107176196,23.4553368342
18,24.1079917258,23.463020048
19,24.1091589614,23.4700083056
20,24.1668545892,23.4591879984
21,24.2186744232,23.4707273959
22,24.1991113701,23.481885497
23,24.2047162688,23.4885360058
24,24.205572295,23.4903817864
25,24.2062101267,23.4889907829
26,24.2072415806,23.4858734921
27,24.207755807,23.482015215
28,24.2081051777,23.4777888652
29,24.2096270734,23.4733189124
30,24.2135596185,23.4688346417
31,24.2190977146,23.4646808701
32,23.9474059962,23.5199469311
33,23.8840912183,23.4902630361
34,23.9451283247,23.4499724895
35,23.9325375447,23.4195554181
36,23.9341954403,23.404813438
37,23.9346254048,23.4010524831
38,23.9346053901,23.4020301639
39,23.9342402733,23.404255911
40,23.9332258658,23.4061966313
41,23.9326802926,23.4079772283
42,23.9309501214,23.4102857873
43,23.9263351584,23.4132282539
44,23.8993049487,23.4214089148
45,23.8803008157,23.4248245558
46,23.8707286607,23.4278337006
47,23.8606082984,23.431280909
48,23.8600446695,23.4358151291
49,23.8602753985,23.4423706136
50,23.8602798588,23.4508399891
51,23.8605958623,23.4605562021
52,23.8604974227,23.4709543545
53,23.8605587787,23.4817242267
54,23.8608945886,23.492642821
55,23.8607434918,23.5035706127
56,23.9309743553,23.4900137073
57,24.0144177096,23.50633187
58,23.9829397215,23.5244615613
59,23.9917373622,23.5379496574
60,23.9918197492,23.5458507055
61,23.9921984459,23.5499475962
62,23.9923325776,23.5521755907
63,23.9926240047,23.5536724269
64,23.9927665148,23.554767516
65,23.9929461178,23.5555252065
66,23.9937742828,23.5560359777
67,23.993825017,23.5564290642
68,23.7344300182,23.5935358017
69,23.6592896896,23.5682532747
70,23.7046194128,23.5265145746
71,23.6948497871,23.4946159362
72,23.6951758777,23.4784891544
73,23.6950178885,23.4730020377
74,23.6949445008,23.4720861952
75,23.6949836592,23.4725354853
76,23.6953333135,23.4733986656
77,23.6951627157,23.474629246
78,23.6954047589,23.4761990307
79,23.6955157744,23.4780687123
80,23.9352501775,23.4662735133
81,24.0839022473,23.5122408773
82,24.0736517388,23.5713293859
83,24.0654617661,23.6120992267
84,24.0710131579,23.6360789015
85,24.0709589398,23.6502327089
86,24.0714636723,23.6600206573
87,24.0721833804,23.6682106577
88,24.0719769619,23.6757543948
89,24.0727461177,23.6827574798
90,24.0731381332,23.6893444987
91,24.0735353394,23.6955985093
92,24.2001874352,23.678577051
93,24.3063988598,23.7095325821
94,24.2693194661,23.7416175263
95,24.2798866264,23.7647592758
96,24.2802170958,23.7782750825
97,24.2804382239,23.7855396224
98,24.2809777359,23.7897310314
99,24.2812943302,23.7927464364
100,24.2821218246,23.7952297164
101,24.2823117391,23.7973103154
102,24.282870615,23.799002363
103,24.2831894162,23.8004135897
104,24.0879507258,23.831450794
105,24.000323266,23.8060490322
106,24.0399500134,23.7647450208
107,24.032250505,23.7311165075
108,24.0319409005,23.7108802694
109,24.0319340531,23.7001135073
110,24.0323769303,23.6938347424
111,24.0324845707,23.6892061351
112,24.0328013784,23.6851477436
113,24.0327440492,23.6814645406
114,24.0325242868,23.6780875992
115,24.0329711186,23.6749155715
116,24.1246299533,23.6497790898
117,24.1876580991,23.6381565931
118,24.2268380845,23.646571647
119,24.2511775826,23.6719874242
120,24.2368224907,23.6964172795
121,24.240519084,23.716351498
122,24.240045179,23.7329212527
123,24.240194481,23.7477591386
124,24.2403345877,23.7619690481
125,24.2404576693,23.7760343619
126,24.2401084317,23.7900510968
127,24.2404135828,23.8039938466
128,24.1937877513,23.8122848102
129,24.1660709037,23.8119028256
130,24.1448674315,23.8049524097
131,24.1302564016,23.7948009683
132,24.1210766464,23.7839538614
133,24.1154048889,23.7736690651
134,24.1112612527,23.7643003896
135,24.1066017152,23.7557300121
136,24.1036072345,23.7476045658
137,24.1008243046,23.7397857899
138,24.0982940441,23.7321910159
139,24.0958547888,23.7247583246
140,24.0888125052,23.7192964255
141,24.0864612717,23.7158662934
142,24.0845659041,23.7141640024
143,24.0819845462,23.7136941747
144,24.080533725,23.7139436869
145,24.0790902985,23.7146790887
146,24.0777357261,23.7157641643
147,24.076810975,23.7171047573
148,24.0756772801,23.7186601293
149,24.0743957672,23.7203657963
150,24.0733116245,23.7221565696
151,24.0723655098,23.7240118092
152,23.8043411653,23.7366398111
153,23.6992541091,23.7098956089
154,23.7239237074,23.666848911
155,23.7634937906,23.6335248215
156,23.7770876572,23.6179129237
157,23.7617532612,23.6098512936
158,23.7657427095,23.604224614
159,23.7652655102,23.5988416429
160,23.7647312421,23.5933657905
161,23.7641009622,23.5879683755
162,23.763401145,23.5827606814
163,23.7635451474,23.5777381755
164,23.8754331455,23.5712695688
165,23.8938437637,23.5743705265
166,23.9023250466,23.582012454
167,23.9061657014,23.5884969201
168,23.9075731709,23.5917331976
169,23.9078112379,23.592095502
170,23.9077210244,23.5906176887
171,23.907684278,23.5881206627
172,23.9073285126,23.5850723714
173,23.9069491065,23.5816683328
174,23.9056051974,23.5780056755
175,23.9052456801,23.5740776795
176,23.6097334697,23.5937501901
177,23.4800842228,23.5654749627
178,23.5132927161,23.5163006809
179,23.565760662,23.4792663374
180,23.585699193,23.4651285167
181,23.5646748315,23.4608866349
182,23.5700051436,23.4597769398
183,23.5695450647,23.4589059456
184,23.5686096969,23.4578809388
185,23.5684100233,23.456947051
186,23.5677820959,23.4563334675
187,23.5676057048,23.4560167504
188,23.4427687068,23.4711632461
189,23.3195948126,23.4589400474
190,23.3661407382,23.4353732856
191,23.3767795873,23.4189034912
192,23.3663566013,23.4114785003
193,23.3670988259,23.4102806459
194,23.3660816952,23.4119955167
195,23.3653416801,23.4147968496
196,23.3648396491,23.4181039398
197,23.3642609275,23.4218414302
198,23.3639917388,23.4259808956
199,23.3625876275,23.4304846236
200,23.2322315007,23.4390596014
201,23.1128036106,23.4210533444
202,23.1751873214,23.3909669534
203,23.1622617124,23.3644139044
204,23.161271733,23.3457678864
205,23.1604582659,23.3329798518
206,23.16014993,23.3231131495
207,23.1591255689,23.3143722315
208,23.1578045529,23.3059542158
209,23.157504206,23.297634193
210,23.1571806768,23.2894983681
211,23.1562275113,23.2815755265
212,23.3855787516,23.2811720736
213,23.4392122256,23.2988714795
214,23.4749108828,23.321773636
215,23.4949395327,23.3415709488
216,23.5048228594,23.355782006
217,23.5089741788,23.3649496074
218,23.5117256002,23.37039528
219,23.5133615186,23.3734252633
220,23.5145658371,23.3749281478
221,23.5142606537,23.3754351281
222,23.514420271,23.3751591129
223,23.5145256195,23.3742406642
224,23.1775406509,23.3915424476
225,23.026013657,23.3580491158
226,23.0811189504,23.3042925918
227,23.1603141267,23.2662841594
228,23.1416140594,23.2489176137
229,23.1376293646,23.2431062032
230,23.1398220074,23.2412335392
231,23.1396677071,23.2399022943
232,23.1383841274,23.2385292228
233,23.1380722827,23.2372550634
234,23.1374924502,23.2363109297
235,23.136906124,23.2356961065
236,23.278648749,23.2329845835
237,23.3232759795,23.2432810873
238,23.3505644263,23.2605983481
239,23.3652894239,23.2771437391
240,23.373098446,23.2893621085
241,23.3759732651,23.2971173463
242,23.3779370166,23.3014786989
243,23.378472464,23.30368633
244,23.3791413024,23.3045464055
245,23.379688305,23.304495428
246,23.3788626335,23.3038929473
247,23.3780695438,23.3027723615
248,23.452767591,23.3050586705
249,23.4570512709,23.3178080603
250,23.4562811539,23.3359805012
251,23.4555783229,23.3546264702
252,23.4549575306,23.372055818
253,23.4538077521,23.3884912263
254,23.4528973469,23.4044986297
255,23.4520185735,23.4204712209
256,23.4511104865,23.4365836394
257,23.4494513385,23.4528688149
258,23.4477275172,23.4692375754
259,23.4467266461,23.485653435
260,23.312602374,23.4977484102
261,23.2666043661,23.4886366214
262,23.2753590805,23.4684869099
263,23.283349308,23.4488196201
264,23.2780033657,23.4329814297
265,23.2785988793,23.4203216307
266,23.2783410738,23.4092422843
267,23.2775248599,23.3987166656
268,23.2777865257,23.3883091848
269,23.2780620128,23.3780235443
270,23.2776321311,23.3679166029
271,23.2769709239,23.3579257225
272,23.145163491,23.3609517444
273,23.0917980229,23.3326491884
274,23.1278222255,23.3079666654
275,23.1191495901,23.2960627357
276,23.1137458298,23.293516973
277,23.1149974651,23.2953657289
278,23.1143164953,23.298718374
279,23.1137860147,23.3025499761
280,23.1128868167,23.3067584342
281,23.113005396,23.3113550449
282,23.1125372433,23.3163875387
283,23.1116301729,23.3217539438
284,23.2560805593,23.3230097703
285,23.3136575695,23.3335883035
286,23.3525858745,23.349180055
287,23.3820964683,23.365003955
288,23.3719037893,23.3742650006
289,23.3736668966,23.3760337368
290,23.3755092739,23.3724655776
291,23.3760064188,23.3658445966
292,23.3758750353,23.3576473212
293,23.3760653925,23.3485496843
294,23.3760281812,23.3388679149
295,23.3765389905,23.3288527688
296,23.6387043922,23.3311642221
297,23.7624352341,23.3785838235
298,23.758904438,23.4308103969
299,23.7525588324,23.4653484525
300,23.7573271289,23.4843829575
301,23.7582083474,23.4946827229
302,23.7592097347,23.5012997143
303,23.7598434297,23.5065687875
304,23.7605689077,23.5111624459
305,23.7615554053,23.5152531898
306,23.7623365548,23.5189575525
307,23.7628257501,23.5223730173
308,23.795983144,23.5238893258
309,23.8167569526,23.53769057
310,23.8092594539,23.5550981686
311,23.8118212112,23.5720842083
312,23.8123860017,23.587176875
313,23.8126416432,23.6006161224
314,23.8131887095,23.6131262602
315,23.8134201364,23.6252228313
316,23.8136873907,23.6370806956
317,23.8139284366,23.6487358974
318,23.8145068211,23.6602036652
319,23.8153096951,23.6715592587
320,24.0748205344,23.6666393412
321,24.2228802655,23.6937534711
322,24.2797894821,23.758184495
323,24.2414576756,23.8059442024
324,24.2555556532,23.8333094029
325,24.2558278694,23.8468311229
326,24.2567569438,23.8533352684
327,24.2574882368,23.8567350506
328,24.2578349775,23.8586428048
329,24.2585178563,23.8595546589
330,24.2592707479,23.8597387573
331,24.2597652717,23.8594169965
332,23.8754612555,23.8945513703
333,23.7554355093,23.8534887068
334,23.8601577986,23.7972046649
335,23.840238565,23.7566328426
336,23.8416590151,23.7375514533
337,23.8416177282,23.732894258
338,23.8415770338,23.7349885515
339,23.8417481598,23.7395592673
340,23.8419788464,23.745089144
341,23.8422284758,23.7512257968
342,23.8426083577,23.7578740466
343,23.8425944665,23.76493376
344,23.9459398136,23.755853551
345,24.059492702,23.7733287084
346,24.0329801135,23.7952131408
347,24.0370615806,23.8094368012
348,24.038890768,23.8142893989
349,24.0390272459,23.8127026032
350,24.0395188732,23.8077703966
351,24.0401184779,23.8013477072
352,24.039963892,23.7942265801
353,24.0406866656,23.7864854153
354,24.0411736708,23.7782480774
355,24.0415629895,23.7698405381
356,24.1773771869,23.7525204453
357,24.2733484669,23.7820778325
358,24.2390366814,23.8161258002
359,24.2487632395,23.8424598949
360,24.249530597,23.8591689767
361,24.2499947966,23.8696226256
362,24.25056257,23.877166476
363,24.2509481065,23.8836229415
364,24.2515084308,23.8896536087
365,24.2518840282,23.8953933539
366,24.2522670615,23.9008739685
367,24.2526994573,23.9061897358
368,24.162257228,23.9210706586
369,24.1149040677,23.908042087
370,24.1356594066,23.8868344838
371,24.1321307672,23.8678199861
372,24.1323633632,23.8545494306
373,24.1327791119,23.84587918
374,24.1326786553,23.8397188983
375,24.1328442008,23.8345955691
376,24.1330367152,23.8299542119
377,24.1333390098,23.8256514604
378,24.133476224,23.8216818941
379,24.133902178,23.8180039992
380,23.9835858484,23.83491378
381,23.915433445,23.8155080925
382,23.9434322588,23.7870100695
383,23.9377009617,23.7664466647
384,23.9377009038,23.7573904209
385,23.9375517215,23.7561922205
386,23.9378901673,23.7586353947
387,23.9380227415,23.7623977169
388,23.9377868468,23.7666307706
389,23.938068593,23.771106542
390,23.9380548589,23.7758339915
391,23.9381706705,23.7807613746
392,23.6610383292,23.7918364659
393,23.5955244644,23.7552335941
394,23.6282161582,23.7074901545
395,23.6178800333,23.674448312
396,23.6178845134,23.6592688337
397,23.6176883788,23.655084613
398,23.6173312675,23.6553302905
399,23.6173892692,23.6567668873
400,23.6173428251,23.65858223
401,23.6172361221,23.6606986192
402,23.617435921,23.6631185901
403,23.6173327046,23.6658380973
404,23.7192165219,23.661957722
405,23.8367513902,23.6820773711
406,23.8317315737,23.7147686458
407,23.8226636729,23.7416489871
408,23.8262499813,23.758800948
409,23.8256668119,23.7686189968
410,23.8260021902,23.7744997201
411,23.8249761944,23.7787433571
412,23.8250249534,23.7822194296
413,23.8247365665,23.7852778504
414,23.8248991573,23.7880161095
415,23.8242771714,23.7905333864
416,23.8996920364,23.7871352119
417,23.935767032,23.7918479016
418,23.9573879648,23.8027862002
419,23.9682416656,23.8145022
420,23.9726421286,23.8236281138
421,23.9738271824,23.8293853739
422,23.9747936728,23.8323976984
423,23.974420392,23.8335944871
424,23.9744064392,23.8336048291
425,23.973546904,23.8328815042
426,23.9732251197,23.8316286009
427,23.9724737988,23.8300246104
428,23.8926881888,23.8382997505
429,23.8056134899,23.8276045229
430,23.8218760068,23.8065442219
431,23.8487899722,23.7916437113
432,23.8332130952,23.7825391912
433,23.8356788926,23.7771446994
434,23.83615479,23.7734021518
435,23.8357094235,23.770338091
436,23.8351807813,23.7675458654
437,23.8351530138,23.7648911882
438,23.8346298348,23.7624149323
439,23.8342014939,23.7600624493
440,23.9075662269,23.7587247007
441,23.9215882951,23.7670495999
442,23.9282875144,23.7809837705
443,23.9312107756,23.7954906186
444,23.9318348188,23.8085072605
445,23.9310635116,23.8198554882
446,23.9309809861,23.8300484678
447,23.9304365665,23.8397313741
448,23.9298938652,23.8492442186
449,23.9286776992,23.8587201243
450,23.9279209343,23.8681521793
451,23.927152418,23.8775718011
452,23.6144600828,23.8891624155
453,23.4577943877,23.8558025673
454,23.5093563771,23.8055307167
455,23.5832986354,23.7676828581
456,23.568941432,23.7480501738
457,23.5640728402,23.7388111183
458,23.5658890942,23.7329244882
459,23.5655836952,23.727210346
460,23.5651837448,23.72119556
461,23.5649073269,23.7151809033
462,23.5643755411,23.7093901178
463,23.5638146203,23.703812738
464,23.4010819204,23.7040699186
465,23.2677826038,23.6817800071
466,23.3320557907,23.6486127668
467,23.3255751819,23.6222101547
468,23.3214019446,23.6068816046
469,23.321398785,23.599386527
470,23.3205096446,23.5956323125
471,23.3200606001,23.5932005425
472,23.319568498,23.5912789925
473,23.3189914208,23.5897154738
474,23.3180686706,23.5884671557
475,23.3168709595,23.5873970319
476,23.14493706,23.5838175118
477,23.0194581092,23.5608126121
478,23.0833034803,23.5250008165
479,23.0710324405,23.4960454753
480,23.0697305655,23.4786804471
481,23.0687954666,23.469602019
482,23.0681240626,23.4644119439
483,23.0676498989,23.4605272074
484,23.0669992429,23.4570752191
485,23.0660986567,23.4538971785
486,23.0653019809,23.4509537743
487,23.0646960101,23.4482068298
488,23.0988169809,23.4479801381
489,23.1482368246,23.452145936
490,23.1261638231,23.4571234314
491,23.1316364944,23.4591657631
492,23.1310709043,23.4581474771
493,23.1304919982,23.455216893
494,23.1300086176,23.4513749131
495,23.1294005925,23.4471438577
496,23.1288235136,23.4426983515
497,23.1286675219,23.4380941702
498,23.1287057016,23.4334057764
499,23.1280354104,23.4286934874
500,23.3073179038,23.4330686063
501,23.3589406589,23.4529984142
502,23.3951596056,23.4768234279
503,23.416309872,23.4976375804
504,23.4271006527,23.5133767995
505,23.4321609946,23.5244610597
506,23.4347066901,23.532032281
507,23.4367451098,23.5371765803
508,23.437805526,23.5407531278
509,23.4392340667,23.5432846472
510,23.4396752315,23.5451564609
511,23.4397063455,23.5465404852
512,23.1106895538,23.5535449891
513,22.9362195181,23.5172008021
514,23.0030526421,23.4671567733
515,23.095256713,23.4284844418
516,23.066815216,23.4110639126
517,23.0667701622,23.4065796278
518,23.0678899962,23.4063914526
519,23.0673253944,23.4066410098
520,23.0673389958,23.4067103264
521,23.0668642354,23.406980977
522,23.0660894235,23.407639181
523,23.065753014,23.4086116787
524,23.2813369567,23.414745243
525,23.3308746093,23.4390469291
526,23.3649026792,23.4674335628
527,23.3839020626,23.4907743904
528,23.3940810626,23.5067977295
529,23.3990060089,23.5166686725
530,23.4016687598,23.5221545838
531,23.4025540394,23.5247858623
532,23.4036635294,23.5255630171
533,23.4047863841,23.5251628005
534,23.4049478971,23.5240051524
535,23.4046744998,23.5222037564
536,23.3209202694,23.5224487479
537,23.2621641125,23.5122177698
538,23.2715478146,23.4979222539
539,23.2884976385,23.4876590923
540,23.2786927014,23.4822462055
541,23.2799772413,23.480018172
542,23.2802699278,23.4792462934
543,23.2800095301,23.4791590723
544,23.2792440797,23.4794486033
545,23.2788278912,23.4799509723
546,23.2787149744,23.4806218742
547,23.2779967681,23.4814598291
548,23.2765527894,23.4828111309
549,23.2686159628,23.4837390213
550,23.2727999301,23.4847647271
551,23.2713294618,23.4862930733
552,23.2707289269,23.4882612891
553,23.2708309061,23.4904627253
554,23.2700591874,23.492886898
555,23.2699558081,23.4954264775
556,23.2697531297,23.49811131
557,23.2692473151,23.5009210868
558,23.2693779179,23.5038316998
559,23.268556127,23.5068807489
560,23.1283951114,23.5032912934
561,23.0786062091,23.4775936798
562,23.11205703,23.4515416815
563,23.1018982358,23.4338672547
564,23.0973044651,23.4234776676
565,23.0981916789,23.4164620874
566,23.0976182642,23.4103840431
567,23.09722428,23.404408619
568,23.0969167427,23.3984694808
569,23.0965104264,23.3926424386
570,23.0964396909,23.386924856
571,23.0958123182,23.3812974347
572,23.0701375852,23.3753694291
573,23.033669073,23.3644612978
574,23.0516808776,23.3521605684
575,23.0475443891,23.3423624828
576,23.0475006581,23.3354827659
577,23.0479992407,23.33062874
578,23.0473854782,23.3269789406
579,23.0471022727,23.3238533041
580,23.0470709499,23.3209595403
581,23.046743985,23.318244744
582,23.0467257801,23.3156654456
583,23.0470788117,23.313225988
584,23.3889102448,23.3202053788
585,23.5598145309,23.3774975491
586,23.5556773155,23.4391841527
587,23.5441416105,23.4782402522
588,23.5506893577,23.4972266779
589,23.5515636961,23.504987082
590,23.5525076837,23.5081972377
591,23.5532122107,23.5098708888
592,23.5539588408,23.510873697
593,23.5544841571,23.5114000583
594,23.555319166,23.5114894917
595,23.5556787401,23.5112333654
596,23.5698129805,23.5110749132
597,23.5775733479,23.5154095346
598,23.5752187131,23.5213444722
599,23.576526239,23.5270335285
600,23.576875264,23.5320601371
601,23.5768611761,23.5365972004
602,23.5775497487,23.5408144893
603,23.5775955649,23.5449756991
604,23.5780434127,23.5491308985
605,23.5783898236,23.5533412578
606,23.5788039237,23.5576162492
607,23.579002746,23.5619486331
608,23.1639942489,23.5613389184
609,23.0919107961,23.5019157541
610,23.1417212535,23.4203184736
611,23.1290786293,23.3608950947
612,23.1288844178,23.3294362468
613,23.1287369034,23.3148858737
614,23.128442399,23.3066831591
615,23.1282470804,23.2997490895
616,23.1282156687,23.2929400516
617,23.1273772682,23.2864130916
618,23.126441672,23.2802305507
619,23.126491051,23.2742921835
620,23.3788177701,23.2842857819
621,23.4600649479,23.3330987252
622,23.4354941081,23.3789372189
623,23.4376787502,23.4055624497
624,23.4394131631,23.4170199392
625,23.4398255344,23.4211076452
626,23.4400468023,23.4229265137
627,23.4402280071,23.4243438148
628,23.4401464373,23.4255261516
629,23.4405307834,23.4263192683
630,23.4406617674,23.426802739
631,23.4408647525,23.4270700808
632,23.5566356445,23.4193790906
633,23.6575118467,23.4484668843
634,23.6219816462,23.4809354709
635,23.6321125338,23.5053274472
636,23.632724662,23.5207323842
637,23.6327853696,23.5305711056
638,23.6330337799,23.5379680137
639,23.6334071197,23.5445628418
640,23.6335446541,23.5508768884
641,23.6337364965,23.5569688363
642,23.6340431727,23.5628525139
643,23.6343541943,23.5685751863
644,23.2749327023,23.5733279485
645,23.209343657,23.5217114987
646,23.2563222984,23.4515800087
647,23.2449171066,23.3996318683
648,23.2452646728,23.3706879463
649,23.2451541872,23.3556563855
650,23.2450844997,23.3457872991
651,23.2452466735,23.3369267956
652,23.2451751374,23.3281875061
653,23.2451658826,23.3196487817
654,23.2452115129,23.311483759
655,23.2453128093,23.3036583333
656,23.3610159138,23.297268594
657,23.4090933241,23.3205919158
658,23.3916404124,23.3490363109
659,23.3966427306,23.3706256398
660,23.3965283979,23.3844558347
661,23.3967922915,23.3937949724
662,23.3968520843,23.4015763333
663,23.3970911665,23.4091143586
664,23.3973055004,23.4167708928
665,23.3972865578,23.4244294299
666,23.3972916727,23.4319764251
667,23.3976576804,23.4394586686
668,23.6418392104,23.4440549788
669,23.743006568,23.4933160762
670,23.7264326891,23.5438911951
671,23.7253575597,23.575149852
672,23.7283324094,23.5893600616
673,23.7286858897,23.5941383633
674,23.7290209381,23.5952318982
675,23.7295213238,23.5951826813
676,23.7294428913,23.594641456
677,23.7296382814,23.5936141819
678,23.7302932236,23.5921403739
679,23.7304994609,23.5903480638
680,23.307518773,23.5946346841
681,23.2461161248,23.5377259703
682,23.298872439,23.4650649808
683,23.2868535921,23.4159465775
684,23.2870632878,23.3936832736
685,23.286854384,23.3868218325
686,23.2867636824,23.3854952122
687,23.2866976728,23.3853417928
688,23.2865779546,23.3854511281
689,23.2867656934,23.3859377274
690,23.2864492905,23.3869206178
691,23.2865876707,23.3882333829
692,23.309817934,23.387092923
693,23.3511809922,23.3968634765
694,23.3323025368,23.4077948877
695,23.3362185437,23.4146736917
696,23.3354927117,23.4171873654
697,23.33490508,23.4169720146
698,23.3344001179,23.4154620542
699,23.3339741166,23.413387352
700,23.3334392102,23.4109927273
701,23.3333419854,23.4083368516
702,23.3329088086,23.4054973846
703,23.3324824574,23.4024960159
704,23.2244874317,23.4037606216
705,23.1590893568,23.3921099199
706,23.1892665251,23.3778855547
707,23.1817634234,23.3695210795
708,23.1810187012,23.3678549833
709,23.1801035378,23.3704202078
710,23.1796372849,23.3748906947
711,23.1788696952,23.3801521481
712,23.1787459291,23.3858144566
713,23.1782130801,23.3918469585
714,23.1775683031,23.3981794154
715,23.1768585106,23.4047204197
716,23.0955129184,23.4057262905
717,23.0359447289,23.3895395372
718,23.0634626363,23.364483998
719,23.0570387507,23.3411134793
720,23.0562670143,23.3222090056
721,23.0557727905,23.306511398
722,23.0553503968,23.2921619318
723,23.0553731519,23.2780728667
724,23.0544990999,23.2639609868
725,23.0542781209,23.2497338289
726,23.053795984,23.2354620276
727,23.0529661445,23.2211548642
728,23.1224962498,23.2092548863
729,23.2109882555,23.2170639842
730,23.1885724692,23.2316198579
731,23.1907679777,23.2433871731
732,23.1912998274,23.2504201681
733,23.1914756535,23.2542114061
734,23.1910205857,23.2566260556
735,23.1906085091,23.258596116
736,23.1906816973,23.2604201148
737,23.1897734634,23.2621938793
738,23.1894488035,23.2638567489
739,23.1889578192,23.2654708033
740,23.2311459476,23.2617582984
741,23.2911686227,23.2653690875
742,23.2724693846,23.26883995
743,23.2752875641,23.2682925411
744,23.2757973787,23.2637624057
745,23.2756650372,23.2566425262
746,23.2754334889,23.2481889968
747,23.275255015,23.2390768626
748,23.274862327,23.2295895024
749,23.274473038,23.2198149564
750,23.2742697855,23.2098130566
751,23.2739193139,23.1996615089
752,23.4307499916,23.1947321376
753,23.4620050317,23.1978352951
754,23.4803061095,23.201829351
755,23.490849522,23.2030437303
756,23.4953856625,23.200801814
757,23.4970932475,23.1956360942
758,23.4985711519,23.1883364961
759,23.497957351,23.1796564545
760,23.4984044774,23.1699709759
761,23.4979429581,23.1596508954
762,23.497515594,23.1488912551
763,23.4964245036,23.137830086
764,23.1512781012,23.165035991
765,23.0036502729,23.1309065284
766,23.0553288958,23.0709123128
767,23.1294833404,23.0307113422
768,23.1206196546,23.014679936
769,23.1117811822,23.0103189967
770,23.1149594068,23.0097624779
771,23.1142488878,23.0096918312
772,23.1134870851,23.0095878815
773,23.1133186066,23.0097122976
774,23.1123518801,23.010277217
775,23.1119786788,23.0111860652
776,23.3380842902,23.0089445153
777,23.3614481135,23.0194753766
778,23.371493033,23.0316161109
779,23.3779729607,23.0371071907
780,23.3789127065,23.0351450941
781,23.3788511899,23.0278821397
782,23.3780591722,23.0175706744
783,23.3766532463,23.0055614655
784,23.3759685786,22.9924839241
785,23.3746148464,22.9787265011
786,23.3732412416,22.9644661109
787,23.3720787461,22.9498161998
788,23.6059515379,22.9420412142
789,23.6395292952,22.9575134192
790,23.6212464603,22.9845270671
791,23.6200138479,23.007380309
792,23.6198479855,23.023175148
793,23.6202653655,23.0345480035
794,23.6205415004,23.0443132026
795,23.6202448237,23.0538244742
796,23.620058363,23.0633185827
797,23.6196800985,23.0727706293
798,23.6194691841,23.0821250131
799,23.6199431142,23.0914410506
800,23.5914654375,23.099872113
801,23.5904962677,23.1053652437
802,23.5907978945,23.1096518085
803,23.5904133747,23.1143522311
804,23.5899101525,23.1197775591
805,23.590410643,23.1256645161
806,23.5901559735,23.1318278108
807,23.590112442,23.1381044042
808,23.5897507887,23.1444317542
809,23.5895858358,23.1507889432
810,23.5904036719,23.1572026108
811,23.5902271135,23.1637526782
812,23.4935765958,23.1681849616
813,23.4605147727,23.162772285
814,23.4409255182,23.1509816167
815,23.4397558511,23.1383654051
816,23.4404872331,23.1286050198
817,23.4398241761,23.1220912694
818,23.439581684,23.1176288525
819,23.4398644893,23.1141315558
820,23.4400113108,23.1110910773
821,23.4399253304,23.1083176066
822,23.439868953,23.1057192722
823,23.4396070301,23.1032318841
824,23.7253589072,23.1005561074
825,23.7655569882,23.1177823917
826,23.7402249387,23.1428436297
827,23.7399072165,23.1589230376
828,23.7406511853,23.16403582
829,23.7397120138,23.1622334098
830,23.7399413731,23.1571099362
831,23.7401712457,23.1506213969
832,23.740806434,23.1434462628
833,23.7401087617,23.1357826361
834,23.7401923953,23.1276246277
835,23.7402902461,23.1190874271
836,23.5017679488,23.1103848905
837,23.4486525039,23.083122474
838,23.409142259,23.0489139859
839,23.3824975213,23.0181159473
840,23.3701787328,22.9940790592
841,23.3699046261,22.9764044598
842,23.3699444275,22.9639302289
843,23.3706126288,22.9549666837
844,23.3704943833,22.9481357091
845,23.3697333126,22.9424880847
846,23.3697976096,22.9374616678
847,23.3696987964,22.9328470636
848,23.6306426,22.9777032891
849,23.6999827203,23.0104352185
850,23.6998490643,23.0227912689
851,23.6998259593,23.023190751
852,23.7000579768,23.0199919632
853,23.6993969433,23.0167867147
854,23.7000133328,23.0139917075
855,23.7009293969,23.0112908208
856,23.7001390964,23.0084745435
857,23.6996859665,23.0053775886
858,23.6999697559,23.0020411659
859,23.6999142837,22.9986293338
860,23.7376733743,22.9936310424
861,23.7400243706,22.9889400721
862,23.7398918691,22.9833392823
863,23.7402252714,22.9757511778
864,23.7399774049,22.966128809
865,23.7403929053,22.9551537715
866,23.7398517021,22.9435346074
867,23.740075392,22.9315942442
868,23.7405179936,22.91946424
869,23.7397950094,22.9072711743
870,23.7396949387,22.8949732017
871,23.7398351168,22.8825964588
872,23.9677371614,22.8740215443
873,24.0153751568,22.8838573469
874,23.994942615,22.9031230077
875,23.9800398362,22.9170079351
876,23.9801785372,22.9217892377
877,23.9805515555,22.9210983359
878,23.9806070769,22.91855649
879,23.9799645056,22.9158128524
880,23.980678537,22.9132202493
881,23.9801966237,22.9108175472
882,23.9801227608,22.9084647495
883,23.9798655125,22.9061397455
884,23.8620370394,22.9080497615
885,23.8407861987,22.9059259017
886,23.8369127809,22.9038635933
887,23.8468587385,22.9062793813
888,23.866029755,22.9147371082
889,23.8949698593,22.9287213994
890,23.9228279404,22.9512874566
891,23.931063831,22.9784053613
892,23.9364901893,23.0061841219
893,23.9411678092,23.0332242896
894,23.9440032781,23.0592586113
895,23.9460877691,23.0844511037
896,23.9063519758,23.1077278328
897,23.8931694941,23.1181740657
898,23.8933439841,23.1214891743
899,23.8961253779,23.1224862809
900,23.8989860227,23.1239610546
901,23.9023374324,23.1264161021
902,23.9052369886,23.1293499956
903,23.9079195914,23.132297843
904,23.9104526318,23.1350837818
905,23.9130726313,23.1375159072
906,23.9158270816,23.1397844953
907,23.9181430343,23.1420626796
908,23.8194983011,23.1503224038
909,23.8028809221,23.1455913429
910,23.8056071855,23.1367382829
911,23.806758563,23.1309897902
912,23.8083505439,23.1301496009
913,23.8097659865,23.1328063769
914,23.8106274092,23.1368741683
915,23.811677873,23.1412814422
916,23.8122702295,23.1457056875
917,23.8128243576,23.1500772248
918,23.8134761906,23.1543649261
919,23.8137911347,23.1585945378
920,23.3846425982,23.2045544085
921,23.284628658,23.1592063568
922,23.3154868911,23.0772774475
923,23.3574494835,23.0149371568
924,23.3854660204,22.9893927536
925,23.3886110674,22.9881270536
926,23.3834180951,22.9899452226
927,23.3857129223,22.9899843164
928,23.3855448454,22.9882660543
929,23.3852310028,22.9859867219
930,23.3851116288,22.9837982407
931,23.3850857818,22.9818562993
932,23.2142065493,23.0022451684
933,23.1388806042,22.9840240318
934,23.1572304148,22.9489688234
935,23.1629799903,22.9263903823
936,23.1552034937,22.9166262513
937,23.1558835826,22.9145968565
938,23.1559577166,22.9159246757
939,23.1549385656,22.9179868176
940,23.1538129733,22.919991087
941,23.1526286488,22.9219750736
942,23.151593597,22.9240612154
943,23.1505731775,22.9263020862
944,23.2988319884,22.9213002623
945,23.3486109858,22.9352219579
946,23.3629984116,22.9575560837
947,23.3731332549,22.977559848
948,23.3768677022,22.9911744845
949,23.3777233385,22.9990896551
950,23.3780066174,23.003540338
951,23.3800829637,23.0062187933
952,23.385593451,23.008201569
953,23.393370791,23.0102584371
954,23.4024797504,23.012781738
955,23.4113823666,23.0158417274
956,23.5765068794,23.0194953407
957,23.6060362376,23.0441722372
958,23.5966656289,23.0708359128
959,23.6022807405,23.0920915933
960,23.604263687,23.107630443
961,23.6066892432,23.1196758143
962,23.6047117406,23.129790494
963,23.5988134149,23.1385534115
964,23.5911022938,23.1460479794
965,23.5824798117,23.1524357173
966,23.573362311,23.1579476765
967,23.563330504,23.1628372565
968,23.6267815326,23.1619489481
969,23.6508774802,23.1684496557
970,23.6322077766,23.1756849858
971,23.628023229,23.1797915699
972,23.6223217786,23.1804505115
973,23.6155699161,23.1797037105
974,23.603386666,23.1784748823
975,23.5875564466,23.1765046194
976,23.5720957473,23.1733938231
977,23.5533978385,23.169250641
978,23.5500093635,23.1641295127
979,23.5507087887,23.159440991
980,23.3636075671,23.1593304808
981,23.3023370206,23.1499067277
982,23.2831360499,23.1390742555
983,23.2710183996,23.134128329
984,23.2629021279,23.1365214572
985,23.2567288941,23.1445575643
986,23.2520600541,23.1561385622
987,23.247552078,23.1698794077
988,23.2434343637,23.1850064146
989,23.2396223802,23.2011355517
990,23.236479491,23.2180672409
991,23.2330975675,23.2356803284
992,23.0748266675,23.2489886344
993,23.0616607972,23.244245174
994,23.0576678267,23.2312131679
995,23.0552740439,23.2189960552
996,23.0526581022,23.2104027683
997,23.0504392333,23.2045894411
998,23.0480117034,23.2001337584
999,23.0457773014,23.1961390329
1000,23.0438843467,23.1922775381
1001,23.0422006507,23.1885040748
1002,23.0402306316,23.1848278349
1003,23.0376307701,23.1812036805
1004,23.143811469,23.1773617665
1005,23.1460317383,23.1821102638
1006,23.142833174,23.1893109782
1007,23.1396596061,23.1938699511
1008,23.1371635263,23.1948523735
1009,23.134838315,23.1933930243
1010,23.1331549763,23.1907125957
1011,23.1313741776,23.1875407323
1012,23.129144999,23.1841400325
1013,23.1274400006,23.1805350243
1014,23.1268516181,23.1767772018
1015,23.1248039449,23.1730016643
1016,23.0935491681,23.1695662727
1017,23.0894249946,23.1641738553
1018,23.0877880518,23.15827129
1019,23.0863864689,23.1531681588
1020,23.085414555,23.14910624
1021,23.0835071126,23.1458079592
1022,23.081848847,23.1428596756
1023,23.0809103997,23.1400476701
1024,23.0792576938,23.1373583533
1025,23.0779060027,23.1347321288
1026,23.0766590189,23.1321537351
1027,23.0759233817,23.1295653416
1028,23.2768246785,23.1267420121
1029,23.303269099,23.1402430786
1030,23.2906308375,23.1601603614
1031,23.2898954837,23.1749895321
1032,23.290488015,23.1827717743
1033,23.2900708767,23.1858786478
1034,23.2906742453,23.18669589
1035,23.2898557967,23.1866113148
1036,23.2901213003,23.1860185081
1037,23.2895109731,23.1850958266
1038,23.2901879808,23.1838660054
1039,23.2898212934,23.1824799601
1040,23.012683928,23.1743324812
1041,22.9859255751,23.1449667704
1042,22.9711515824,23.1100955074
1043,22.9611468002,23.0803148033
1044,22.954071057,23.0577831365
1045,22.9509299369,23.0406106398
1046,22.9479327617,23.0268025804
1047,22.9451760094,23.0148816076
1048,22.9431256679,23.0039858649
1049,22.9406358825,22.9937552858
1050,22.9397798701,22.9839768868
1051,22.9376770287,22.9746493758
1052,23.0754211129,22.9663979235
1053,23.0840467019,22.9708438389
1054,23.0839669203,22.9800392618
1055,23.0817035932,22.986919711
1056,23.0802353346,22.9896821801
1057,23.0786624589,22.9895052801
1058,23.0777994212,22.9878593691
1059,23.0763358225,22.9856557949
1060,23.0749067553,22.983189025
1061,23.0738296243,22.9805272134
1062,23.071951217,22.977730742
1063,23.0711734097,22.9747830799
1064,23.3922347734,22.9896629227
1065,23.4901876756,23.0249579368
1066,23.4901661906,23.0602934432
1067,23.4903599288,23.0842892485
1068,23.4896128399,23.0974341962
1069,23.4898231232,23.1039328759
1070,23.490182087,23.1072812701
1071,23.4901724098,23.1092498741
1072,23.490583578,23.1104311652
1073,23.4904013263,23.1110722235
1074,23.4902023406,23.1112354345
1075,23.4906124833,23.1110362468
1076,23.2801955294,23.1030485319
1077,23.2248402782,23.0750812902
1078,23.1827198597,23.038112112
1079,23.1703273481,23.0009139945
1080,23.1697302181,22.968428314
1081,23.1698046481,22.941855634
1082,23.16942046,22.9197709107
1083,23.1700281562,22.9002400914
1084,23.1697352351,22.8822255515
1085,23.1698873389,22.8650630382
1086,23.1702019395,22.8484032162
1087,23.1697388828,22.8320958582
1088,23.0963094752,22.821081525
1089,23.0747570854,22.8110327447
1090,23.0606634594,22.8029486693
1091,23.0515875947,22.7982111238
1092,23.0494922258,22.7969362045
1093,23.0498271689,22.7987621952
1094,23.0505317331,22.8030163493
1095,23.0504088258,22.8089478011
1096,23.0505439086,22.8158935249
1097,23.0504681886,22.8234804604
1098,23.0498795543,22.8315044769
1099,23.0496096736,22.8398197698
1100,23.0879304465,22.8445157644
1101,23.0898581126,22.8477001649
1102,23.089520352,22.8483469716
1103,23.0899109256,22.8460586022
1104,23.0898446886,22.8415028788
1105,23.0905379159,22.8355145549
1106,23.0903082619,22.828763084
1107,23.0898849479,22.8215297785
1108,23.0902906041,22.8139414975
1109,23.0901768234,22.8061635028
1110,23.0897497254,22.7982545747
1111,23.0896626352,22.7902103063
1112,23.355465554,22.8233649277
1113,23.4303714694,22.8566746669
1114,23.4300692642,22.8786086957
1115,23.4299415171,22.8901349763
1116,23.4299240599,22.896184134
1117,23.4301897745,22.9002473288
1118,23.4298255248,22.9037220249
1119,23.4299783445,22.9068773308
1120,23.4301074563,22.9097497109
1121,23.4297402179,22.9123758721
1122,23.4301199921,22.9147645825
1123,23.4301778979,22.9170628397
1124,23.430464349,22.9208614018
1125,23.4296250433,22.9266231374
1126,23.4302277983,22.9338328611
1127,23.4292979838,22.9420046536
1128,23.4297371805,22.9506945088
1129,23.4303246192,22.9597846085
1130,23.429921438,22.9692379326
1131,23.4292273866,22.9789283105
1132,23.4299180999,22.9887782911
1133,23.4302051127,22.9988576211
1134,23.4297731671,23.0091856263
1135,23.4296859123,23.0197031646
1136,23.171381547,23.0169387127
1137,23.1158835488,22.997116539
1138,23.0722482346,22.9723103373
1139,23.0452760188,22.9495027387
1140,23.0297771824,22.9313538143
1141,23.0211147526,22.9179824153
1142,23.0201665453,22.9085046465
1143,23.0199979517,22.9022366574
1144,23.0200666964,22.8983389862
1145,23.0201223597,22.8960176914
1146,23.0196763084,22.8946811469
1147,23.0201854363,22.8939196414
1148,23.2757343632,22.9105376821
1149,23.3394648964,22.9385586643
1150,23.3402917334,22.9630164836
1151,23.3399745459,22.9776880395
1152,23.3403995001,22.9840290894
1153,23.3402401267,22.9854236141
1154,23.3399890762,22.9843001084
1155,23.3396077028,22.9818794121
1156,23.3402666809,22.9786695497
1157,23.3398846658,22.9749954796
1158,23.3396980028,22.9709562828
1159,23.3397512298,22.9666511086
1160,23.3119390789,22.962095341
1161,23.3097410922,22.9550741038
1162,23.3103407231,22.9471793375
1163,23.3099057968,22.939974503
1164,23.309488599,22.9338135172
1165,23.3096293875,22.9284745234
1166,23.3101992595,22.923728948
1167,23.3100990914,22.9194562814
1168,23.3098883093,22.9155283734
1169,23.3099277306,22.9118728507
1170,23.3125503515,22.908486378
1171,23.3290444551,22.9056190224
1172,23.3076929287,22.9024392744
1173,23.3139593124,22.895584486
1174,23.3439594648,22.8901467821
1175,23.3519728779,22.8857384524
1176,23.36810049,22.8831684306
1177,23.3775757699,22.8824848104
1178,23.3820151552,22.8816576118
1179,23.3857060357,22.8797402982
1180,23.3889778525,22.876769505
1181,23.3914623224,22.8735008885
1182,23.3905407778,22.8703696152
1183,23.3881410012,22.8671743632
1184,23.3211789164,22.8711651389
1185,23.2879575107,22.8702824037
1186,23.2764122783,22.8678621277
1187,23.2655352776,22.8672007393
1188,23.2604567469,22.8696212411
1189,23.2571310832,22.875043839
1190,23.2530211382,22.8825164336
1191,23.2497720611,22.891013795
1192,23.2528599799,22.9000007302
1193,23.2564441643,22.9099012568
1194,23.2594803898,22.9207891799
1195,23.262698033,22.9323078238
1196,23.10960891,22.9473186666
1197,23.0657377546,22.9366709418
1198,23.0639932772,22.913730184
1199,23.0619217372,22.893872839
1200,23.061596286,22.8822743426
1201,23.0621889919,22.8772571976
1202,23.0605849824,22.8753413394
1203,23.0598870057,22.874400779
1204,23.0583726806,22.8736347323
1205,23.0563873218,22.8728407714
1206,23.0545348875,22.8720170622
1207,23.0530937566,22.8713234864
1208,23.4221515322,22.8788988807
1209,23.4783959036,22.9298448689
1210,23.4379217087,22.9851900855
1211,23.4240673159,23.0225545382
1212,23.4215509513,23.041294948
1213,23.419372504,23.0502383309
1214,23.4120123284,23.0550408053
1215,23.4048180616,23.0581162341
1216,23.3969933293,23.0602288128
1217,23.3885841286,23.06153086
1218,23.3802345592,23.0621213671
1219,23.3678097298,23.0616216021
1220,23.1184658207,23.0609840947
1221,23.056090565,23.0305444285
1222,23.0399645947,22.9906179539
1223,23.0133750167,22.9552907908
1224,22.9922197656,22.9279240549
1225,22.9716675218,22.9066357939
1226,22.9668943645,22.89019306
1227,22.9649962389,22.8772630394
1228,22.9676150116,22.8672506824
1229,22.967079396,22.8591915333
1230,22.9667058886,22.8520834438
1231,22.9670700799,22.8454956529
1232,23.195371181,22.8468151618
1233,23.2509265388,22.8637871064
1234,23.2459611333,22.887971997
1235,23.2277612804,22.9042757781
1236,23.2338865896,22.9115382101
1237,23.2382407749,22.9140818107
1238,23.2364268531,22.9142788821
1239,23.2318925246,22.9129760641
1240,23.2279706672,22.9104653502
1241,23.2237994857,22.9070798567
1242,23.2197452304,22.9031073946
1243,23.2150399495,22.8987716291
1244,23.3090338683,22.8946199231
1245,23.3094533357,22.8992674106
1246,23.3017507085,22.9068486017
1247,23.2911932167,22.9120821079
1248,23.278132571,22.9136391413
1249,23.2632315919,22.9122257863
1250,23.2598362702,22.9088814307
1251,23.259416168,22.9053509084
1252,23.2601881199,22.9025686341
1253,23.2601800141,22.9006325724
1254,23.2602026974,22.8991835595
1255,23.2600565645,22.8979151779
1256,23.1542814272,22.896662442
1257,23.1113721416,22.8869016254
1258,23.109886058,22.8716178703
1259,23.1096468818,22.8579713331
1260,23.1099205983,22.8486030772
1261,23.1101686839,22.8427880223
1262,23.1102958713,22.8389850102
1263,23.1106015719,22.8360932147
1264,23.1098321196,22.833612956
1265,23.1102916005,22.8312818091
1266,23.1103157824,22.8291101562
1267,23.1105804088,22.827069048
1268,23.0318145847,22.8268254286
1269,23.0037422926,22.8224819336
1270,22.9902183985,22.8160479769
1271,22.9900764848,22.8109587021
1272,22.9897466246,22.8093130085
1273,22.9897056937,22.810825823
1274,22.9904082112,22.8143982867
1275,22.9902230362,22.8191786525
1276,22.9896182869,22.8246148721
1277,22.9901674757,22.8304280098
1278,22.9900936328,22.8366169925
1279,22.9898861642,22.8431276916
1280,23.0471283372,22.8480470248
1281,23.0502208637,22.8554645327
1282,23.0497973721,22.8626777718
1283,23.0501052141,22.8676194373
1284,23.049879946,22.8702762992
1285,23.0501189031,22.8714095109
1286,23.0499679651,22.8717608855
1287,23.0506566837,22.8717164363
1288,23.0496690466,22.871508972
1289,23.0501347162,22.8710950817
1290,23.0502608924,22.8705851229
1291,23.0503299875,22.8700328576
1292,23.3248476731,22.8929867124
1293,23.4104138017,22.9274171417
1294,23.4100043407,22.9569952871
1295,23.4104358277,22.9759803427
1296,23.410820388,22.9865779798
1297,23.4107291818,22.9925477686
1298,23.4098302335,22.9963842261
1299,23.4106778713,22.9991383819
1300,23.4095789108,23.0013230076
1301,23.4099850089,23.002987512
1302,23.409627169,23.0043102025
1303,23.4099321234,23.0053792273
1304,23.3529706912,23.0047101877
1305,23.3502473917,22.9972947495
1306,23.3499698143,22.9867369628
1307,23.3504695753,22.9764255414
1308,23.3500797279,22.9674627238
1309,23.3505132937,22.9594998789
1310,23.349928587,22.9520517316
1311,23.3500029174,22.9447353015
1312,23.3498855946,22.9374419478
1313,23.350273998,22.9301591199
1314,23.3502788662,22.9229378297
1315,23.3495005367,22.9157417789
1316,23.5022229175,22.9092750706
1317,23.5099526391,22.9143931738
1318,23.5093239992,22.9234162281
1319,23.5095971012,22.9289121792
1320,23.5104309915,22.9294144361
1321,23.5099884189,22.9264548025
1322,23.5093405023,22.9217046339
1323,23.5104697266,22.9160937686
1324,23.5103571888,22.9101937544
1325,23.5094400212,22.9041279381
1326,23.5097642947,22.897814538
1327,23.5096736426,22.8914142272
1328,23.2649734655,22.8835871321
1329,23.1831539509,22.8554563778
1330,23.160766319,22.8179699106
1331,23.1602664414,22.7847691689
1332,23.1597169671,22.7612297128
1333,23.1593339938,22.7458847742
1334,23.1607346883,22.735381528
1335,23.1598130134,22.7273277295
1336,23.1599875879,22.7203538508
1337,23.1600744914,22.7140009278
1338,23.1598690059,22.7080863325
1339,23.1603570243,22.7025142456
1340,23.2354867079,22.7010621956
1341,23.2396890153,22.7096675313
1342,23.239830789,22.7232918541
1343,23.2397731976,22.7370628248
1344,23.2398103921,22.7495032046
1345,23.2398062992,22.7609858731
1346,23.2400294535,22.77216779
1347,23.2404898632,22.7834643748
1348,23.2402526997,22.7950130894
1349,23.240096134,22.8067528279
1350,23.2404747489,22.8186687206
1351,23.2403875434,22.8308263984
1352,23.345030012,22.84056565
1353,23.3495110072,22.8546871955
1354,23.3494797001,22.8684868795
1355,23.3495678858,22.8781223988
1356,23.3497940379,22.8834430317
1357,23.3502885137,22.885863843
1358,23.3493037356,22.8867616685
1359,23.3494938221,22.886771663
1360,23.3499456528,22.8862830011
1361,23.3500019988,22.8855138184
1362,23.349648152,22.8845152219
1363,23.3494117392,22.8833159681
1364,23.1937559193,22.880302482
1365,23.1323861592,22.8627843987
1366,23.1207319477,22.8353072677
1367,23.1202848908,22.8084433627
1368,23.1204707906,22.7873226967
1369,23.1198551537,22.7715868301
1370,23.1198534518,22.759064281
1371,23.1201061079,22.748072962
1372,23.1203181329,22.7378212353
1373,23.1196844574,22.7279889872
1374,23.1197336449,22.7183813659
1375,23.1200657161,22.7089614253
1376,23.052868036,22.7024105147
1377,23.0313313912,22.694309584
1378,23.0294191354,22.6859095358
1379,23.0296091951,22.6802926927
1380,23.0293529866,22.6782080569
1381,23.0306948567,22.6787548094
1382,23.0308171466,22.6809518677
1383,23.0300407276,22.6840177867
1384,23.0302787478,22.6874798756
1385,23.0309785601,22.6912409679
1386,23.0300696281,22.6953123878
1387,23.0295657318,22.6995323009
1388,22.9850336866,22.7035936754
1389,22.9707705793,22.7038735052
1390,22.9701914694,22.7019882247
1391,22.9699113305,22.7008094706
1392,22.9698380544,22.7013320614
1393,22.9699720603,22.7032564158
1394,22.9696757078,22.7060123759
1395,22.9696389594,22.7091706597
1396,22.9696932977,22.7125563401
1397,22.9701922545,22.7161137831
1398,22.9703151476,22.7198526592
1399,22.9696137368,22.723727877
1400,23.2550605173,22.7309945516
1401,23.2973907866,22.7646092134
1402,23.2704462738,22.8105858406
1403,23.2704172192,22.8508976833
1404,23.2698391454,22.8823384168
1405,23.2697908397,22.9079881128
1406,23.269771949,22.9310915992
1407,23.2702060949,22.9534610568
1408,23.2698494867,22.9758881827
1409,23.2701237821,22.9985441532
1410,23.2703659207,23.0216264237
1411,23.2701825631,23.0448314706
1412,23.0347141362,23.0446976293
1413,22.9850938426,23.0302160633
1414,22.9458606506,23.0120453586
1415,22.9215175553,22.9939299788
1416,22.9077350798,22.9777733017
1417,22.901271766,22.9644855439
1418,22.8969688558,22.9542432167
1419,22.8927162147,22.9465425489
1420,22.8897283873,22.9405808021
1421,22.8898921357,22.935778008
1422,22.889632744,22.9319912547
1423,22.8901959162,22.9289945805
1424,23.0233153141,22.9266076248
1425,23.0504512145,22.9357927012
1426,23.0381569139,22.9509474791
1427,23.0302184593,22.9632056165
1428,23.0304805374,22.9698869954
1429,23.0305960525,22.9727434478
1430,23.0298683754,22.9737986466
1431,23.0301275281,22.9740966394
1432,23.0302303965,22.9740929983
1433,23.0295985008,22.9739041945
1434,23.0294778758,22.973490202
1435,23.0300935865,22.972896565
1436,23.0967729089,22.9690887024
1437,23.1127351209,22.9668065877
1438,23.1113694523,22.9643129535
1439,23.1048975892,22.9585587618
1440,23.1001786749,22.9484184761
1441,23.0995253993,22.9348497461
1442,23.1004644424,22.9195855082
1443,23.1003130806,22.9038667359
1444,23.1001858643,22.8880885215
1445,23.1007557384,22.872301641
1446,23.1013787549,22.8566055563
1447,23.1024995247,22.841001889
1448,23.0646371683,22.8401530916
1449,23.1150620591,22.8488473261
1450,23.0992933564,22.852416501
1451,23.1026582256,22.8519168965
1452,23.1048061081,22.8504851105
1453,23.1056329502,22.8494605576
1454,23.1066148,22.8489537857
1455,23.1076216606,22.8487670511
1456,23.1081098753,22.8487484702
1457,23.1086928224,22.848763605
1458,23.109735474,22.8488139071
1459,23.1104403875,22.848973893
1460,23.0899762378,22.850973101
1461,23.0795164714,22.8458621157
1462,23.0852227988,22.8389372262
1463,23.0840781797,22.8328001868
1464,23.084794938,22.82798351
1465,23.0849212646,22.8241288453
1466,23.0852245479,22.8206982408
1467,23.0857883097,22.8174098274
1468,23.0862560623,22.8141987935
1469,23.0862567581,22.811064116
1470,23.0866802918,22.8079315917
1471,23.0871304497,22.8048191083
1472,23.3028635307,22.7873477573
1473,23.458275175,22.8202635466
1474,23.4609005376,22.8741486144
1475,23.4460830229,22.9117698859
1476,23.4535837488,22.9333831185
1477,23.4538482388,22.9449176045
1478,23.4544591145,22.9516697415
1479,23.4550531127,22.9564699364
1480,23.4554792905,22.9603791636
1481,23.4559372928,22.9637002962
1482,23.4567259333,22.9665371311
1483,23.4569584372,22.969052443
1484,23.2496612104,23.0075970445
1485,23.1518222139,22.9833945321
1486,23.1961009977,22.9409286031
1487,23.1885118072,22.907184266
1488,23.1880459313,22.8891415953
1489,23.1883695899,22.8822458713
1490,23.1882920669,22.880639897
1491,23.1887137752,22.8808317479
1492,23.188774476,22.8816337566
1493,23.1891100728,22.882808304
1494,23.189386424,22.8843543813
1495,23.1896193176,22.8862106281
1496,23.2553698637,22.8699102694
1497,23.3318966526,22.8876376181
1498,23.3032135622,22.9114412527
1499,23.311347824,22.9330595882
1500,23.3116377064,22.9503786905
1501,23.3116333425,22.9646130799
1502,23.3119997322,22.9773508239
1503,23.3127292353,22.989558341
1504,23.3128811817,23.0016143187
1505,23.3130678919,23.0135464374
1506,23.3134412103,23.0253272704
1507,23.3139859414,23.0369676603
1508,23.4663276631,23.0327551891
1509,23.5768009481,23.0794328698
1510,23.5388405755,23.1257457007
1511,23.5499788975,23.1599051575
1512,23.5500839796,23.1818740664
1513,23.5507999966,23.1960262336
1514,23.5510193424,23.2063609565
1515,23.5519591129,23.21497722
1516,23.5521844772,23.2227598594
1517,23.552468212,23.2299605575
1518,23.5527247697,23.2367188326
1519,23.5534382659,23.2431334406
1520,23.1481640458,23.2648069087
1521,23.0579465476,23.2135977053
1522,23.137638187,23.1452173537
1523,23.121331966,23.0956210203
1524,23.1221034193,23.0708700755
1525,23.1219988255,23.0618729819
1526,23.1222420708,23.0593775605
1527,23.1222306616,23.0586897524
1528,23.1221641478,23.0584446176
1529,23.1222663499,23.0585668992
1530,23.1226638406,23.0591423729
1531,23.1226050189,23.060163127
1532,23.3911504941,23.0570371579
1533,23.5593140157,23.1194641843
1534,23.5499185413,23.1960745213
1535,23.5395830831,23.2518789386
1536,23.5461907915,23.2882777175
1537,23.5464752014,23.3134681359
1538,23.5469474128,23.333835989
1539,23.5470145894,23.3521395765
1540,23.5473349914,23.3692571982
1541,23.5478005791,23.3855618642
1542,23.5483548882,23.4013237973
1543,23.5484947685,23.4166485389
1544,23.4115851161,23.4366232218
1545,23.3511657558,23.4188679372
1546,23.3772415787,23.3861616221
1547,23.3722006994,23.3557922376
1548,23.3721682914,23.3338345627
1549,23.3721367007,23.3187342582
1550,23.3721696702,23.3071606797
1551,23.3723830983,23.2968654335
1552,23.3726454271,23.2869663363
1553,23.372852243,23.2772839436
1554,23.372785415,23.2677940236
1555,23.3729905915,23.2584302126
1556,23.3132387841,23.2432947909
1557,23.3049460843,23.2279564787
1558,23.3067561867,23.2181477929
1559,23.3047245658,23.2141270311
1560,23.3044787363,23.2138528004
1561,23.3041696152,23.2155476644
1562,23.3030079451,23.2181570475
1563,23.3028031118,23.2211385204
1564,23.3020794766,23.2243713029
1565,23.3020140458,23.2277759674
1566,23.301929912,23.2313406596
1567,23.3013598648,23.2350445535
1568,23.4567040174,23.2333798355
1569,23.4827196599,23.2436627783
1570,23.4975232208,23.2580046495
1571,23.5050253544,23.2692221494
1572,23.5071602364,23.275036059
1573,23.5075146292,23.2760715672
1574,23.5080447857,23.2738114312
1575,23.507485863,23.2695712454
1576,23.5069289128,23.2640816743
1577,23.5059091799,23.2577434989
1578,23.5053704672,23.2507337322
1579,23.5044794958,23.2432727741
1580,23.318765107,23.2470928453
1581,23.2552640457,23.2284259979
1582,23.2692531453,23.2019617672
1583,23.2920424299,23.1844367465
1584,23.2961096628,23.1788510824
1585,23.289616273,23.1794456529
1586,23.2909538941,23.1827005014
1587,23.29007982,23.1868368445
1588,23.2896352709,23.1913329462
1589,23.2898403478,23.1961892332
1590,23.2903247887,23.2014705445
1591,23.2899103894,23.2071671389
1592,23.4240814903,23.2098390793
1593,23.4364839778,23.2211828786
1594,23.4387415113,23.23481967
1595,23.4394899139,23.244619577
1596,23.4385442893,23.2492252847
1597,23.4385108227,23.2498464917
1598,23.4377599692,23.2481673599
1599,23.4371879842,23.2452758877
1600,23.4359582417,23.2416705053
1601,23.4351755781,23.237518304
1602,23.4344558742,23.2329746753
1603,23.433641211,23.2281384635
1604,23.3771421891,23.2249951273
1605,23.3718663268,23.2194095805
1606,23.3700369467,23.213826742
1607,23.3682845286,23.2103686682
1608,23.3681359442,23.2092470581
1609,23.3665778345,23.2098714432
1610,23.3665445802,23.2114337572
1611,23.3645708854,23.2135579013
1612,23.3643975535,23.2159055052
1613,23.3634865612,23.2184742548
1614,23.362081912,23.2212037033
1615,23.3618459533,23.2240037219
1616,23.171803337,23.2298264244
1617,23.089662144,23.2145565882
1618,23.0995628634,23.1925503915
1619,23.1192637131,23.1776392719
1620,23.1350747418,23.1740366027
1621,23.1380469864,23.178657406
1622,23.1323755276,23.1859882523
1623,23.1340150686,23.1938181239
1624,23.1334483081,23.2016502182
1625,23.1330051628,23.2096158235
1626,23.1326060795,23.2178820492
1627,23.1322522205,23.2264767124
1628,23.1801632471,23.2331378664
1629,23.181416101,23.241270577
1630,23.1789986552,23.2486413576
1631,23.1766058642,23.2534894888
1632,23.1749703409,23.2557862382
1633,23.1731938661,23.2563552961
1634,23.1714864101,23.2559410277
1635,23.17029037,23.2549861644
1636,23.1685292154,23.253741979
1637,23.1671005014,23.2522691112
1638,23.1652452952,23.2506261275
1639,23.164163899,23.248824749
1640,23.104735802,23.244779618
1641,23.0963735694,23.2330332742
1642,23.091936369,23.2170787902
1643,23.087885851,23.2006400695
1644,23.0851632416,23.1851442839
1645,23.0839196173,23.1706598753
1646,23.08217037,23.1569078556
1647,23.0809110983,23.1435374952
1648,23.0791443709,23.1303743957
1649,23.0773618872,23.1172972952
1650,23.0762672192,23.1042513115
1651,23.0749671677,23.0912867936
1652,23.1783450014,23.0805709317
1653,23.1843455722,23.0811808422
1654,23.1829000217,23.0869282171
1655,23.1821300263,23.0918200934
1656,23.180970547,23.0940949057
1657,23.179670401,23.0943555859
1658,23.1782604976,23.093577059
1659,23.1769059787,23.092349981
1660,23.1764385737,23.0909134262
1661,23.174922112,23.0894107823
1662,23.1732179562,23.0876836084
1663,23.1720447119,23.0858173649
1664,23.3780196783,23.0816788351
1665,23.4044166172,23.0916644781
1666,23.3898858668,23.1064771135
1667,23.389451408,23.1148394018
1668,23.3900778664,23.1150879023
1669,23.3904842078,23.1098331521
1670,23.3895856171,23.1017390238
1671,23.39015912,23.0922930928
1672,23.3905799692,23.0821211188
1673,23.3897960188,23.0714443607
1674,23.3898436073,23.0603263509
1675,23.3904954011,23.0489379536
1676,23.2939142971,23.0415980007
1677,23.2690400099,23.0315737032
1678,23.2527324989,23.0214360599
1679,23.242976871,23.0141743482
1680,23.2363127891,23.0107882564
1681,23.2330122813,23.010764523
1682,23.2308287909,23.013288705
1683,23.2295826839,23.0176184644
1684,23.2303136525,23.0232391038
1685,23.2301739734,23.0299339091
1686,23.2305854598,23.037411697
1687,23.2303617419,23.0454811466
1688,22.9931226807,23.0417118297
1689,22.9864290429,23.0227496505
1690,22.9831572756,23.0014483705
1691,22.9803081722,22.9851102686
1692,22.97821679,22.9744213412
1693,22.9763714943,22.9674646622
1694,22.9751041759,22.9623858064
1695,22.9733509389,22.9582036008
1696,22.9723204655,22.9544849019
1697,22.970464415,22.951128824
1698,22.9686607399,22.9480101705
1699,22.9669588646,22.9450413508
1700,22.978312319,22.9413468934
1701,22.9805241955,22.9377417601
1702,22.9815496995,22.9339850425
1703,22.9820698238,22.9297807452
1704,22.9814720914,22.9250779757
1705,22.9813575538,22.9198655855
1706,22.9804048392,22.9143616926
1707,22.9796848808,22.9086683933
1708,22.978989623,22.902846215
1709,22.9783321873,22.8969348439
1710,22.9775051598,22.89096647
1711,22.9765900101,22.8849502666
1712,23.1490833283,22.8895930209
1713,23.1595648889,22.9084520518
1714,23.1648923294,22.9317476979
1715,23.1671600799,22.9532863691
1716,23.1689751189,22.9717257007
1717,23.1695989893,22.9879975634
1718,23.1686714246,23.003150381
1719,23.1683563584,23.0177092368
1720,23.1685634008,23.0319901466
1721,23.1682808536,23.0462101521
1722,23.1677059822,23.0604422222
1723,23.1669341567,23.0747363398
1724,23.0733384094,23.0809595888
1725,23.083524644,23.0687455501
1726,23.0990242624,23.0465533963
1727,23.1090630903,23.0226550196
1728,23.1157534358,22.9997867994
1729,23.1190825846,22.9776969402
1730,23.1220386569,22.9554219838
1731,23.1239119304,22.9325237142
1732,23.1259845654,22.9090723364
1733,23.1277798809,22.8853317013
1734,23.1291789544,22.8614428033
1735,23.1307127895,22.837445052
1736,23.2806695884,22.8288046548
1737,23.3383121994,22.8592447257
1738,23.317371179,22.888847475
1739,23.3240885892,22.9074093592
1740,23.3253153188,22.9161877233
1741,23.3262139942,22.91967401
1742,23.3272495388,22.9210861109
1743,23.3278619921,22.921844318
1744,23.3284937716,22.9222812619
1745,23.3288505874,22.9224630611
1746,23.3296742453,22.9223878439
1747,23.3302755338,22.9221785255
1748,23.4176173339,22.906885774
1749,23.4793627569,22.9263375593
1750,23.4565489028,22.9487887794
1751,23.463240837,22.9661203176
1752,23.4635831763,22.9772383921
1753,23.464018473,22.9843362729
1754,23.4643661345,22.989558132
1755,23.464732765,22.9940464479
1756,23.4650990159,22.9982387559
1757,23.4660555136,23.0022299414
1758,23.4659240366,23.0061204064
1759,23.4669278852,23.009851204
1760,23.6026285311,22.9847967082
1761,23.7283824438,23.0180845018
1762,23.69170251,23.056381643
1763,23.7012802147,23.0855484886
1764,23.7021461607,23.104094828
1765,23.702669207,23.1156090914
1766,23.7034929521,23.1236196485
1767,23.703873506,23.1301243978
1768,23.7041799107,23.1359096864
1769,23.7048995477,23.1412150573
1770,23.7050382712,23.1462142651
1771,23.7057226279,23.1509488938
1772,23.8064325924,23.1314327751
1773,23.8996849931,23.1601747537
1774,23.8661575017,23.1921646799
1775,23.8754088339,23.2180805839
1776,23.8760336855,23.2366010762
1777,23.8760833259,23.2500182557
1778,23.877342773,23.2606503159
1779,23.8772518601,23.2701222198
1780,23.8783127472,23.2790080128
1781,23.8781010085,23.2875908928
1782,23.8784443861,23.2958441886
1783,23.8794633717,23.3038632705
1784,23.9405425273,23.2849371146
1785,24.020490971,23.2859996695
1786,24.0160440931,23.30248047
1787,24.0110310232,23.319166067
1788,24.0147177667,23.3321201455
1789,24.015568924,23.341423995
1790,24.0158625957,23.3485156049
1791,24.0165901411,23.3544994221
1792,24.0170408735,23.359949077
1793,24.0178548051,23.3650834803
1794,24.0182382703,23.3700302813
1795,24.0187127972,23.3749312944
1796,23.875586717,23.426129534
1797,23.7859739194,23.4228953175
1798,23.8280890578,23.4020989555
1799,23.8208380855,23.3829451594
1800,23.8204683443,23.37207071
1801,23.8209200765,23.3683782069
1802,23.8210105092,23.3687470247
1803,23.8211360136,23.3708056483
1804,23.8215799993,23.3734886052
1805,23.8220222312,23.3765234856
1806,23.8219564486,23.3798294262
1807,23.8226110827,23.3833005703
1808,23.7883305067,23.3944574061
1809,23.7689548081,23.3965662283
1810,23.7775685012,23.3982158484
1811,23.7757897936,23.4026174449
1812,23.7760822021,23.4100216139
1813,23.7763624347,23.4194338415
1814,23.776400163,23.429849101
1815,23.7766660332,23.4406574341
1816,23.7768378816,23.4516606695
1817,23.7770041667,23.4627735035
1818,23.7772513454,23.4739672451
1819,23.7776334633,23.4852276443
1820,23.4133325232,23.50580514
1821,23.337576288,23.4611552327
1822,23.3957187271,23.4014862736
1823,23.3829998221,23.358481915
1824,23.3834220872,23.3371815128
1825,23.3833051327,23.3296390775
1826,23.3834073533,23.3277531357
1827,23.3831146275,23.3274401452
1828,23.3831891867,23.327492504
1829,23.382983181,23.3278851444
1830,23.3830968013,23.3286415909
1831,23.3835621147,23.3297411633
1832,23.4808026398,23.3256044871
1833,23.5286562933,23.3465055359
1834,23.5109995224,23.370347145
1835,23.5156609021,23.3877145391
1836,23.5160220231,23.3977379908
1837,23.5160952724,23.4032808105
1838,23.5162738689,23.406871444
1839,23.5165033009,23.4097912713
1840,23.5167545523,23.4124629385
1841,23.5167997841,23.4149534851
1842,23.5168147541,23.4172415416
1843,23.5169438981,23.4193563862
1844,23.4042378856,23.418264866
1845,23.3572153888,23.4012094124
1846,23.3776434114,23.3835317761
1847,23.3717742263,23.3723280714
1848,23.3708700623,23.3676561011
1849,23.3704189561,23.3670003895
1850,23.3693463128,23.3682273738
1851,23.3693344132,23.3701378935
1852,23.3687385251,23.3724133886
1853,23.3680575376,23.3749082494
1854,23.3680420061,23.3775392983
1855,23.3674030815,23.3803192213
1856,23.2935657431,23.382297545
1857,23.2426269198,23.369991734
1858,23.2654149463,23.3532183755
1859,23.2591774319,23.3382547255
1860,23.258457762,23.3266208631
1861,23.258203482,23.317357724
1862,23.2569595994,23.3092463154
1863,23.2567788979,23.3014395021
1864,23.2559692983,23.2937229218
1865,23.2550627034,23.2860541904
1866,23.2550237452,23.2783860221
1867,23.254616426,23.2707511528
1868,23.2543372509,23.2650227853
1869,23.2531909672,23.2615932282
1870,23.2527364983,23.2598443462
1871,23.252384505,23.2590686809
1872,23.2518442915,23.2588251287
1873,23.2517531501,23.2588713869
1874,23.2514491434,23.2591485683
1875,23.25112899,23.25960785
1876,23.2504031766,23.2601933727
1877,23.2500860066,23.2608325661
1878,23.2492955717,23.2615412637
1879,23.2494204323,23.2622772702
1880,23.1678810315,23.268131191
1881,23.0881390895,23.256216268
1882,23.1276902269,23.2385268715
1883,23.1195320635,23.2240830218
1884,23.1184692562,23.2150108642
1885,23.1181330183,23.2096364805
1886,23.1177963642,23.206041478
1887,23.1169935553,23.2031409653
1888,23.1165617572,23.2004875249
1889,23.1157556672,23.1980110068
1890,23.1154367538,23.1956603526
1891,23.1149068123,23.1934394234
1892,23.2834042158,23.1937366464
1893,23.3325015791,23.2075221852
1894,23.3658980373,23.2258632807
1895,23.3853679246,23.2422958495
1896,23.3954550235,23.2543661097
1897,23.4003918716,23.2620560185
1898,23.4038528461,23.266278901
1899,23.4055546279,23.2681289006
1900,23.4067632908,23.2683818436
1901,23.4074746869,23.2675644356
1902,23.4090120781,23.2660130083
1903,23.4094625972,23.2640433167
1904,23.0603358895,23.2919944186
1905,22.8827020913,23.2560765825
1906,22.9416643304,23.1904754081
1907,23.0325155932,23.1389105489
1908,23.0312600779,23.1139492158
1909,23.0157481956,23.1037432581
1910,23.0204588354,23.0984782433
1911,23.0202514223,23.0936648947
1912,23.0193486731,23.0885234556
1913,23.0184395549,23.0833620928
1914,23.0178259653,23.0784621903
1915,23.0174937937,23.0738989521
1916,23.1419753207,23.0673141499
1917,23.1847138436,23.0732557468
1918,23.2101529197,23.0866738325
1919,23.2241586216,23.100121108
1920,23.2306400058,23.1099380478
1921,23.232915621,23.1157206088
1922,23.2345032842,23.1183999908
1923,23.2352098889,23.1191323068
1924,23.2353658969,23.1187014964
1925,23.2350040322,23.1175353182
1926,23.2346960251,23.1158521503
1927,23.2341516726,23.1138199682
