,b1,b18
0,2.05672038531,2.12037125773
1,2.05694409146,2.1202378488
2,2.05780502008,2.11982773619
3,2.05815556265,2.11941762357
4,2.05910652195,2.11900751095
5,2.05946310908,2.11859739833
6,2.06014977173,2.11818728571
7,2.06077457512,2.11777717309
8,2.0469150066,2.10458169599
9,2.04687137652,2.10414786805
10,2.04791172199,2.10371404012
11,2.04893395204,2.10328021218
12,2.04986394229,2.10284638424
13,2.05078956985,2.1024125563
14,2.05186962993,2.10191943471
15,2.05292158537,2.10142631313
16,2.05398489447,2.10093319154
17,2.05507474967,2.10044006995
18,2.05613741402,2.09994694836
19,2.0572006178,2.09945382678
20,2.03036520383,2.08356879694
21,2.03092198655,2.08309543812
22,2.03209011824,2.0826220793
23,2.0331217857,2.08214872048
24,2.03416142882,2.08167536166
25,2.03515700285,2.08120200284
26,2.03540107878,2.08107452364
27,2.03564415202,2.08094704443
28,2.03588583995,2.08081956523
29,2.03612684682,2.08069208602
30,2.03636702926,2.08056460682
31,2.03660650544,2.08043712761
32,2.01899751759,2.0575331453
33,2.01968418775,2.05738590333
34,2.02000563438,2.05723866136
35,2.0198909041,2.05709141939
36,2.02046609102,2.05694417741
37,2.02069926338,2.05679693544
38,2.01956839556,2.05733157043
39,2.01843739182,2.05786620541
40,2.01731724026,2.05840084039
41,2.01613039788,2.05893547537
42,2.01483802204,2.05947011036
43,2.01368186345,2.06000474534
44,2.0112342716,2.06140428264
45,2.01023944279,2.06198239571
46,2.00867378498,2.06256050878
47,2.00739058211,2.06313862185
48,2.00608312101,2.06371673492
49,2.00475162455,2.06429484799
50,2.00447721888,2.06440108245
51,2.00421672367,2.0645073169
52,2.00396906965,2.06461355135
53,2.00370548619,2.06471978581
54,2.0034206039,2.06482602026
55,2.00319874615,2.06493225471
56,2.00144807565,2.06470991947
57,2.00294992696,2.06481615392
58,2.00190296112,2.06492238838
59,2.00145588984,2.06502862283
60,2.00120260756,2.06513485728
61,2.00080857481,2.06524109174
62,2.00080934906,2.06520156264
63,2.0008486721,2.06516203354
64,2.00088369784,2.06512250444
65,2.00093498202,2.06508297534
66,2.00092135398,2.06504344624
67,2.00098738981,2.06500391714
68,2.00143760368,2.06500638666
69,2.00095355524,2.06494314224
70,2.00125304296,2.06487989782
71,2.00136972722,2.0648166534
72,2.00138392262,2.06475340899
73,2.00153784222,2.06469016457
74,2.00116444259,2.06482456564
75,2.00078375317,2.06495896672
76,2.00039985627,2.06509336779
77,2.00000914337,2.06522776886
78,1.99965596135,2.06536216994
79,1.99919716,2.06549657101
80,1.99560244795,2.06430755167
81,2.00048251559,2.06446566806
82,1.99785282173,2.06462378446
83,1.99707620045,2.06478190085
84,1.99703007081,2.06494001725
85,1.9967091912,2.06509813364
86,1.99650851232,2.06514507445
87,1.99636315477,2.06519201525
88,1.99628627558,2.06523895606
89,1.99610250769,2.06528589686
90,1.99601078135,2.06533283767
91,1.99585744477,2.06537977847
92,2.01253576773,2.07505135321
93,2.01145209757,2.07507853125
94,2.00978334283,2.07510570928
95,2.01085294396,2.07513288732
96,2.01037038811,2.07516006536
97,2.01014843955,2.0751872434
98,2.00986806676,2.07528853849
99,2.00953759075,2.07538983359
100,2.00925338004,2.07549112869
101,2.00908681003,2.07559242379
102,2.00890105332,2.07569371889
103,2.00857373148,2.07579501398
104,2.03568631119,2.09166545421
105,2.03722458719,2.09176279675
106,2.03659321368,2.0918601393
107,2.03633752663,2.09195748184
108,2.03623595103,2.09205482439
109,2.03596618406,2.09215216693
110,2.03581782615,2.09220750981
111,2.03566588846,2.09226285268
112,2.0356793824,2.09231819556
113,2.03565844995,2.09237353844
114,2.0354906815,2.09242888131
115,2.03533053653,2.09248422419
116,2.03127183668,2.09111757574
117,2.03648148203,2.09119663394
118,2.03551692927,2.0916018072
119,2.03410976058,2.0916018072
120,2.03473984772,2.0916018072
121,2.03473707914,2.0916018072
122,2.03472259951,2.0916018072
123,2.03472763825,2.0916018072
124,2.03475338118,2.0916018072
125,2.03473169108,2.0916018072
126,2.03474365344,2.0916018072
127,2.03474817884,2.0916018072
128,2.08411573072,2.14343039855
129,2.0825216617,2.14343039855
130,2.08243840493,2.14343039855
131,2.08240629141,2.14343039855
132,2.08222052623,2.14343039855
133,2.08211854893,2.14343039855
134,2.08204218363,2.14343039855
135,2.08194385699,2.14343039855
136,2.08190212217,2.14343039855
137,2.08184563314,2.14343039855
138,2.08178488605,2.14343039855
139,2.08175310177,2.14343039855
140,2.13370564319,2.18962248298
141,2.13346791625,2.18962248298
142,2.13276013457,2.18962248298
143,2.13308218632,2.18962248298
144,2.13299642725,2.18962248298
145,2.1329709518,2.18962248298
146,2.13296197228,2.18962248298
147,2.13296124629,2.18962248298
148,2.13295263519,2.18962248298
149,2.13295215171,2.18962248298
150,2.13294374031,2.18962248298
151,2.13294339261,2.18962248298
152,2.14293770301,2.20031916807
153,2.14344740285,2.20031916807
154,2.14322540739,2.20031916807
155,2.14326129676,2.20031916807
156,2.14326878856,2.20031916807
157,2.14328373586,2.20031916807
158,2.14326837476,2.20031916807
159,2.14327572773,2.20031916807
160,2.14328311599,2.20031916807
161,2.14326776791,2.20031916807
162,2.14328276073,2.20031916807
163,2.14326743048,2.20031916807
164,2.14739716652,2.19690117789
165,2.14779763277,2.19690117789
166,2.14762005003,2.19690117789
167,2.14766773356,2.19690117789
168,2.14765957613,2.19690117789
169,2.14766735847,2.19690117789
170,2.14766729497,2.19690117789
171,2.14766719458,2.19690117789
172,2.14766713291,2.19690117789
173,2.14766707377,2.19690117789
174,2.14766701614,2.19690117789
175,2.14766695944,2.19690117789
176,2.13367797828,2.17556801935
177,2.13473012972,2.17556801935
178,2.1344900037,2.17556801935
179,2.1346688673,2.17556801935
180,2.13473307425,2.17556801935
181,2.13478291943,2.17556801935
182,2.13482184202,2.17556801935
183,2.1348522346,2.17556801935
184,2.13487657991,2.17556801935
185,2.13489653237,2.17556801935
186,2.13491223073,2.17556801935
187,2.13492485741,2.17556801935
188,2.09416550072,2.13132681877
189,2.0963540601,2.13135053409
190,2.0957417438,2.13137424941
191,2.09597070038,2.13139796473
192,2.09604919733,2.13142168005
193,2.09608859563,2.13144539537
194,2.09610422715,2.13146911069
195,2.09614426978,2.13149282601
196,2.0961542038,2.13151654133
197,2.09615749494,2.13154025665
198,2.09616580287,2.13156397197
199,2.09616066759,2.13158768729
200,2.08038367717,2.118605181
201,2.07962975273,2.11858146568
202,2.07984907438,2.11855775036
203,2.08004307685,2.11853403503
204,2.08006715658,2.11851031971
205,2.08013961762,2.11848660439
206,2.08019121934,2.11846288907
207,2.08024839711,2.11843917375
208,2.08030048718,2.11841545843
209,2.08035999861,2.11839174311
210,2.0803924451,2.11836802779
211,2.08044529783,2.11834431247
212,2.07233667641,2.1120949158
213,2.0715312798,2.1120949158
214,2.07196548547,2.1120949158
215,2.07190237773,2.1120949158
216,2.07193656405,2.1120949158
217,2.07196350589,2.1120949158
218,2.0719733129,2.1120949158
219,2.07200410646,2.1120949158
220,2.07200717606,2.1120949158
221,2.07203220038,2.1120949158
222,2.07204296073,2.1120949158
223,2.0720639108,2.1120949158
224,2.06463959694,2.10530004479
225,2.06436643152,2.10528028202
226,2.06458705342,2.10526051925
227,2.06460092309,2.10524075648
228,2.06464681818,2.10522099372
229,2.06469966992,2.10520123095
230,2.06472419824,2.10518146818
231,2.06478279094,2.10516170541
232,2.06481451164,2.10514194265
233,2.06484426107,2.10512217988
234,2.06489700644,2.10510241711
235,2.06492377283,2.10508265435
236,2.06379478244,2.10600264949
237,2.06297870943,2.10600264949
238,2.06336570957,2.10600264949
239,2.06330040438,2.10600264949
240,2.06329877851,2.10600264949
241,2.06331992038,2.10600264949
242,2.06331192716,2.10600264949
243,2.06332942251,2.10600264949
244,2.06333238998,2.10600264949
245,2.06334779399,2.10600264949
246,2.06334905811,2.10600264949
247,2.0633629412,2.10600264949
248,2.06407844884,2.10542036569
249,2.06462725432,2.10539665037
250,2.06443126912,2.10537293505
251,2.06451388108,2.10534921973
252,2.06455245996,2.10532550441
253,2.06458083967,2.10530178908
254,2.06463503997,2.10527807376
255,2.06465175924,2.10525435844
256,2.06469375191,2.10523064312
257,2.0647232547,2.1052069278
258,2.06476538012,2.10518321248
259,2.06480757107,2.10515949716
260,2.07854945785,2.11960994596
261,2.07834960162,2.11959018319
262,2.07837648793,2.11957042043
263,2.07836204746,2.11955065766
264,2.07834147472,2.11953089489
265,2.07835242867,2.11951113213
266,2.07834097153,2.11949136936
267,2.07834622918,2.11947160659
268,2.07836787648,2.11945184382
269,2.07836524354,2.11943208106
270,2.07837772237,2.11941231829
271,2.07839211219,2.11939255552
272,2.07745253414,2.13305273552
273,2.07663022232,2.13305273552
274,2.07655437264,2.13305273552
275,2.07663795358,2.13305273552
276,2.07652050809,2.13305273552
277,2.0764575377,2.13305273552
278,2.07639581028,2.13305273552
279,2.07635673402,2.13305273552
280,2.07632419886,2.13305273552
281,2.07628260337,2.13305273552
282,2.07626668611,2.13305273552
283,2.07624143247,2.13305273552
284,2.05058023775,2.12261659055
285,2.05075884064,2.12256915991
286,2.05074422004,2.12252172926
287,2.05080347641,2.12247429862
288,2.05149320608,2.12210075292
289,2.05156928879,2.12202367545
290,2.05178563913,2.1218823632
291,2.05199439977,2.12174105095
292,2.05222114269,2.1215997387
293,2.05245175946,2.12145842645
294,2.05246708281,2.1213171142
295,2.05236824931,2.12117580194
296,2.04012404737,2.10557337995
297,2.04203809742,2.10545973557
298,2.04169284828,2.1053460912
299,2.04209067864,2.10523244682
300,2.04216300268,2.10511880244
301,2.04241245934,2.10500515807
302,2.0424104795,2.10487669028
303,2.04268634332,2.10474822249
304,2.04293682772,2.1046197547
305,2.04304716099,2.10449128691
306,2.04330685152,2.10436281912
307,2.04329773679,2.10423435133
308,2.0157136595,2.08656765117
309,2.01763575003,2.08641546806
310,2.01793414575,2.08626328495
311,2.01826861012,2.08611110184
312,2.01857900655,2.08595891873
313,2.01883816876,2.08580673562
314,2.01914435465,2.0856792582
315,2.01937464223,2.08555178078
316,2.01965527881,2.08542430335
317,2.01992619205,2.08529682593
318,2.0201981257,2.08516934851
319,2.02048144675,2.08504187108
320,2.00039273538,2.06470740273
321,1.99991304049,2.06459968808
322,1.99922695286,2.06449197342
323,2.00021760923,2.06438425876
324,2.00030793976,2.06427654411
325,2.00050054697,2.06416882945
326,2.00064808192,2.06409076162
327,2.00087137584,2.06401269379
328,2.00094815807,2.06393462596
329,2.00116112882,2.06385655813
330,2.00127681103,2.06377849029
331,2.00149467278,2.06370042246
332,2.00161624163,2.06417425455
333,2.00123948466,2.06405666118
334,2.0016953456,2.06393906781
335,2.00186679146,2.06382147445
336,2.00204831753,2.06370388108
337,2.00226679713,2.06358628772
338,2.00240941909,2.06349834117
339,2.00253822625,2.06341039463
340,2.00269103933,2.06332244809
341,2.00281654038,2.06323450155
342,2.00296742786,2.06314655501
343,2.00309131569,2.06305860846
344,2.00339464959,2.06262504547
345,2.00413200054,2.06255290915
346,2.004015853,2.06248077282
347,2.00418424051,2.06240863649
348,2.00428805324,2.06233650016
349,2.00441853758,2.06226436383
350,2.00489856878,2.06204399338
351,2.00530802345,2.06182362294
352,2.00574386491,2.06160325249
353,2.00617988553,2.06138288204
354,2.0066024966,2.06116251159
355,2.00705230546,2.06094214114
356,2.00428317059,2.06232509362
357,2.00513072899,2.06206519764
358,2.00531916187,2.06180530166
359,2.00582238241,2.06154540568
360,2.00628551824,2.06128550969
361,2.00674853006,2.06102561371
362,2.00668793527,2.06101771573
363,2.00662523842,2.06100981775
364,2.00656177517,2.06100191978
365,2.00649734101,2.0609940218
366,2.00643181439,2.06098612382
367,2.00636574195,2.06097822584
368,2.00851697492,2.05992952596
369,2.00847092395,2.05996510607
370,2.00842444949,2.06000068618
371,2.00806140633,2.06003626629
372,2.00808339966,2.0600718464
373,2.0079390934,2.06010742651
374,2.00741166507,2.06034065212
375,2.00687072558,2.06057387772
376,2.00631467029,2.06080710332
377,2.00577509119,2.06104032893
378,2.00522905655,2.06127355453
379,2.00467468553,2.06150678014
380,2.01646426325,2.07038955171
381,2.01597927039,2.07064649263
382,2.01530827911,2.07090343356
383,2.0147032696,2.07116037448
384,2.01415775371,2.07141731541
385,2.01356300232,2.07167425633
386,2.01329385591,2.0717854337
387,2.01301576853,2.07189661108
388,2.01274598444,2.07200778845
389,2.01264417015,2.07211896582
390,2.01238225961,2.0722301432
391,2.01221382825,2.07234132057
392,2.03766610869,2.08910878124
393,2.03750548099,2.08921600606
394,2.03741346842,2.08932323088
395,2.03725611909,2.0894304557
396,2.03702414757,2.08953768051
397,2.03678454877,2.08964490533
398,2.03663562416,2.0896928365
399,2.0364969176,2.08974076768
400,2.03654334198,2.08978869885
401,2.03651294803,2.08983663002
402,2.03638218323,2.08988456119
403,2.03625168453,2.08993249236
404,2.03308190172,2.09152618056
405,2.03307618423,2.09164130514
406,2.03216616152,2.09208995649
407,2.03215259666,2.09213343458
408,2.03211125565,2.09217691267
409,2.03207776298,2.09222039075
410,2.03204427175,2.09226386884
411,2.0320109863,2.09230734693
412,2.03197730076,2.09235082502
413,2.03194402319,2.0923943031
414,2.03191061349,2.09243778119
415,2.03187712157,2.09248125928
416,2.08238063033,2.14115558157
417,2.08214035356,2.14115558157
418,2.08227687856,2.14115558157
419,2.08191828809,2.14115558157
420,2.08183630926,2.14115558157
421,2.08168634866,2.14115558157
422,2.08157257314,2.14115558157
423,2.08147502877,2.14115558157
424,2.0813905637,2.14115558157
425,2.08131599332,2.14115558157
426,2.08125139777,2.14115558157
427,2.08119505218,2.14115558157
428,2.13611747558,2.18581400957
429,2.13612004313,2.18585748765
430,2.13602750106,2.18590096574
431,2.13599056912,2.18594444383
432,2.13594196034,2.18598792192
433,2.13589598921,2.1860314
434,2.13585000045,2.18607487809
435,2.13580560601,2.18611835618
436,2.13575943173,2.18616183427
437,2.13571426173,2.18620531236
438,2.13566973293,2.18624879044
439,2.13562354899,2.18629226853
440,2.14707454681,2.19646324211
441,2.14711535383,2.19646324211
442,2.14710784699,2.19646324211
443,2.14707454681,2.19646324211
444,2.14708676507,2.19646324211
445,2.14707706069,2.19646324211
446,2.1470771884,2.19646324211
447,2.14707667568,2.19646324211
448,2.14707732012,2.19646324211
449,2.14707630616,2.19646324211
450,2.14707669461,2.19646324211
451,2.14707622729,2.19646324211
452,2.14909715245,2.19429381676
453,2.14908511665,2.19429381676
454,2.14912556962,2.19429381676
455,2.14908594125,2.19429381676
456,2.14908668051,2.19429381676
457,2.14908626499,2.19429381676
458,2.14908603228,2.19429381676
459,2.14908585908,2.19429381676
460,2.14908572419,2.19429381676
461,2.14908546945,2.19429381676
462,2.14908551374,2.19429381676
463,2.14908511665,2.19429381676
464,2.13313710151,2.17338779883
465,2.13352864311,2.17338779883
466,2.13359382319,2.17338779883
467,2.13271725996,2.17338779883
468,2.13358149591,2.17338779883
469,2.13331591875,2.17338779883
470,2.13333759515,2.17338779883
471,2.13333599391,2.17338779883
472,2.13333422141,2.17338779883
473,2.13332318355,2.17338779883
474,2.13330968102,2.17338779883
475,2.13329109075,2.17338779883
476,2.09423878301,2.12987859322
477,2.09452437906,2.12987859322
478,2.09470724575,2.12987859322
479,2.09488593187,2.12987859322
480,2.09499719699,2.12987859322
481,2.09509651089,2.12987859322
482,2.09517844668,2.12987859322
483,2.09524847592,2.12987859322
484,2.09530842425,2.12987859322
485,2.0953600504,2.12987859322
486,2.09540477466,2.12987859322
487,2.09544374716,2.12987859322
488,2.08243446192,2.11524409681
489,2.08256682806,2.11524409681
490,2.08264933449,2.11524409681
491,2.08270564792,2.11524409681
492,2.08276165675,2.11524409681
493,2.08278040029,2.11524409681
494,2.08281391318,2.11524409681
495,2.08284239953,2.11524409681
496,2.08286669253,2.11524409681
497,2.08287832924,2.11524409681
498,2.08290525671,2.11524409681
499,2.08291151906,2.11524409681
500,2.07600665851,2.10806408388
501,2.07607288808,2.10802060579
502,2.07618670272,2.1079771277
503,2.07625309339,2.10793364961
504,2.07633263618,2.10789017152
505,2.07640754353,2.10784669344
506,2.07647135017,2.10780321535
507,2.0765398131,2.10775973726
508,2.0766156179,2.10771625917
509,2.07666315195,2.10767278108
510,2.07674350404,2.107629303
511,2.07678817353,2.10758582491
512,2.07262414196,2.09897072638
513,2.07304577537,2.09897072638
514,2.07262809357,2.09897072638
515,2.07250717444,2.09897072638
516,2.07266771027,2.09897072638
517,2.07267017763,2.09897072638
518,2.07268524859,2.09897072638
519,2.07269922836,2.09897072638
520,2.07271224133,2.09897072638
521,2.07272440584,2.09897072638
522,2.07274965205,2.09897072638
523,2.07274659026,2.09897072638
524,2.07217753558,2.09945443927
525,2.07174072144,2.09947815459
526,2.07192235432,2.09950186991
527,2.07185511425,2.09952558523
528,2.07184442369,2.09954930055
529,2.07183312507,2.09957301587
530,2.07180569323,2.09959673119
531,2.07179177043,2.09962044652
532,2.071777856,2.09964416184
533,2.07174841449,2.09966787716
534,2.07173337062,2.09969159248
535,2.07171797011,2.0997153078
536,2.07285383938,2.09879531266
537,2.07368696186,2.09879531266
538,2.07330947892,2.09879531266
539,2.07338023028,2.09879531266
540,2.0734033726,2.09879531266
541,2.07340375486,2.09879531266
542,2.07340538058,2.09879531266
543,2.07340763066,2.09879531266
544,2.07342326943,2.09879531266
545,2.07341323892,2.09879531266
546,2.07342940455,2.09879531266
547,2.07343276493,2.09879531266
548,2.08755376484,2.11305528821
549,2.08751898529,2.11307505097
550,2.08742669973,2.11309481374
551,2.08737905278,2.11311457651
552,2.08732601394,2.11313433927
553,2.08729192304,2.11315410204
554,2.08724888533,2.11317386481
555,2.08721002437,2.11319362758
556,2.08718511028,2.11321339034
557,2.08713785589,2.11323315311
558,2.08713213341,2.11325291588
559,2.08707443344,2.11327267865
560,2.08786191287,2.12605634159
561,2.08754841042,2.12609981968
562,2.08741013783,2.12614329776
563,2.08726131561,2.12618677585
564,2.087143963,2.12623025394
565,2.08704896314,2.12627373203
566,2.08693755106,2.12631721012
567,2.08686008325,2.1263606882
568,2.08676191045,2.12640416629
569,2.08669669278,2.12644764438
570,2.08660850274,2.12649112247
571,2.08653699732,2.12653460055
572,2.06041960148,2.11655326406
573,2.06034051179,2.11653350129
574,2.06029687218,2.11651373852
575,2.06028702736,2.11649397576
576,2.06142676411,2.11593068788
577,2.06153006933,2.11586151374
578,2.06163038833,2.11578492789
579,2.06174829623,2.11570834205
580,2.06185731103,2.1156317562
581,2.06177704375,2.11555517035
582,2.06154378296,2.11547858451
583,2.06168725413,2.11540199866
584,2.05168506849,2.09942678428
585,2.05195468244,2.09943320205
586,2.05111224358,2.09943961983
587,2.05139497296,2.0994460376
588,2.05146819654,2.09945245538
589,2.05151140722,2.09945887315
590,2.05147768414,2.09943564411
591,2.05159133869,2.09941241506
592,2.05143790466,2.09938918601
593,2.05154712719,2.09936595696
594,2.05168629638,2.09934272791
595,2.05179406352,2.09931949886
596,2.02239005558,2.08485449767
597,2.02163522015,2.0848154584
598,2.02175566282,2.08477641914
599,2.02111940493,2.08473737988
600,2.02162499959,2.08469834062
601,2.02151574891,2.08465930135
602,2.02162979105,2.08460790925
603,2.02170732003,2.08455651714
604,2.02185478298,2.08450512504
605,2.02197779529,2.08445373293
606,2.0221005843,2.08440234082
607,2.02224453547,2.08435094872
608,2.00147510207,2.06374942232
609,2.00078715035,2.06367036234
610,2.00151529177,2.06359130236
611,2.00164491739,2.06351224238
612,2.00188483681,2.0634331824
613,2.00212452128,2.06335412242
614,2.00223051858,2.06332941495
615,2.00232896963,2.06330470748
616,2.00244849696,2.06328000001
617,2.00252413765,2.06325529254
618,2.00263458856,2.06323058507
619,2.00260407458,2.0632058776
620,2.00069681297,2.06227574867
621,2.00463702755,2.06229847184
622,2.00288456763,2.06232119501
623,2.00326782287,2.06234391818
624,2.00331741108,2.06236664136
625,2.00333952931,2.06238936453
626,2.0032970241,2.06242444054
627,2.00333897186,2.06245951656
628,2.00329660239,2.06249459258
629,2.00329633242,2.06252966859
630,2.00325391598,2.06256474461
631,2.00324200576,2.06259982062
632,2.00334926819,2.06363888902
633,2.00272283355,2.06362653439
634,2.00272487263,2.06361417976
635,2.00269727125,2.06360182514
636,2.00286074402,2.06358947051
637,2.00281189613,2.06357711589
638,2.00265151322,2.06364381946
639,2.00252860636,2.06371052303
640,2.00230439469,2.0637772266
641,2.00220613777,2.06384393018
642,2.00201930729,2.06391063375
643,2.00190705221,2.06397733732
644,2.00013699132,2.06530569993
645,1.99979393582,2.06535264073
646,1.99946563996,2.06539958154
647,1.99952996806,2.06544652234
648,1.99937399122,2.06549346315
649,1.9992642992,2.06554040395
650,1.99913704528,2.06560216817
651,1.99900845674,2.06566393239
652,1.9988645624,2.0657256966
653,1.99873342582,2.06578746082
654,1.99860199935,2.06584922504
655,1.99845671969,2.06591098925
656,1.99774846501,2.06644337216
657,1.99713992851,2.06654861447
658,1.99713267577,2.06665385677
659,1.99691690073,2.06675909908
660,1.99673852141,2.06686434138
661,1.99653778594,2.06696958369
662,1.99629385626,2.06710941395
663,1.99604224297,2.06724924422
664,1.99577628237,2.06738907448
665,1.99552393677,2.06752890475
666,1.995257471,2.06766873502
667,1.99501841255,2.06780856528
668,2.0082322387,2.07597217963
669,2.00799149033,2.07606853181
670,2.00779588885,2.07616488399
671,2.00758899028,2.07626123617
672,2.00753551963,2.07635758835
673,2.00732796339,2.07645394052
674,2.00723143964,2.076542881
675,2.00705276452,2.07663182147
676,2.00684681177,2.07672076194
677,2.0066412203,2.07680970241
678,2.00646222041,2.07689864289
679,2.00642454898,2.07698758336
680,2.03059430694,2.0945161853
681,2.03072742755,2.09462884109
682,2.03012527565,2.09474149688
683,2.0299301365,2.09485415267
684,2.02978205779,2.09496680847
685,2.02954296657,2.09507946426
686,2.02936224362,2.09516741437
687,2.02936478494,2.09525536447
688,2.02930718513,2.09534331458
689,2.02913239623,2.09543126469
690,2.02897332497,2.09551921479
691,2.02880575399,2.0956071649
692,2.03103177777,2.0945871197
693,2.03122513936,2.09465135448
694,2.0303603012,2.09471558927
695,2.02987329611,2.09502688092
696,2.02985845139,2.09502688092
697,2.0298385758,2.09502688092
698,2.0298224259,2.09502688092
699,2.02982151642,2.09502688092
700,2.02982016932,2.09502688092
701,2.02979357303,2.09502688092
702,2.02980721356,2.09502688092
703,2.02978109963,2.09502688092
704,2.08115384547,2.14395491732
705,2.08099207333,2.14397863264
706,2.08005305723,2.14400234796
707,2.07998333913,2.14402606328
708,2.0798892303,2.1440497786
709,2.07973512726,2.14407349392
710,2.0796138283,2.14409720924
711,2.07951994306,2.14412092456
712,2.07941321875,2.14414463988
713,2.0793422427,2.1441683552
714,2.0792553417,2.14419207053
715,2.07918773427,2.14421578585
716,2.13648502295,2.18786478944
717,2.13660795646,2.18788455221
718,2.13576621167,2.18790431497
719,2.13574544518,2.18792407774
720,2.1356804148,2.18794384051
721,2.13554451063,2.18796360327
722,2.13546285167,2.18798336604
723,2.13537901605,2.18800312881
724,2.13529050963,2.18802289158
725,2.13522418918,2.18804265434
726,2.13514866324,2.18806241711
727,2.13509600375,2.18808217988
728,2.14427780481,2.19977519516
729,2.14353882936,2.19981867325
730,2.14381480374,2.19986215134
731,2.14365808637,2.19990562943
732,2.1436144479,2.19994910751
733,2.14356839678,2.1999925856
734,2.14350894622,2.20003606369
735,2.14347733666,2.20007954178
736,2.14341878371,2.20012301987
737,2.14337251362,2.20016649795
738,2.14334186759,2.20020997604
739,2.14327542767,2.20025345413
740,2.14727559371,2.1969997488
741,2.14750537582,2.1969997488
742,2.14739471534,2.1969997488
743,2.14739876234,2.1969997488
744,2.14740989347,2.1969997488
745,2.14740249674,2.1969997488
746,2.14740224004,2.1969997488
747,2.14739462351,2.1969997488
748,2.1474021767,2.1969997488
749,2.14739455109,2.1969997488
750,2.14739451145,2.1969997488
751,2.14738689665,2.1969997488
752,2.12870839976,2.1779245795
753,2.12913821539,2.17794829482
754,2.12898516843,2.17797201014
755,2.12914559922,2.17799572546
756,2.12915480788,2.17801944078
757,2.12921067864,2.1780431561
758,2.12924405312,2.17806687142
759,2.12926682202,2.17809058674
760,2.12928281049,2.17811430206
761,2.12929241051,2.17813801738
762,2.12929585054,2.1781617327
763,2.12929574069,2.17818544802
764,2.08875925675,2.13451195757
765,2.08984945561,2.13451195757
766,2.08969235405,2.13451195757
767,2.08987910411,2.13451195757
768,2.09000756468,2.13451195757
769,2.09007611794,2.13451195757
770,2.09015947859,2.13451195757
771,2.09021653186,2.13451195757
772,2.09026349756,2.13451195757
773,2.0903019507,2.13451195757
774,2.09034777591,2.13451195757
775,2.09037322622,2.13451195757
776,2.07498211316,2.12114578875
777,2.07460328686,2.12116555152
778,2.07470715866,2.12118531429
779,2.07489786682,2.12120507706
780,2.07487923594,2.12122483982
781,2.0748966691,2.12124460259
782,2.07491842908,2.12126436536
783,2.07491887493,2.12128412812
784,2.07492836356,2.12130389089
785,2.0749198906,2.12132365366
786,2.07493454135,2.12134341643
787,2.07490547052,2.12136317919
788,2.07530697299,2.12106746647
789,2.07563019655,2.12106746647
790,2.07550944104,2.12106746647
791,2.07555338597,2.12106746647
792,2.07556872133,2.12106746647
793,2.07556848115,2.12106746647
794,2.07559486762,2.12106746647
795,2.07559357064,2.12106746647
796,2.07561856056,2.12106746647
797,2.07561601826,2.12106746647
798,2.07562661134,2.12106746647
799,2.07563622435,2.12106746647
800,2.0625011395,2.1061701143
801,2.06313792719,2.1061701143
802,2.06296482316,2.1061701143
803,2.06305584268,2.1061701143
804,2.06310578541,2.1061701143
805,2.06312841093,2.1061701143
806,2.06316119478,2.1061701143
807,2.06318865432,2.1061701143
808,2.06321425947,2.1061701143
809,2.06322538031,2.1061701143
810,2.06325834971,2.1061701143
811,2.0632656274,2.1061701143
812,2.06258587808,2.10672868278
813,2.06207075586,2.10672868278
814,2.0623378727,2.10672868278
815,2.06228029727,2.10672868278
816,2.06230050227,2.10672868278
817,2.06230851612,2.10672868278
818,2.06232593718,2.10672868278
819,2.06232938588,2.10672868278
820,2.06233235894,2.10672868278
821,2.06235920115,2.10672868278
822,2.06234804926,2.10672868278
823,2.06237373101,2.10672868278
824,2.06597016847,2.10519502634
825,2.06569176094,2.10523850443
826,2.06492122677,2.10528198251
827,2.06503141324,2.1053254606
828,2.06498344961,2.10536893869
829,2.06493982894,2.10541241678
830,2.06489802195,2.10545589487
831,2.06483718042,2.10549937295
832,2.06477714304,2.10554285104
833,2.06474734321,2.10558632913
834,2.0646785512,2.10562980722
835,2.06463975373,2.10567328531
836,2.06423433641,2.10599271335
837,2.06395846101,2.10601642867
838,2.06405026626,2.10604014399
839,2.06399671469,2.10606385931
840,2.06397176943,2.10608757463
841,2.06393566354,2.10611128995
842,2.06391897123,2.10613500527
843,2.06388229553,2.10615872059
844,2.06386521345,2.10618243591
845,2.06383810684,2.10620615124
846,2.06381109114,2.10622986656
847,2.06378381429,2.10625358188
848,2.06560375077,2.11815010665
849,2.06572894866,2.11819358474
850,2.06558765583,2.11823706282
851,2.06556627226,2.11828054091
852,2.06543183658,2.118324019
853,2.06534455655,2.11836749709
854,2.06524950845,2.11841097518
855,2.06516230621,2.11845445326
856,2.06508120081,2.11849793135
857,2.06498818383,2.11854140944
858,2.06493421012,2.11858488753
859,2.06484893694,2.11862836561
860,2.03853117685,2.10130184873
861,2.04021407789,2.10132556405
862,2.03825706182,2.10134927937
863,2.03918844871,2.10137299469
864,2.04366920597,2.09927696209
865,2.04412919401,2.09910797305
866,2.04602463633,2.09813357863
867,2.04835438876,2.0971591842
868,2.0504345544,2.09618478978
869,2.0524556893,2.09521039535
870,2.0545797923,2.09423600093
871,2.05671734664,2.0932616065
872,2.07021836857,2.10824512891
873,2.07134771169,2.10724701917
874,2.07346603407,2.10624890942
875,2.07578137016,2.10525079968
876,2.07787032152,2.10425268993
877,2.08006740392,2.10325458019
878,2.08137634888,2.10267893769
879,2.08267270141,2.10210329518
880,2.08396568753,2.10152765268
881,2.08513077092,2.10095201018
882,2.08629693285,2.10037636768
883,2.08746426386,2.09980072518
884,2.06136818803,2.08334279297
885,2.06261156628,2.08272367238
886,2.06379822404,2.08210455179
887,2.06501101375,2.0814854312
888,2.06622645203,2.08086631061
889,2.06744276483,2.08024719002
890,2.06804452188,2.07992700824
891,2.06864642535,2.07960682646
892,2.06924871729,2.07928664468
893,2.06985961161,2.0789664629
894,2.07045063254,2.07864628112
895,2.07105850144,2.07832609934
896,2.05670298176,2.06431117906
897,2.05743737586,2.06401076005
898,2.05807321312,2.06371034103
899,2.05867696902,2.06340992202
900,2.05931002079,2.06310950301
901,2.0599333842,2.062809084
902,2.0603061433,2.06262725228
903,2.06067487423,2.06244542056
904,2.0610398136,2.06226358885
905,2.06140134889,2.06208175713
906,2.06176074872,2.06189992542
907,2.06211801776,2.0617180937
908,2.05864456504,2.05317487763
909,2.05870180642,2.05301676123
910,2.05928004052,2.05285864484
911,2.05958757589,2.05270052844
912,2.05990420118,2.05254241205
913,2.0599171509,2.05238429565
914,2.0599498324,2.05237194281
915,2.05984409651,2.05235958997
916,2.05977205677,2.05234723712
917,2.05970794355,2.05233488428
918,2.05965081119,2.05232253144
919,2.05959744842,2.05231017859
920,2.05734748185,2.05287863008
921,2.05808379824,2.05282279915
922,2.05772870106,2.05276696822
923,2.05775015273,2.05271113728
924,2.05776027713,2.05265530635
925,2.05776123446,2.05259947542
926,2.0576594102,2.05260046757
927,2.05756354015,2.05260145972
928,2.05747396948,2.05260245187
929,2.05738979316,2.05260344402
930,2.05731060943,2.05260443616
931,2.05723577589,2.05260542831
932,2.05822302462,2.05236332747
933,2.05771613387,2.05238408239
934,2.05779439939,2.0524048373
935,2.05769343117,2.05242559222
936,2.0576032286,2.05244634713
937,2.05752692882,2.05246710205
938,2.05666528462,2.05291032421
939,2.05579497281,2.05335354637
940,2.05495798695,2.05379676853
941,2.0541337472,2.05423999069
942,2.05331793844,2.05468321285
943,2.05250938895,2.05512643501
944,2.05487231582,2.05470623431
945,2.05295383989,2.05517317179
946,2.05260108686,2.05564010927
947,2.05162846914,2.05610704675
948,2.05076917985,2.05657398423
949,2.04990208847,2.05704092171
950,2.04971182408,2.05715456787
951,2.04947496705,2.05726821403
952,2.04923911905,2.05738186019
953,2.04900441658,2.05749550635
954,2.04877014879,2.05760915251
955,2.04853602182,2.05772279867
956,2.04597717631,2.058723583
957,2.04613315436,2.05883722916
958,2.04585467296,2.05895087532
959,2.04559423092,2.05906452148
960,2.04537590466,2.05917816764
961,2.04514970371,2.05929181379
962,2.0436003205,2.06004780781
963,2.04205054522,2.06080380183
964,2.04050041771,2.06155979584
965,2.03895008652,2.06231578986
966,2.03739929725,2.06307178387
967,2.03584894014,2.06382777789
968,2.03434521209,2.06457463025
969,2.0327707163,2.06535433959
970,2.03119938683,2.06613404892
971,2.02962667698,2.06691375826
972,2.02805213872,2.06769346759
973,2.02647809915,2.06847317693
974,2.02482782943,2.0692899448
975,2.02317793255,2.07010671266
976,2.02152757619,2.07092348053
977,2.0200457427,2.07174024839
978,2.01850504056,2.07255701626
979,2.01685585795,2.07337378413
980,2.04236859009,2.09021341122
981,2.04068763653,2.09104994186
982,2.03928926741,2.09188647249
983,2.03337805192,2.0947834574
984,2.03333469697,2.09482693549
985,2.03329257997,2.09487041357
986,2.03324994154,2.09491389166
987,2.03320772756,2.09495736975
988,2.03316492181,2.09500084784
989,2.03312160153,2.09504432593
990,2.03307836662,2.09508780401
991,2.03303460799,2.0951312821
992,2.09568881114,2.15298086187
993,2.0953435742,2.15300457719
994,2.09510038054,2.15302829251
995,2.09495312551,2.15305200783
996,2.09479049285,2.15307572316
997,2.09465233382,2.15309943848
998,2.09453023329,2.1531231538
999,2.09442142316,2.15314686912
1000,2.09432385981,2.15317058444
1001,2.09423628985,2.15319429976
1002,2.09415597511,2.15321801508
1003,2.0940824851,2.1532417304
1004,2.10729842684,2.16785399096
1005,2.10703750684,2.16789746905
1006,2.1069305206,2.16794094714
1007,2.10677335942,2.16798442523
1008,2.1066640874,2.16802790331
1009,2.10656067891,2.1680713814
1010,2.10646435924,2.16811485949
1011,2.10637595815,2.16815833758
1012,2.1062916963,2.16820181567
1013,2.10621162084,2.16824529375
1014,2.1061358959,2.16828877184
1015,2.10606150545,2.16833224993
1016,2.10734816434,2.16766448942
1017,2.10763600759,2.16762101134
1018,2.10760194083,2.16757753325
1019,2.10765257388,2.16753405516
1020,2.10768532802,2.16749057707
1021,2.1077254479,2.16744709899
1022,2.10773493886,2.1674036209
1023,2.10776023256,2.16736014281
1024,2.10779736699,2.16731666472
1025,2.10781579045,2.16727318663
1026,2.10785386747,2.16722970855
1027,2.10787472456,2.16718623046
1028,2.12098806076,2.17536120518
1029,2.12094957213,2.17533748986
1030,2.12097994825,2.17531377454
1031,2.12096894584,2.17529005922
1032,2.12098276182,2.1752663439
1033,2.12099561646,2.17524262858
1034,2.12100789684,2.17521891326
1035,2.12102221147,2.17519519794
1036,2.12103603301,2.17517148262
1037,2.12104956013,2.1751477673
1038,2.12106550545,2.17512405198
1039,2.12107870516,2.17510033666
1040,2.10511573837,2.16163807002
1041,2.10520299073,2.16159459193
1042,2.1052818866,2.16155111385
1043,2.10528202579,2.16150763576
1044,2.10536099141,2.16146415767
1045,2.10543443619,2.16142067958
1046,2.1055038552,2.16137720149
1047,2.10556954418,2.16133372341
1048,2.10563282421,2.16129024532
1049,2.10569246321,2.16124676723
1050,2.10574963304,2.16120328914
1051,2.10580499633,2.16115981106
1052,2.0621035615,2.11912916906
1053,2.06254575557,2.11912916906
1054,2.06264540717,2.11912916906
1055,2.06277286372,2.11912916906
1056,2.06289988378,2.11912916906
1057,2.06301098231,2.11912916906
1058,2.06310379765,2.11912916906
1059,2.06318300733,2.11912916906
1060,2.06325096487,2.11912916906
1061,2.06330996949,2.11912916906
1062,2.06336110351,2.11912916906
1063,2.06340568072,2.11912916906
1064,2.06388379993,2.11890831193
1065,2.06385911269,2.11888459661
1066,2.06387450403,2.11886088129
1067,2.06393943268,2.11883716597
1068,2.06396670862,2.11881345065
1069,2.06399431646,2.11878973532
1070,2.06403736621,2.11876602
1071,2.06404580993,2.11874230468
1072,2.06408584239,2.11871858936
1073,2.06411643268,2.11869487404
1074,2.06413785594,2.11867115872
1075,2.06416693996,2.1186474434
1076,2.06542725029,2.11760911458
1077,2.06652852492,2.11758935182
1078,2.06608339478,2.11756958905
1079,2.06622032314,2.11754982628
1080,2.06623207061,2.11753006352
1081,2.06626270514,2.11751030075
1082,2.06627218928,2.11749053798
1083,2.06629584183,2.11747077521
1084,2.06630846886,2.11745101245
1085,2.06633357748,2.11743124968
1086,2.06633268791,2.11741148691
1087,2.06637302559,2.11739172414
1088,2.05298967222,2.10259294288
1089,2.05354213916,2.10259294288
1090,2.05340196043,2.10259294288
1091,2.05346888426,2.10259294288
1092,2.05351408949,2.10259294288
1093,2.05353112616,2.10259294288
1094,2.05355642801,2.10259294288
1095,2.05357887825,2.10259294288
1096,2.05359875182,2.10259294288
1097,2.05360421585,2.10259294288
1098,2.05362005587,2.10259294288
1099,2.05363432036,2.10259294288
1100,2.05415353869,2.10216580228
1101,2.05456010609,2.10216580228
1102,2.05439660115,2.10216580228
1103,2.05442774904,2.10216580228
1104,2.05444617065,2.10216580228
1105,2.05443176667,2.10216580228
1106,2.05445132337,2.10216580228
1107,2.05443710792,2.10216580228
1108,2.05444514805,2.10216580228
1109,2.05444188067,2.10216580228
1110,2.05444980408,2.10216580228
1111,2.05444639044,2.10216580228
1112,2.0535039926,2.10295436955
1113,2.05273142622,2.10295436955
1114,2.0530759728,2.10295436955
1115,2.05301202182,2.10295436955
1116,2.05300266474,2.10295436955
1117,2.0529898902,2.10295436955
1118,2.05301219101,2.10295436955
1119,2.05299730884,2.10295436955
1120,2.05300595249,2.10295436955
1121,2.05300190209,2.10295436955
1122,2.0530095336,2.10295436955
1123,2.05300466993,2.10295436955
1124,2.05255801743,2.10333555898
1125,2.05216749605,2.10335532174
1126,2.0523253004,2.10337508451
1127,2.05224910879,2.10339484728
1128,2.05224588007,2.10341461005
1129,2.05221032464,2.10343437281
1130,2.05219592447,2.10345413558
1131,2.05218120282,2.10347389835
1132,2.05215438794,2.10349366111
1133,2.05212671163,2.10351342388
1134,2.05212323236,2.10353318665
1135,2.05208348502,2.10355294942
1136,2.0658665358,2.11800092513
1137,2.06569892601,2.11804440322
1138,2.06560047546,2.11808788131
1139,2.06550390305,2.1181313594
1140,2.06541538252,2.11817483748
1141,2.06534435749,2.11821831557
1142,2.06527664034,2.11826179366
1143,2.06518852709,2.11830527175
1144,2.0651402772,2.11834874984
1145,2.0650570164,2.11839222792
1146,2.06500079273,2.11843570601
1147,2.06493447596,2.1184791841
1148,2.07996309862,2.131888831
1149,2.08087287617,2.13191254632
1150,2.08033953672,2.13193626164
1151,2.08038438163,2.13195997696
1152,2.08299952293,2.13073358453
1153,2.08319146492,2.13064365369
1154,2.08577858381,2.12921220406
1155,2.08882903752,2.12778075443
1156,2.09145769249,2.1263493048
1157,2.09409559909,2.12491785517
1158,2.09719991012,2.12348640554
1159,2.10028496899,2.12205495591
1160,2.07450533779,2.10543887511
1161,2.07783180117,2.10387303867
1162,2.08080067552,2.10230720222
1163,2.08389678601,2.10074136577
1164,2.08700100291,2.09917552933
1165,2.09010816922,2.09760969288
1166,2.09115514272,2.09704443675
1167,2.09219895057,2.09647918061
1168,2.0932430688,2.09591392448
1169,2.09428696034,2.09534866835
1170,2.09533135685,2.09478341221
1171,2.09637414776,2.09421815608
1172,2.08189190735,2.08019211278
1173,2.08313195205,2.07965057197
1174,2.0841511944,2.07910903116
1175,2.08519814629,2.07856749034
1176,2.08626264182,2.07802594953
1177,2.08732105594,2.07748440872
1178,2.08779348134,2.07715533681
1179,2.08806512299,2.07682626491
1180,2.08858876696,2.076497193
1181,2.08896640992,2.0761681211
1182,2.08937363479,2.07583904919
1183,2.08978303446,2.07550997728
1184,2.08883264779,2.07551861672
1185,2.08972467922,2.07516582949
1186,2.08992613053,2.07481304227
1187,2.09037417305,2.07446025504
1188,2.0907675237,2.07410746781
1189,2.09101746141,2.07375468059
1190,2.09115624677,2.07354518634
1191,2.09122226375,2.0733356921
1192,2.09131025002,2.07312619786
1193,2.09116864876,2.07291670361
1194,2.0906207229,2.07270720937
1195,2.09079290872,2.07249771513
1196,2.05893982803,2.05692398051
1197,2.06443068498,2.05676191691
1198,2.06383606561,2.0565998533
1199,2.06404393417,2.0564377897
1200,2.06366019327,2.0562757261
1201,2.06359319643,2.0561136625
1202,2.06276606648,2.05657665277
1203,2.06153734925,2.05703964304
1204,2.06053324701,2.05750263332
1205,2.05957341041,2.05796562359
1206,2.05864356017,2.05842861386
1207,2.05766541342,2.05889160414
1208,2.06022910317,2.05873698056
1209,2.05811745459,2.05923949636
1210,2.05767289828,2.05974201217
1211,2.05660327309,2.06024452798
1212,2.0556317359,2.06074704379
1213,2.05467636367,2.06124955959
1214,2.05233000527,2.06254018681
1215,2.04998303055,2.06383081402
1216,2.04764676719,2.06512144124
1217,2.04532566851,2.06641206846
1218,2.04301585074,2.06770269567
1219,2.04084950454,2.06899332289
1220,2.01402721384,2.04733390943
1221,2.01128061388,2.04867196729
1222,2.00866969319,2.05001002515
1223,2.00598708562,2.051348083
1224,2.00329505239,2.05268614086
1225,2.00060084733,2.05402419872
1226,2.00175224787,2.05349203609
1227,2.00290051644,2.05295987345
1228,2.00404620185,2.05242771082
1229,2.00518878287,2.05189554819
1230,2.00632906047,2.05136338556
1231,2.00746704594,2.05083122293
1232,2.00863008584,2.05027534498
1233,2.0097866323,2.04971946702
1234,2.01094209219,2.04916358907
1235,2.01209676509,2.04860771112
1236,2.01325010573,2.04805183317
1237,2.01440235313,2.04749595521
1238,2.0134697378,2.04795301042
1239,2.01253651856,2.04841006562
1240,2.0116029392,2.04886712083
1241,2.01066893306,2.04932417604
1242,2.00973497756,2.04978123124
1243,2.00880091484,2.05023828645
1244,2.00770713209,2.05076105559
1245,2.00678876069,2.05121811079
1246,2.00584995782,2.051675166
1247,2.00491492895,2.05213222121
1248,2.00398162941,2.05258927641
1249,2.0030479983,2.05304633162
1250,2.00250597614,2.05331315303
1251,2.00196370605,2.05357997445
1252,2.00142156308,2.05384679587
1253,2.00087935961,2.05411361728
1254,2.00033695305,2.0543804387
1255,1.99979472004,2.05464726012
1256,2.0148157443,2.06205887548
1257,2.01399336582,2.06238893775
1258,2.01349514241,2.06271900002
1259,2.01285808463,2.0630490623
1260,2.01224777874,2.06337912457
1261,2.01162879742,2.06370918684
1262,2.01107937962,2.06400713172
1263,2.01053100636,2.0643050766
1264,2.01020479823,2.06460302148
1265,2.0096577955,2.06490096636
1266,2.00911042599,2.06519891124
1267,2.00878581767,2.06549685612
1268,2.02292265954,2.07327459027
1269,2.02224475143,2.07357648771
1270,2.02197646952,2.07387838514
1271,2.01745432508,2.076102385
1272,2.01738568319,2.07616957841
1273,2.01731245631,2.07623677182
1274,2.01724180655,2.07630396523
1275,2.01717149411,2.07637115864
1276,2.01710180325,2.07643835204
1277,2.01703235833,2.07650554545
1278,2.01692363711,2.07657273886
1279,2.01672959884,2.07663993227
1280,2.05479850326,2.12123489734
1281,2.05454420697,2.12130209075
1282,2.05407364519,2.12136928416
1283,2.05393238538,2.12143647756
1284,2.05374607123,2.12150367097
1285,2.05358605653,2.12157086438
1286,2.05343973404,2.12163805779
1287,2.05330436065,2.1217052512
1288,2.05317778386,2.12177244461
1289,2.05305904325,2.12183963801
1290,2.05294627457,2.12190683142
1291,2.05283883041,2.12197402483
1292,2.10913028979,2.16584388556
1293,2.10900381526,2.16588736365
1294,2.1088277225,2.16593084174
1295,2.10869112886,2.16597431982
1296,2.1085648989,2.16601779791
1297,2.10842643508,2.166061276
1298,2.10830114459,2.16610475409
1299,2.10818627872,2.16614823218
1300,2.10807669577,2.16619171026
1301,2.10797649421,2.16623518835
1302,2.10788124235,2.16627866644
1303,2.10779045114,2.16632214453
1304,2.12023483119,2.18128521063
1305,2.12023483119,2.18128521063
1306,2.12028336344,2.18128521063
1307,2.12023535804,2.18128521063
1308,2.12023675583,2.18128521063
1309,2.12023638303,2.18128521063
1310,2.12023615132,2.18128521063
1311,2.12023549766,2.18128521063
1312,2.1202355288,2.18128521063
1313,2.12023487862,2.18128521063
1314,2.12023517186,2.18128521063
1315,2.12023499331,2.18128521063
1316,2.11983348992,2.16810726406
1317,2.12010109637,2.16806378597
1318,2.12026164717,2.16802030788
1319,2.12035955298,2.1679768298
1320,2.12046125905,2.16793335171
1321,2.12054375037,2.16788987362
1322,2.12062178488,2.16784639553
1323,2.12069277597,2.16780291744
1324,2.12075765238,2.16775943936
1325,2.12081899081,2.16771596127
1326,2.1208767486,2.16767248318
1327,2.12093098192,2.16762900509
1328,2.1026465493,2.15489773982
1329,2.10341564589,2.15496098067
1330,2.10317053942,2.15502422153
1331,2.10323898478,2.15508746238
1332,2.10321051015,2.15515070324
1333,2.10319067123,2.15521394409
1334,2.10316386967,2.15527718495
1335,2.1031309699,2.1553404258
1336,2.10309179493,2.15540366666
1337,2.10304952455,2.15546690751
1338,2.10300288255,2.15553014837
1339,2.10295401878,2.15559338922
1340,2.07532317801,2.12703810807
1341,2.07553555313,2.12706182339
1342,2.07563432996,2.12708553871
1343,2.07570969501,2.12710925403
1344,2.07577264286,2.12713296935
1345,2.07582089875,2.12715668467
1346,2.07585750862,2.1271804
1347,2.07588492953,2.12720411532
1348,2.07590541687,2.12722783064
1349,2.07591945969,2.12725154596
1350,2.07592812154,2.12727526128
1351,2.07593253354,2.1272989766
1352,2.07492989123,2.12127721663
1353,2.07510423267,2.1212969794
1354,2.07516490929,2.12131674217
1355,2.07521915774,2.12133650493
1356,2.07526157939,2.1213562677
1357,2.07529296232,2.12137603047
1358,2.0753170513,2.12139579323
1359,2.07533604861,2.121415556
1360,2.07535020713,2.12143531877
1361,2.07536078841,2.12145508154
1362,2.07536793929,2.1214748443
1363,2.07537291072,2.12149460707
1364,2.07154400588,2.11296893787
1365,2.07146252571,2.11299265319
1366,2.07133703782,2.11301636851
1367,2.07135630343,2.11304008383
1368,2.07133165858,2.11306379915
1369,2.07131755971,2.11308751447
1370,2.07128127637,2.11311122979
1371,2.07126805333,2.11313494511
1372,2.07123833216,2.11315866043
1373,2.07121563079,2.11318237575
1374,2.07119153876,2.11320609107
1375,2.0711521807,2.11322980639
1376,2.06697489461,2.10474613574
1377,2.0671306589,2.10474613574
1378,2.06645145588,2.10474613574
1379,2.06663645297,2.10474613574
1380,2.06667409331,2.10474613574
1381,2.06666495588,2.10474613574
1382,2.06669156968,2.10474613574
1383,2.06670502626,2.10474613574
1384,2.06670537387,2.10474613574
1385,2.06672929098,2.10474613574
1386,2.06672819811,2.10474613574
1387,2.06673858408,2.10474613574
1388,2.06496752334,2.10601446334
1389,2.06458069059,2.10603422611
1390,2.06436494872,2.10605398888
1391,2.06452398271,2.10607375165
1392,2.06445779164,2.10609351441
1393,2.06443194546,2.10611327718
1394,2.06442536533,2.10613303995
1395,2.06439057093,2.10615280271
1396,2.06439665653,2.10617256548
1397,2.06436029784,2.10619232825
1398,2.06435104932,2.10621209102
1399,2.06432708715,2.10623185378
1400,2.06380507072,2.10668270971
1401,2.06338294427,2.10670642503
1402,2.06354589693,2.10673014035
1403,2.06348196136,2.10675385567
1404,2.06345622725,2.10677757099
1405,2.06344067819,2.10680128631
1406,2.06341000226,2.10682500163
1407,2.06339299121,2.10684871695
1408,2.06337529802,2.10687243227
1409,2.06334311298,2.10689614759
1410,2.06332461687,2.10691986291
1411,2.06330585793,2.10694357823
1412,2.07984319485,2.12006665406
1413,2.07983163175,2.12006665406
1414,2.07913552478,2.12006665406
1415,2.0792536538,2.12006665406
1416,2.07922666257,2.12006665406
1417,2.07919172598,2.12006665406
1418,2.07916804299,2.12006665406
1419,2.07915852339,2.12006665406
1420,2.07912787171,2.12006665406
1421,2.07911246982,2.12006665406
1422,2.07910032882,2.12006665406
1423,2.07908918228,2.12006665406
1424,2.08091403975,2.13207484394
1425,2.08088484791,2.13209855926
1426,2.08076582366,2.13212227458
1427,2.08071875916,2.1321459899
1428,2.08062149689,2.13216970522
1429,2.08053893657,2.13219342054
1430,2.08045559226,2.13221713586
1431,2.08038045495,2.13224085118
1432,2.08031423449,2.1322645665
1433,2.08026237395,2.13228828182
1434,2.08019304337,2.13231199715
1435,2.0801403898,2.13233571247
1436,2.05247237356,2.12312984903
1437,2.05243258356,2.12312984903
1438,2.05233571676,2.12312984903
1439,2.05218821789,2.12312984903
1440,2.05331989071,2.12258632392
1441,2.05337255205,2.12253691255
1442,2.05380710488,2.12230962023
1443,2.05428283453,2.12208232791
1444,2.0541831747,2.12185503559
1445,2.05465372981,2.12162774328
1446,2.05489625868,2.12140045096
1447,2.05503603576,2.12117315864
1448,2.04291526657,2.10534394412
1449,2.04495314072,2.10506922116
1450,2.04490241288,2.10479449821
1451,2.04560647684,2.10451977525
1452,2.04618686366,2.10424505229
1453,2.04674630955,2.10397032933
1454,2.04696861895,2.1038586639
1455,2.04717828116,2.10374699847
1456,2.0473868611,2.10363533305
1457,2.04760498695,2.10352366762
1458,2.04780013228,2.10341200219
1459,2.0480168204,2.10330033676
1460,2.01977039275,2.0861815825
1461,2.02090474692,2.08611734771
1462,2.02050812413,2.08605311293
1463,2.02066422722,2.08598887814
1464,2.02085645628,2.08592464335
1465,2.02092978676,2.08586040857
1466,2.02091004678,2.08586287914
1467,2.0209098758,2.08586534971
1468,2.02084939444,2.08586782028
1469,2.02082148474,2.08587029084
1470,2.02083240615,2.08587276141
1471,2.02073503344,2.08587523198
1472,2.00112026768,2.06590318349
1473,1.99935664707,2.06586217597
1474,1.99856380729,2.06582116845
1475,1.99955576772,2.06578016093
1476,1.99929440611,2.06573915341
1477,1.99924260231,2.06569814589
1478,1.99961446528,2.06554349221
1479,1.99983406756,2.06538883854
1480,2.00019337482,2.06523418486
1481,2.00045509336,2.06507953118
1482,2.00080593974,2.0649248775
1483,2.00110156483,2.06477022382
1484,2.00233696675,2.06515190277
1485,2.00064120467,2.06504072718
1486,2.00172679991,2.06492955159
1487,2.00188134279,2.064818376
1488,2.00208935465,2.06470720041
1489,2.00237958616,2.06459602482
1490,2.00273567868,2.06444037899
1491,2.00317001255,2.06428473317
1492,2.00351205301,2.06412908734
1493,2.00391111625,2.06397344151
1494,2.00430944593,2.06381779569
1495,2.00474345606,2.06366214986
1496,2.0039615795,2.0628716005
1497,2.00689498477,2.06267247658
1498,2.00627805845,2.06247335267
1499,2.00702399486,2.06227422875
1500,2.00754554101,2.06207510484
1501,2.00801126973,2.06187598093
1502,2.00799991359,2.06192144331
1503,2.00787299662,2.06196690569
1504,2.00779279154,2.06201236808
1505,2.00766643902,2.06205783046
1506,2.0075870883,2.06210329285
1507,2.00740202421,2.06214875523
1508,2.00645151071,2.06327997707
1509,2.0057883949,2.06339263287
1510,2.00552523389,2.06350528866
1511,2.00540712387,2.06361794445
1512,2.00515830677,2.06373060025
1513,2.00494680205,2.06384325604
1514,2.00474281941,2.0639509707
1515,2.00453841343,2.06405868535
1516,2.00433297918,2.06416640001
1517,2.00412764907,2.06427411466
1518,2.00392164629,2.06438182932
1519,2.00370167597,2.06448954397
1520,2.00288875755,2.06511901759
1521,2.00212443364,2.06522277969
1522,2.00217248804,2.06532654179
1523,2.00190351975,2.06543030389
1524,2.0017091702,2.06553406599
1525,2.00148222213,2.0656378281
1526,2.00125007495,2.06576382532
1527,2.0009900767,2.06588982254
1528,2.00074346226,2.06601581976
1529,2.00048267967,2.06614181698
1530,2.00023555468,2.0662678142
1531,1.99998795191,2.06639381142
1532,2.01471803093,2.0730336516
1533,2.01647469512,2.07318336414
1534,2.01533563589,2.07333307668
1535,2.01431221731,2.07348278922
1536,2.01424704547,2.07363250177
1537,2.01417279874,2.07378221431
1538,2.01358070028,2.07403074959
1539,2.01300265033,2.07427928488
1540,2.0124157713,2.07452782017
1541,2.01188735691,2.07477635546
1542,2.01129305318,2.07502489075
1543,2.01077796734,2.07527342603
1544,2.03526092133,2.08997015911
1545,2.04137629991,2.09017521631
1546,2.04006647039,2.09038027351
1547,2.03917086571,2.09058533071
1548,2.03822938477,2.09079038791
1549,2.03849185711,2.09099544511
1550,2.03817873312,2.09109920899
1551,2.03783618153,2.09120297288
1552,2.03760033767,2.09130673676
1553,2.03726914862,2.09141050065
1554,2.03703533754,2.09151426453
1555,2.036714717,2.09161802842
1556,2.03611966016,2.09329892683
1557,2.03475614473,2.09340269071
1558,2.03467198196,2.0935064546
1559,2.03363164347,2.09402527402
1560,2.03356782355,2.09402527402
1561,2.03355643198,2.09402527402
1562,2.03354329481,2.09402527402
1563,2.03352949162,2.09402527402
1564,2.03351497533,2.09402527402
1565,2.03353925901,2.09402527402
1566,2.033503941,2.09402527402
1567,2.03352704939,2.09402527402
1568,2.08288716447,2.14357759284
1569,2.08357529678,2.14360130816
1570,2.08307207419,2.14362502348
1571,2.08299092703,2.1436487388
1572,2.08285833668,2.14367245412
1573,2.08272435606,2.14369616944
1574,2.08262630205,2.14371988476
1575,2.08249983649,2.14374360008
1576,2.08242523866,2.1437673154
1577,2.08233971498,2.14379103072
1578,2.08225088763,2.14381474604
1579,2.08219001124,2.14383846136
1580,2.13773078126,2.18804998599
1581,2.13817013502,2.18807370131
1582,2.13776448225,2.18809741663
1583,2.13771251382,2.18812113195
1584,2.13761902185,2.18814484727
1585,2.13750471483,2.18816856259
1586,2.13742275705,2.18819227791
1587,2.13732585841,2.18821599323
1588,2.13723769891,2.18823970855
1589,2.13716755176,2.18826342387
1590,2.13710276236,2.18828713919
1591,2.13703212065,2.18831085451
1592,2.14430448066,2.20065038807
1593,2.14343312042,2.20065038807
1594,2.1435899648,2.20065038807
1595,2.1436814893,2.20065038807
1596,2.14358568361,2.20065038807
1597,2.14360265498,2.20065038807
1598,2.14359919877,2.20065038807
1599,2.14359841931,2.20065038807
1600,2.1435849833,2.20065038807
1601,2.14359773659,2.20065038807
1602,2.14358505807,2.20065038807
1603,2.14359762689,2.20065038807
1604,2.14811436664,2.19691296984
1605,2.14904522289,2.19688925452
1606,2.14877078473,2.1968655392
1607,2.14891311412,2.19684182388
1608,2.14895604251,2.19681810856
1609,2.14897990413,2.19679439324
1610,2.14903072484,2.19677067792
1611,2.14902872828,2.1967469626
1612,2.1490589146,2.19672324728
1613,2.14908656786,2.19669953196
1614,2.14908546756,2.19667581664
1615,2.14911390395,2.19665210132
1616,2.13388749917,2.17668979384
1617,2.13314582186,2.17671350916
1618,2.13360165637,2.17673722448
1619,2.13354411437,2.17676093981
1620,2.13354523528,2.17678465513
1621,2.13357084252,2.17680837045
1622,2.13358795558,2.17683208577
1623,2.13358559975,2.17685580109
1624,2.13359078864,2.17687951641
1625,2.13359079469,2.17690323173
1626,2.13357207277,2.17692694705
1627,2.13357779669,2.17695066237
1628,2.09136862782,2.13423916567
1629,2.09132223032,2.13421545035
1630,2.09166656216,2.13419173503
1631,2.09176632774,2.13416801971
1632,2.09188890406,2.13414430439
1633,2.09200191598,2.13412058907
1634,2.09208647074,2.13409687375
1635,2.09217132869,2.13407315843
1636,2.09224662568,2.13404944311
1637,2.09231227531,2.13402572779
1638,2.09237225545,2.13400201247
1639,2.09243741434,2.13397829715
1640,2.07657345987,2.12085522132
1641,2.07672775814,2.12085522132
1642,2.07633244666,2.12085522132
1643,2.07645281803,2.12085522132
1644,2.07647383839,2.12085522132
1645,2.07651683245,2.12085522132
1646,2.07654601596,2.12085522132
1647,2.07658226118,2.12085522132
1648,2.07659970489,2.12085522132
1649,2.07662617037,2.12085522132
1650,2.07664831733,2.12085522132
1651,2.07665462638,2.12085522132
1652,2.0693557532,2.11399068388
1653,2.06911734862,2.11396696856
1654,2.06933094697,2.11394325324
1655,2.06936784183,2.11391953792
1656,2.06941066619,2.1138958226
1657,2.06945978414,2.11387210728
1658,2.06951719016,2.11384839196
1659,2.06955871458,2.11382467664
1660,2.06959763522,2.11380096132
1661,2.06964708528,2.113777246
1662,2.06966892493,2.11375353068
1663,2.06971458563,2.11372981536
1664,2.06057550946,2.10794041619
1665,2.06055467263,2.10794041619
1666,2.0601247477,2.10794041619
1667,2.06043944705,2.10794041619
1668,2.06040361601,2.10794041619
1669,2.06042090914,2.10794041619
1670,2.06044558407,2.10794041619
1671,2.06046663202,2.10794041619
1672,2.06047057863,2.10794041619
1673,2.06048609451,2.10794041619
1674,2.06051315373,2.10794041619
1675,2.06051096993,2.10794041619
1676,2.05950105622,2.10868698484
1677,2.05900843732,2.10871070016
1678,2.05917376713,2.10873441548
1679,2.05912789285,2.1087581308
1680,2.05910936722,2.10878184612
1681,2.05908425425,2.10880556144
1682,2.05907903677,2.10882927676
1683,2.05905007712,2.10885299208
1684,2.05903495986,2.1088767074
1685,2.05902597697,2.10890042272
1686,2.0590015811,2.10892413804
1687,2.05897654509,2.10894785336
1688,2.06242994081,2.1073050049
1689,2.06272128054,2.1073050049
1690,2.06180321435,2.1073050049
1691,2.06202771897,2.1073050049
1692,2.06204637642,2.1073050049
1693,2.06203556801,2.1073050049
1694,2.06203846787,2.1073050049
1695,2.06205406366,2.1073050049
1696,2.06204667114,2.1073050049
1697,2.06205175876,2.1073050049
1698,2.06206907884,2.1073050049
1699,2.06206306056,2.1073050049
1700,2.0769064609,2.12085522132
1701,2.07757757998,2.12085522132
1702,2.07717561128,2.12085522132
1703,2.07723883612,2.12085522132
1704,2.07720019796,2.12085522132
1705,2.07717016046,2.12085522132
1706,2.07714550549,2.12085522132
1707,2.07712523536,2.12085522132
1708,2.07711957497,2.12085522132
1709,2.07709449116,2.12085522132
1710,2.0770942842,2.12085522132
1711,2.07707391643,2.12085522132
1712,2.07664550725,2.13408826072
1713,2.07653325362,2.13408826072
1714,2.07643066168,2.13408826072
1715,2.07626385056,2.13408826072
1716,2.07619789199,2.13408826072
1717,2.07613240709,2.13408826072
1718,2.07608756147,2.13408826072
1719,2.0760381111,2.13408826072
1720,2.07600776376,2.13408826072
1721,2.07597087664,2.13408826072
1722,2.07595084789,2.13408826072
1723,2.07592206761,2.13408826072
1724,2.04689515057,2.12576953545
1725,2.04573741583,2.12576953545
1726,2.04580311491,2.12576953545
1727,2.04708410629,2.12522601035
1728,2.04708386513,2.12517165784
1729,2.04719327059,2.12511730532
1730,2.04741266494,2.12498389462
1731,2.04769321318,2.12485048391
1732,2.0473952328,2.1247170732
1733,2.0476671006,2.12458366249
1734,2.04792871208,2.12445025178
1735,2.04763645435,2.12431684107
1736,2.03565372155,2.10869465275
1737,2.03765994777,2.10856124204
1738,2.03720942533,2.10842783133
1739,2.03767772881,2.10829442062
1740,2.03772185164,2.10816100991
1741,2.03803605663,2.1080275992
1742,2.03842739214,2.10784971826
1743,2.03882804493,2.10767183732
1744,2.03922690613,2.10749395637
1745,2.03961238093,2.10731607543
1746,2.04002067111,2.10713819448
1747,2.04037883512,2.10696031354
1748,2.01367885832,2.09082133475
1749,2.01393324039,2.09061973848
1750,2.0144185106,2.09041814222
1751,2.0147519055,2.09021654595
1752,2.01523912597,2.09001494968
1753,2.0156445533,2.08981335342
1754,2.0159266695,2.0896636391
1755,2.01623709672,2.08951392477
1756,2.01652265664,2.08936421045
1757,2.01687527614,2.08921449613
1758,2.01717302127,2.0890647818
1759,2.01748161386,2.08891506748
1760,1.99726481505,2.0671625593
1761,1.99809765471,2.06701679753
1762,1.99837104824,2.06687103576
1763,1.99874553894,2.06672527399
1764,1.99914773537,2.06657951222
1765,1.99955318116,2.06643375045
1766,1.99977129052,2.06632504721
1767,2.00011638857,2.06621634397
1768,2.00033478216,2.06610764073
1769,2.0006335806,2.06599893749
1770,2.00090107454,2.06589023425
1771,2.0011507151,2.06578153101
1772,2.00273263122,2.06412459766
1773,2.00521226965,2.06401194187
1774,2.00305925596,2.06389928608
1775,2.00296108362,2.06378663028
1776,2.0037952306,2.06367397449
1777,2.00407491068,2.0635613187
1778,2.00415454166,2.06351042712
1779,2.00436315155,2.06345953555
1780,2.00444366818,2.06340864397
1781,2.00464329821,2.06335775239
1782,2.00473556667,2.06330686082
1783,2.0049142185,2.06325596924
1784,2.00354342838,2.06253879663
1785,2.00658967387,2.06251162037
1786,2.00538916344,2.06248444412
1787,2.00569770358,2.06245726786
1788,2.00586896251,2.06243009161
1789,2.00596085398,2.06240291535
1790,2.0059026697,2.06245973843
1791,2.0057437426,2.06251656151
1792,2.00566522895,2.06257338459
1793,2.00555799951,2.06263020767
1794,2.00540045825,2.06268703075
1795,2.00532295536,2.06274385383
1796,2.00570339441,2.0630437699
1797,2.00455773242,2.06308083021
1798,2.00489358374,2.06311789052
1799,2.00473450608,2.06315495083
1800,2.00460025051,2.06319201115
1801,2.00446514034,2.06322907146
1802,2.0042378447,2.06332542542
1803,2.00396934261,2.06342177938
1804,2.00371222501,2.06351813334
1805,2.00344414192,2.0636144873
1806,2.00321638811,2.06371084126
1807,2.00291944298,2.06380719522
1808,2.00254581106,2.06248674695
1809,2.00603111856,2.06257914836
1810,2.00234892672,2.06267154976
1811,2.00247273378,2.06276395117
1812,2.00252027549,2.06285635258
1813,2.00220407177,2.06294875398
1814,2.0019265769,2.06306586108
1815,2.00164677839,2.06318296817
1816,2.00131940548,2.06330007527
1817,2.00104543841,2.06341718236
1818,2.00072912851,2.06353428945
1819,2.00042462981,2.06365139655
1820,2.01622935091,2.07297661809
1821,2.0138790808,2.0731174405
1822,2.01336503589,2.07325826292
1823,2.01351694995,2.07339908533
1824,2.01295910991,2.07353990775
1825,2.0125900628,2.07368073016
1826,2.01217097865,2.07385614054
1827,2.01165722882,2.07403155091
1828,2.01124843176,2.07420696129
1829,2.01076748838,2.07438237167
1830,2.0103180112,2.07455778204
1831,2.00984882585,2.07473319242
1832,2.03643692803,2.092258835
1833,2.03533158742,2.09243424538
1834,2.03511619954,2.09260965575
1835,2.03495788843,2.09278506613
1836,2.03453163989,2.09296047651
1837,2.03431184825,2.09313588688
1838,2.0340993812,2.0932371802
1839,2.03395979196,2.09333847351
1840,2.03375722767,2.09343976683
1841,2.03353067103,2.09354106014
1842,2.03330374325,2.09364235346
1843,2.03307655045,2.09374364678
1844,2.03120849188,2.09515007722
1845,2.03038048679,2.09527508585
1846,2.0300356886,2.09540009449
1847,2.02990827063,2.09552510313
1848,2.02895868334,2.09595893285
1849,2.02892183633,2.09598264817
1850,2.02888256057,2.09600636349
1851,2.02884213543,2.09603007881
1852,2.02880094274,2.09605379413
1853,2.02877132653,2.09607750945
1854,2.02874105468,2.09610122477
1855,2.0286975901,2.09612494009
1856,2.07665683611,2.1465933015
1857,2.07587860644,2.14661306426
1858,2.0758306512,2.14663282703
1859,2.07558548553,2.1466525898
1860,2.07541204463,2.14667235256
1861,2.07528519847,2.14669211533
1862,2.07516255128,2.1467118781
1863,2.07504091971,2.14673164087
1864,2.07497386506,2.14675140363
1865,2.07487467332,2.1467711664
1866,2.07481187345,2.14679092917
1867,2.07472853658,2.14681069193
1868,2.13010728375,2.1911734072
1869,2.130597017,2.19121688529
1870,2.13026730087,2.19126036338
1871,2.13025178241,2.19130384147
1872,2.13021348068,2.19134731955
1873,2.1301722889,2.19139079764
1874,2.13011829829,2.19143427573
1875,2.13006510649,2.19147775382
1876,2.13002688486,2.19152123191
1877,2.12996625916,2.19156470999
1878,2.12992064068,2.19160818808
1879,2.12987567977,2.19165166617
1880,2.13906946889,2.20339977428
1881,2.13831512635,2.20339977428
1882,2.13862849068,2.20339977428
1883,2.13854559887,2.20339977428
1884,2.13851495938,2.20339977428
1885,2.13852265928,2.20339977428
1886,2.13850636607,2.20339977428
1887,2.138506962,2.20339977428
1888,2.138505658,2.20339977428
1889,2.13850650444,2.20339977428
1890,2.13850588682,2.20339977428
1891,2.13850545774,2.20339977428
1892,2.14254413007,2.20010777995
1893,2.14280580281,2.20003663399
1894,2.14280302128,2.19996548802
1895,2.14288918532,2.19989434206
1896,2.14296802149,2.1998231961
1897,2.14304959912,2.19975205014
1898,2.14313171758,2.19968090418
1899,2.14320488459,2.19960975822
1900,2.143278785,2.19953861225
1901,2.14336851027,2.19946746629
1902,2.1434418874,2.19939632033
1903,2.14351596853,2.19932517437
1904,2.12280937688,2.17972800318
1905,2.12213336463,2.17965685722
1906,2.1228506811,2.17958571126
1907,2.12288620657,2.1795145653
1908,2.12291998532,2.17944341934
1909,2.12308865782,2.17937227337
1910,2.12319204864,2.17930112741
1911,2.12329468034,2.17922998145
1912,2.12338464169,2.17915883549
1913,2.12346740635,2.17908768953
1914,2.12354360874,2.17901654356
1915,2.12361327253,2.1789453976
1916,2.08795721668,2.13483933452
1917,2.08786442091,2.13476818856
1918,2.08840749471,2.1346970426
1919,2.0885678895,2.13462589663
1920,2.08877906218,2.13455475067
1921,2.08892891489,2.13448360471
1922,2.08909720144,2.13441245875
1923,2.08922741299,2.13434131279
1924,2.0893643516,2.13427016682
1925,2.0894842728,2.13419902086
1926,2.08960636161,2.1341278749
1927,2.0897135072,2.13405672894
