,t1,t18
0,22.9080949212,22.0072972797
1,22.9087311013,22.0031535882
2,22.9106171849,22.0010221704
3,22.9119063813,21.9998822258
4,22.9128586667,21.9993545081
5,22.9141934743,21.9992747419
6,22.9161880991,21.9995004034
7,22.9182089875,21.9999906824
8,22.7283573432,21.9824309164
9,22.655659641,21.9562926539
10,22.6508163104,21.9321944566
11,22.6433335306,21.9146922802
12,22.6450663706,21.9032170941
13,22.6520051792,21.8956659416
14,22.6605367288,21.8903324306
15,22.6700369516,21.8862562673
16,22.6805947929,21.8829788924
17,22.6941700896,21.880284668
18,22.7092803769,21.8780470178
19,22.7248786378,21.876164498
20,22.6372050416,21.8455657296
21,22.5408099317,21.8046872
22,22.4898964035,21.7696025865
23,22.4708403394,21.7452846108
24,22.4705835648,21.7296979239
25,22.478425593,21.7194195561
26,22.4878326794,21.7119889851
27,22.496803431,21.7061318268
28,22.5055717336,21.7012971044
29,22.5145884957,21.6972239924
30,22.5240305032,21.6937447894
31,22.5337916366,21.690725277
32,22.4345940188,21.6627549292
33,22.4426766918,21.6204322874
34,22.4131135405,21.5806325962
35,22.4123522106,21.550987469
36,22.414269637,21.5308927862
37,22.4184752835,21.5170777942
38,22.4196561859,21.5067253243
39,22.4152879844,21.4982348319
40,22.4019517777,21.4908849285
41,22.3834530724,21.4843733015
42,22.3648551795,21.4785372696
43,22.3458759161,21.4732384242
44,22.3132603462,21.4684270852
45,22.2555654547,21.4639719878
46,22.2246985351,21.4595990265
47,22.191581562,21.45546327
48,22.1570920959,21.4515666998
49,22.1222199153,21.4478618675
50,22.0916575504,21.4443150377
51,22.0668711737,21.4408908066
52,22.0463832339,21.4375689012
53,22.0284657849,21.4343338372
54,22.0120855275,21.4311813798
55,21.99658648,21.4281047412
56,22.004428181,21.4251833381
57,22.0082551199,21.4221362702
58,21.9982787817,21.4192555403
59,21.9904288694,21.4164265597
60,21.9823514185,21.4136574122
61,21.9743419947,21.4109386968
62,21.966490049,21.4082598411
63,21.9605536381,21.4056124864
64,21.9553064504,21.402996775
65,21.9497127541,21.4004115491
66,21.9447326888,21.3978569049
67,21.939708559,21.395329338
68,21.9307813565,21.3927986762
69,21.9238951403,21.3903349453
70,21.920577468,21.3878788386
71,21.9164889041,21.3854503859
72,21.9133837896,21.3830616094
73,21.9102094605,21.3807085801
74,21.9066087164,21.3783545126
75,21.902729234,21.3759971985
76,21.8984406008,21.3736513634
77,21.8938840971,21.371325835
78,21.8887675938,21.3690183427
79,21.8841638449,21.3667327729
80,21.9914444773,21.3658159564
81,22.0403707596,21.3637976133
82,22.0096108395,21.3609735751
83,22.0096340131,21.3583116072
84,22.0053829637,21.3558171078
85,22.0004053109,21.3534821846
86,21.9960682734,21.3512400511
87,21.9922944907,21.3490455045
88,21.987915029,21.3468672318
89,21.9839519956,21.3447080978
90,21.9797073571,21.3425641772
91,21.9757358599,21.3404362888
92,21.9213796413,21.3535635117
93,21.8532555112,21.3712409292
94,21.8902529936,21.3852375331
95,21.8939025778,21.393646924
96,21.8946093424,21.3979450377
97,21.8938207749,21.3999129925
98,21.8926009358,21.4007215545
99,21.8908956778,21.4009280038
100,21.8882585496,21.4007513376
101,21.8856130336,21.400285423
102,21.8829311793,21.3995951273
103,21.8798972952,21.3987334242
104,21.9588887477,21.4272126961
105,22.0524952518,21.465911999
106,22.1107291656,21.4992781061
107,22.1423688267,21.5222975426
108,22.1557999811,21.5366683459
109,22.161390789,21.5456001281
110,22.1645896348,21.5515051883
111,22.1672524712,21.5557116852
112,22.1694668097,21.5588030543
113,22.1711300157,21.5610728352
114,22.1721465733,21.5627105163
115,22.1713427418,21.5638720926
116,22.2664087104,21.5639474046
117,22.3231558363,21.564142602
118,22.2929421417,21.5643542702
119,22.2979942942,21.5648051867
120,22.2989682317,21.5651568968
121,22.2996170182,21.5653138955
122,22.3004764203,21.5653029008
123,22.3015729919,21.5651761774
124,22.3021501562,21.5649694731
125,22.302987553,21.5647035136
126,22.3037183453,21.5643870163
127,22.3044240702,21.5640341939
128,22.623080441,21.6268359758
129,22.6336788842,21.7210227681
130,22.6785260177,21.8081084809
131,22.7046765423,21.8734365154
132,22.7239368513,21.9191608629
133,22.7388263415,21.9518729545
134,22.7510357695,21.9769055644
135,22.7617631777,21.9973882638
136,22.7711297061,22.0145271171
137,22.7793658517,22.0288740694
138,22.786742705,22.0408931672
139,22.7932611823,22.0510530722
140,22.8950648399,22.116468191
141,22.9567676885,22.2155822685
142,23.0312798571,22.3084152703
143,23.0695086992,22.375634125
144,23.0877367789,22.4186334188
145,23.0974228082,22.4456938989
146,23.1049704841,22.4640954428
147,23.1121392422,22.4780853106
148,23.1189257244,22.4896219121
149,23.1250449974,22.4995282556
150,23.130533319,22.5082194324
151,23.135495916,22.5159869577
152,23.1691529684,22.5294023734
153,23.1855500001,22.5452040333
154,23.1964872502,22.5602800398
155,23.2050915564,22.5730671337
156,23.2119347291,22.5835229484
157,23.2171530753,22.5922462528
158,23.2213323727,22.5998516654
159,23.2248247628,22.6067561269
160,23.2278670533,22.6131735827
161,23.2307843955,22.6192382388
162,23.2334917349,22.6250458571
163,23.2361545469,22.6306589243
164,23.3046896722,22.6483304055
165,23.3673878012,22.6694925981
166,23.4115680196,22.6881619794
167,23.4359707445,22.7024487139
168,23.4485094217,22.71305076
169,23.4559514566,22.7213062838
170,23.461777408,22.7282469585
171,23.4669980804,22.7344432247
172,23.4716750466,22.7401620511
173,23.4757800218,22.7455319789
174,23.4793962897,22.7506329272
175,23.4826567175,22.7555259183
176,23.5051525402,22.7430399916
177,23.553616092,22.7222057769
178,23.5819271061,22.7040308209
179,23.5946259647,22.6919010324
180,23.5995140273,22.6850385217
181,23.6015371466,22.6815065153
182,23.6031354738,22.6797909355
183,23.6048805373,22.6790847369
184,23.6066810152,22.6790342453
185,23.6084219364,22.6794762873
186,23.6101391546,22.6803166948
187,23.6118623413,22.681461374
188,23.553289186,22.6284360057
189,23.5206009648,22.5508170244
190,23.4707773955,22.481047537
191,23.44387155,22.4304358019
192,23.426147347,22.39655367
193,23.4138529668,22.3735915524
194,23.4040924452,22.3569520829
195,23.3955076602,22.3440750688
196,23.3879679221,22.3337380304
197,23.381497586,22.3253196476
198,23.3759233415,22.3184187435
199,23.3711627092,22.3127198694
200,23.2129601162,22.2940024879
201,23.1612994413,22.2583256055
202,23.1368762906,22.2259696829
203,23.1196302874,22.2018607005
204,23.1089398133,22.1850284135
205,23.1005871596,22.1729731788
206,23.0933033133,22.1637603188
207,23.0866192386,22.1563092058
208,23.0805191249,22.1500836436
209,23.0749053167,22.1447950553
210,23.069993054,22.140250877
211,23.0655434924,22.1362921418
212,22.9851754668,22.1232341855
213,22.9457290616,22.1063669808
214,22.9341512807,22.0908173289
215,22.9240010725,22.078755398
216,22.9168678103,22.0698673345
217,22.9112119023,22.0631409564
218,22.9063704453,22.0577313905
219,22.9018872296,22.0531418624
220,22.8978675885,22.0491180829
221,22.8941367494,22.0455281932
222,22.8906926552,22.0422799005
223,22.8874499365,22.0393126626
224,22.8294194108,22.0269347128
225,22.8050868316,22.010590405
226,22.7952866164,21.9956367807
227,22.7872033584,21.9841247016
228,22.7815887517,21.9756631051
229,22.777140364,21.9692291682
230,22.7734322591,21.963999294
231,22.7699781051,21.95951144
232,22.7668463491,21.9555267514
233,22.7641433296,21.951919364
234,22.7615711889,21.9486054955
235,22.7592621371,21.945521251
236,22.7261168805,21.9427243107
237,22.7006210512,21.9400323812
238,22.6995818574,21.937310408
239,22.6958547487,21.9347030546
240,22.6931528918,21.9322306397
241,22.6907597003,21.9298637115
242,22.6886790073,21.9275716389
243,22.6866582347,21.9253363898
244,22.6847229331,21.9231494183
245,22.6827787278,21.9210066399
246,22.6809448622,21.9189049784
247,22.6791378593,21.9168415908
248,22.6976665533,21.9149207713
249,22.7115491496,21.9128156719
250,22.7103096005,21.9108153288
251,22.7119547836,21.9088557491
252,22.7133112605,21.9069444164
253,22.7146992212,21.9050700793
254,22.7159225339,21.9032170543
255,22.7173488218,21.9013833005
256,22.7188600533,21.8995674865
257,22.7204996903,21.8977690837
258,22.7221768339,21.8959878251
259,22.7240699827,21.8942229709
260,22.7977964098,21.9118031705
261,22.8158647935,21.9376924518
262,22.8306928805,21.9609474371
263,22.8397184267,21.9778675159
264,22.8452540035,21.9891815365
265,22.848971342,21.9967649471
266,22.8520552152,22.0021075488
267,22.8547863342,22.0060647515
268,22.8570030221,22.009065052
269,22.8589594098,22.0113448946
270,22.8606853573,22.0130686162
271,22.8621534857,22.0143564287
272,22.8337607011,22.0217828875
273,22.7539905244,22.0373736809
274,22.7156696029,22.0525990522
275,22.7046649095,22.0646651027
276,22.7060525759,22.0736380609
277,22.7098472943,22.0804820754
278,22.7127405331,22.0859919323
279,22.7147004326,22.0906311235
280,22.7164093699,22.0946324866
281,22.7183305697,22.0981044306
282,22.7204412284,22.1011596893
283,22.7226474491,22.1038513141
284,22.7210127699,22.0806661038
285,22.6114102102,22.0445662449
286,22.5344975134,22.016619418
287,22.5017185983,22.0000757265
288,22.4926562275,21.9916309107
289,22.4898229376,21.9874935802
290,22.4865392728,21.9853519998
291,22.482098944,21.9841849563
292,22.4779472672,21.9836202441
293,22.4748799145,21.9835019042
294,22.4724552897,21.9837185802
295,22.4701983465,21.9841698969
296,22.4753276261,21.9663061603
297,22.4836356347,21.9398204408
298,22.461497321,21.9157734307
299,22.4527592143,21.8983770705
300,22.4465423931,21.8869247153
301,22.441896926,21.8793618607
302,22.4381598479,21.8740012678
303,22.4351381828,21.8698893285
304,22.4330292458,21.866575162
305,22.4311685681,21.8638396523
306,22.4297947914,21.8615637441
307,22.4287855722,21.8596420198
308,22.4494940814,21.8315513642
309,22.4297841617,21.7912314567
310,22.3723560134,21.7553083473
311,22.3489946061,21.7298747642
312,22.3357700999,21.7133692728
313,22.3289174424,21.7024943975
314,22.3238549659,21.6947001089
315,22.3198011592,21.6886005277
316,22.3163093948,21.6835764369
317,22.3134157725,21.6793322268
318,22.3111283618,21.6756858583
319,22.3095176898,21.6725025615
320,22.0529739592,21.6445249677
321,21.9475290894,21.6023666244
322,21.9311546574,21.5624309304
323,21.9074844587,21.5325957191
324,21.8914166288,21.5124210132
325,21.879624254,21.4985758049
326,21.8699641075,21.488181173
327,21.8606605545,21.4796171443
328,21.85233259,21.4721699793
329,21.8442276787,21.4655444858
330,21.8372459291,21.4595779852
331,21.8304570802,21.4541592328
332,21.8036683327,21.449266137
333,21.7690748707,21.4445902504
334,21.7619993337,21.4401704859
335,21.7560791204,21.4359681412
336,21.7533967542,21.4319555571
337,21.7514955664,21.4281081666
338,21.7495882283,21.4244037752
339,21.7477202463,21.420802667
340,21.7460835251,21.4173147073
341,21.7448330296,21.4139350528
342,21.7439052706,21.4106645454
343,21.7434694209,21.4074804777
344,21.7535499847,21.4043731441
345,21.7650956483,21.4013320886
346,21.7609826405,21.3983120007
347,21.7591934757,21.3953577562
348,21.7572375186,21.3924705913
349,21.7552125256,21.3896334334
350,21.7531658316,21.386836894
351,21.7514234599,21.3840752332
352,21.7506603239,21.3813374199
353,21.7509981486,21.3786251852
354,21.7523638765,21.3759455591
355,21.7542835771,21.3732995244
356,21.701593439,21.3723209746
357,21.6551217563,21.3709334883
358,21.6701143987,21.3680976226
359,21.6695988247,21.3645610307
360,21.6744770661,21.3613420263
361,21.6807872429,21.3584759342
362,21.6867578901,21.3558379872
363,21.6913405675,21.3533224673
364,21.6946639645,21.3508595954
365,21.6972312016,21.3484215743
366,21.6994053888,21.3460087803
367,21.7012995986,21.3436213383
368,21.7456104433,21.3427743995
369,21.7788236053,21.3408828768
370,21.7626192021,21.3380776686
371,21.764727078,21.334997021
372,21.7663703012,21.332392132
373,21.7655259915,21.3299478174
374,21.7639954207,21.3276336334
375,21.7604807862,21.3253728054
376,21.7555084405,21.3231190947
377,21.7494255578,21.3208811358
378,21.7423517527,21.3186476082
379,21.7347186256,21.316439633
380,21.7571646249,21.3283962922
381,21.7837221403,21.3465668117
382,21.8068263958,21.3605315991
383,21.817172103,21.3690386111
384,21.8162174542,21.3733438601
385,21.8119488154,21.3752519818
386,21.8071402822,21.3759657141
387,21.8028629505,21.3760776102
388,21.7987785509,21.3758178614
389,21.7947451768,21.3752719513
390,21.7905561426,21.374504634
391,21.7864686047,21.3735716761
392,21.8562162531,21.4019271564
393,21.9377598078,21.4414478639
394,22.0009317373,21.4743169734
395,22.0339020904,21.4969261742
396,22.0464429931,21.5110396755
397,22.052051384,21.5198143153
398,22.0563443734,21.5255882961
399,22.0607419616,21.5296448158
400,22.0650262696,21.5326024716
401,22.0689932312,21.5347590859
402,22.0723792383,21.5363095283
403,22.0750928827,21.5373959872
404,21.9856925908,21.5272401634
405,21.9242692579,21.5152409206
406,21.8912714626,21.5027847361
407,21.8677462961,21.492109815
408,21.8548736614,21.4844697553
409,21.8475899384,21.479424494
410,21.8429011573,21.4760415175
411,21.8389253257,21.4735511687
412,21.8350345483,21.4715064709
413,21.8310821177,21.4696770217
414,21.8271209307,21.4679552289
415,21.8231663181,21.4662865949
416,22.2251222066,21.5404179657
417,22.3601109378,21.6502195518
418,22.4147260523,21.7495334742
419,22.4607981643,21.8243451133
420,22.4837720881,21.8758301386
421,22.5021426195,21.9119875791
422,22.5170765048,21.9392031664
423,22.5302619633,21.961073877
424,22.5419462353,21.9794404536
425,22.5523162705,21.994923319
426,22.56153028,22.0079260987
427,22.569803299,22.0188791179
428,22.7348581036,22.091014212
429,22.8239698656,22.1850454732
430,22.8888104607,22.2655059573
431,22.9208382829,22.3207124985
432,22.9352858558,22.3551147123
433,22.9430517369,22.3768319323
434,22.9494467383,22.3919416253
435,22.9556136941,22.4036613657
436,22.9614193774,22.4134192584
437,22.9665955316,22.4218231812
438,22.9711640406,22.4292088242
439,22.975332841,22.4358515253
440,23.0535971856,22.4524051167
441,23.090277827,22.4719215009
442,23.1152174644,22.4905480626
443,23.1374731214,22.5067179561
444,23.1487713024,22.5194140376
445,23.1573890551,22.5294797041
446,23.1637882015,22.5377311499
447,23.1690716611,22.5448313052
448,23.1737754745,22.5511950225
449,23.1782531388,22.5570837539
450,23.1825437953,22.5626333653
451,23.1867289182,22.5679364692
452,23.1561047207,22.5771109098
453,23.1646082309,22.5874263632
454,23.1682765914,22.5944330424
455,23.1694086328,22.5991796474
456,23.1688057496,22.6029574084
457,23.1694186833,22.6066403005
458,23.1717524297,22.6105497129
459,23.1751547059,22.6146861801
460,23.1788927264,22.6189518277
461,23.1825768951,22.6232604269
462,23.1860913949,22.6275574031
463,23.18947072,22.6318220433
464,23.2580949641,22.6380335955
465,23.3312788587,22.6409454334
466,23.3796106744,22.6415365444
467,23.395210242,22.6414661914
468,23.3915573604,22.6411027237
469,23.3935896022,22.6413986229
470,23.3943697313,22.6421768277
471,23.3957725717,22.6432964817
472,23.3971871534,22.6446400103
473,23.398460744,22.6461605003
474,23.3995667348,22.6478304564
475,23.4006209657,22.6496547791
476,23.3604117728,22.5929760689
477,23.3360976437,22.5133984518
478,23.3145578332,22.4447791639
479,23.2991593044,22.3960294813
480,23.2894008376,22.3638874509
481,23.2818766378,22.342178006
482,23.2754031387,22.3263958331
483,23.2696200176,22.3141337906
484,23.264561508,22.3042722353
485,23.2602414638,22.296252291
486,23.2565926215,22.2897007297
487,23.2535137067,22.2843133923
488,23.2284065153,22.2655188188
489,23.2060145986,22.230011159
490,23.1867623632,22.1978739793
491,23.1745745689,22.1740187237
492,23.1667496795,22.1574048095
493,23.1612223574,22.1455602672
494,23.1565248137,22.1365573721
495,23.1521975631,22.1293116017
496,23.1482321383,22.1232845618
497,23.1447825894,22.1181880648
498,23.1416916615,22.1138271266
499,23.1390249216,22.1100476967
500,23.1073739796,22.0970279389
501,23.0949605559,22.0802012067
502,23.0860615355,22.0648909371
503,23.0802788192,22.0530557312
504,23.0765849661,22.0443437025
505,23.0740129475,22.0377733409
506,23.0720197787,22.0325038898
507,23.0704816586,22.0280778334
508,23.069131422,22.0242245357
509,23.0682508977,22.0208035181
510,23.0675528807,22.0177246146
511,23.067216979,22.0149128486
512,23.1122967575,22.0051098786
513,23.1275010251,21.9898435037
514,23.1022844879,21.9745422566
515,23.0992355092,21.9622761186
516,23.0961615777,21.953225761
517,23.0938782697,21.9464853735
518,23.0920482629,21.9411571253
519,23.0905062653,21.936671708
520,23.0892229749,21.9327336693
521,23.0881759111,21.9291947484
522,23.0871779342,21.9259672742
523,23.0864666284,21.9229875334
524,23.0691128804,21.9197587892
525,23.0581945164,21.9174439885
526,23.0575910125,21.9150314902
527,23.0556693134,21.9126291857
528,23.0540875262,21.9103365483
529,23.052498686,21.9081181616
530,23.051074994,21.9059565606
531,23.0497291534,21.9038577682
532,23.0483042365,21.9018004262
533,23.047047759,21.8997963036
534,23.0457999421,21.8978369086
535,23.0444929779,21.8959136108
536,23.0720596164,21.89426126
537,23.0958441386,21.8923903031
538,23.0907697012,21.8904467509
539,23.0922215791,21.8885780068
540,23.0926110966,21.8867855229
541,23.0928384594,21.8850405772
542,23.0930735911,21.8833229315
543,23.093349279,21.8816248849
544,23.0935107987,21.8799451199
545,23.0938053429,21.8782840435
546,23.094046659,21.8766416372
547,23.0942742861,21.8750174234
548,23.1841939597,21.8927163077
549,23.2101865431,21.9187855062
550,23.2267499742,21.9422381285
551,23.2382066598,21.9593441877
552,23.2457791419,21.9708323812
553,23.2513510163,21.9785750175
554,23.2560779812,21.9840553664
555,23.2603056523,21.9881050526
556,23.2642852084,21.9912338678
557,23.267956273,21.9936474686
558,23.2711437444,21.9955038723
559,23.2742671166,21.9969216904
560,23.3295913462,22.004392677
561,23.2716840795,22.0202525622
562,23.2369811645,22.0356492256
563,23.227443237,22.0478322548
564,23.2292050755,22.0568943587
565,23.232897009,22.0638368136
566,23.2353273287,22.0694463128
567,23.2366263365,22.0741917575
568,23.2376775612,22.0783022684
569,23.2386500735,22.0818948989
570,23.2397090137,22.085052152
571,23.2407523264,22.0878644179
572,23.215376235,22.0645083693
573,23.0974967267,22.0284137864
574,23.0198551245,22.0004759531
575,22.9883162309,21.9839979695
576,22.9824151501,21.9756405942
577,22.9833249754,21.9716193899
578,22.9827048011,21.9696022895
579,22.9800577178,21.9685569588
580,22.9770660201,21.9681098178
581,22.9741365644,21.9681064116
582,22.9715010515,21.9684365823
583,22.9691692661,21.9690003029
584,22.9836168174,21.9511289319
585,23.0022712646,21.9245677095
586,22.9706579556,21.9005137366
587,22.961221476,21.8832781631
588,22.9535801979,21.872071698
589,22.9474266412,21.8647381016
590,22.9417997392,21.859568208
591,22.9366560409,21.8556223794
592,22.9319049991,21.8524610295
593,22.927720867,21.8498726303
594,22.9247145478,21.8477280842
595,22.922414125,21.8459286561
596,22.7608640588,21.818010547
597,22.6202200636,21.77852453
598,22.5600503914,21.7425724834
599,22.5264696017,21.7168630701
600,22.5078886971,21.7003033391
601,22.4967402584,21.6895125722
602,22.48820144,21.6818562548
603,22.4812272591,21.675900685
604,22.4749300854,21.6710057672
605,22.4694695136,21.6668909856
606,22.4649265477,21.663379509
607,22.4610237994,21.6603552376
608,22.2444626765,21.6281199724
609,22.1654393686,21.5847297148
610,22.1280900934,21.5455995655
611,22.1038229671,21.517694529
612,22.0863028752,21.4992723512
613,22.0726050293,21.4865757427
614,22.0602931266,21.4768372104
615,22.0488856533,21.4686786037
616,22.0380011203,21.4615225211
617,22.0281414255,21.4551644501
618,22.0189531109,21.4494600637
619,22.0118086181,21.4442691023
620,22.0677707367,21.440040773
621,22.0993331065,21.4356658357
622,22.0878181162,21.430724893
623,22.0874512267,21.4266404115
624,22.0820001367,21.4227975209
625,22.0779354082,21.4191365883
626,22.074140386,21.4156184285
627,22.0697959723,21.4122253211
628,22.0656005542,21.4089399659
629,22.0614537778,21.4057515316
630,22.0577412663,21.4026526073
631,22.054101185,21.3996365634
632,21.9984808746,21.398523245
633,21.9446066487,21.396682031
634,21.9409953407,21.3933385219
635,21.9330527963,21.3896090719
636,21.9284937716,21.3862596291
637,21.9250044764,21.3832842393
638,21.9219568418,21.3805404001
639,21.9184084991,21.3779328606
640,21.9155071918,21.3754017273
641,21.9120858755,21.3729049689
642,21.908708918,21.3704344835
643,21.9048710805,21.3679912319
644,21.8687807622,21.3656928369
645,21.8084170329,21.3631208667
646,21.8012816556,21.3607448974
647,21.7894478186,21.358292591
648,21.7814236476,21.3558987189
649,21.7741562663,21.3535752791
650,21.7669777591,21.3512980622
651,21.7596909703,21.3490464248
652,21.7524829228,21.3468111024
653,21.7453843726,21.344605516
654,21.7382507304,21.3424252403
655,21.7311346386,21.3402483655
656,21.713121291,21.3380827844
657,21.6925885559,21.3360122724
658,21.6856964225,21.3336732568
659,21.6787946621,21.3314238866
660,21.6721678122,21.3292918184
661,21.6660711331,21.327219634
662,21.6598900368,21.3251630031
663,21.6534326626,21.323106962
664,21.6468508643,21.3210423283
665,21.6401669256,21.3189843108
666,21.6334972269,21.3169411683
667,21.6266129376,21.3149118556
668,21.6632915264,21.327694168
669,21.7063324845,21.3453936956
670,21.7353125503,21.3596184693
671,21.7471036377,21.3683049138
672,21.7493488542,21.3727678344
673,21.7480507703,21.3748393025
674,21.7461106404,21.3757276415
675,21.7437221799,21.3760103908
676,21.7407769956,21.3759129181
677,21.73729732,21.3755259586
678,21.7331942393,21.374918032
679,21.7289389455,21.3741384614
680,21.755627954,21.4019589997
681,21.8119256818,21.4406597858
682,21.8872288425,21.4744809126
683,21.9183897262,21.4977822399
684,21.9317401197,21.5123495017
685,21.9373422863,21.5214274063
686,21.9410878301,21.5274404979
687,21.9445465911,21.5317101703
688,21.9476996608,21.5348739092
689,21.9501232377,21.53722543
690,21.9516271765,21.5389527494
691,21.9524144886,21.5402032478
692,22.0143732835,21.5403226498
693,22.0363479305,21.5397335577
694,22.0279118477,21.5399819069
695,22.0297102748,21.5408889263
696,22.0284080908,21.5416011167
697,22.0272070434,21.5420182974
698,22.0260171177,21.542205181
699,22.0247537712,21.5422259042
700,22.0234529457,21.5421544207
701,22.0222386254,21.5420143128
702,22.0208477393,21.5418164338
703,22.0195682869,21.541577962
704,22.3993045512,21.6047274448
705,22.503351759,21.6991415898
706,22.5436047913,21.7855554627
707,22.5861346854,21.8516139668
708,22.6085712946,21.8978607845
709,22.6267776645,21.9309062446
710,22.6411755721,21.9561514028
711,22.6537301933,21.9768335487
712,22.6649737242,21.9940955636
713,22.6750333947,22.0085219424
714,22.6840269878,22.0205933402
715,22.6922130445,22.0308091309
716,22.9731760041,22.0965988688
717,23.1200404984,22.1961103251
718,23.2052242908,22.2899044555
719,23.2642619331,22.360757361
720,23.2956536628,22.4085210362
721,23.3161207948,22.4405577107
722,23.3319740887,22.4637335489
723,23.3457468029,22.4821511305
724,23.3580399811,22.4977523787
725,23.3688142058,22.5113855321
726,23.3783506624,22.5235196728
727,23.3866525021,22.5344537155
728,23.3397921008,22.5443071217
729,23.3217215294,22.5549670158
730,23.2982067618,22.563080782
731,23.2899021691,22.5699670488
732,23.2851596683,22.5759959512
733,23.284068477,22.5816637444
734,23.2846563248,22.587210067
735,23.285966615,22.5927192375
736,23.287688901,22.5981869796
737,23.2897530086,22.6036273018
738,23.2918183046,22.6090276767
739,23.2940077267,22.6143621309
740,23.3514472548,22.6311801919
741,23.4038587504,22.6507882269
742,23.4444783025,22.6681736885
743,23.4643304563,22.681366564
744,23.4740389365,22.691195911
745,23.4794155387,22.6989245981
746,23.4837347543,22.7055246634
747,23.487813366,22.7114773368
748,23.491391763,22.7170109929
749,23.4946001242,22.7222606564
750,23.4974400714,22.7273023944
751,23.4999460779,22.732176472
752,23.3515537684,22.7198277333
753,23.3327960351,22.7011173985
754,23.3457811752,22.6854878538
755,23.3476176472,22.6746005496
756,23.3473100013,22.6686419883
757,23.3456200209,22.6657504808
758,23.3444361327,22.6644990993
759,23.3437587319,22.6641549173
760,23.3432780456,22.6643901873
761,23.342826344,22.6650640871
762,23.3423992888,22.6661035029
763,23.3419956316,22.6674323271
764,23.2929046477,22.6108820634
765,23.2585047983,22.5310877433
766,23.2245470278,22.4614543237
767,23.2025497718,22.4122700447
768,23.1883003489,22.3798868141
769,23.1784076057,22.3580478113
770,23.1700264719,22.3421699801
771,23.1625207677,22.3298200833
772,23.1559147837,22.3198767771
773,23.1502696665,22.3117838797
774,23.1453526861,22.3051592119
775,23.1411845509,22.2997087751
776,23.0234693636,22.2811091827
777,22.9794071182,22.2453563188
778,22.9567800254,22.213251347
779,22.9411015499,22.1893579734
780,22.9306863892,22.1726934324
781,22.9221715479,22.1607584474
782,22.9142870431,22.1516464155
783,22.9068503006,22.144303838
784,22.8998145816,22.1382004099
785,22.8932729011,22.133030647
786,22.8870626811,22.1286155197
787,22.8813512113,22.1247802666
788,22.8927665527,22.1217330881
789,22.8953923786,22.1184720326
790,22.8938822125,22.1156068919
791,22.8925641581,22.1130803468
792,22.891265245,22.1107739932
793,22.8902387255,22.1086494529
794,22.889189545,22.1066632442
795,22.8883750021,22.1048013955
796,22.8875914654,22.1030399476
797,22.887075079,22.101374699
798,22.8867214068,22.0997903738
799,22.8865054699,22.0982853896
800,22.8467835275,22.0778375337
801,22.8371384538,22.0485093865
802,22.8191880207,22.0217287143
803,22.8082938992,22.0015274892
804,22.8010058366,21.987375198
805,22.7957988732,21.9773250384
806,22.7912730015,21.9696485881
807,22.7872604883,21.9634055778
808,22.7835486268,21.9581042077
809,22.7803424383,21.953494736
810,22.7773633739,21.9494091287
811,22.7747788769,21.9457368856
812,22.7497241906,21.9416765967
813,22.7366270239,21.9391879675
814,22.7334780601,21.9363636887
815,22.7300586904,21.9335537766
816,22.7271274109,21.9309420613
817,22.7243833835,21.9284447724
818,22.7217592865,21.9260264623
819,22.7193330651,21.9236900469
820,22.7170931535,21.9214216234
821,22.7147542436,21.9192100227
822,22.7126622272,21.9170599982
823,22.710496334,21.9149533359
824,22.7796057311,21.9142192912
825,22.8076222725,21.9123853172
826,22.7848593607,21.9098971753
827,22.7851655295,21.9075779553
828,22.7816962027,21.9054112405
829,22.7778292703,21.9033951019
830,22.7735850645,21.9014785366
831,22.7692618746,21.8996228612
832,22.7649651576,21.897808582
833,22.7603231555,21.8960243078
834,22.75566516,21.894269359
835,22.7508093173,21.8925365241
836,22.7384713445,21.8907478083
837,22.7266734943,21.8891355186
838,22.724194947,21.8874667932
839,22.7203194298,21.8858168595
840,22.7167199347,21.8841861494
841,22.7133537462,21.8825701769
842,22.70997698,21.8809679098
843,22.706719468,21.8793795071
844,22.7034353074,21.8778048686
845,22.7001748084,21.8762466147
846,22.6969496438,21.8746975975
847,22.6938011171,21.8731623936
848,22.8232210409,21.8804109908
849,22.7667949299,21.894074049
850,22.7250118498,21.9069365591
851,22.7129143582,21.9168151375
852,22.712596442,21.9238275701
853,22.7142111438,21.9288796454
854,22.7141893142,21.9327375391
855,22.7128821403,21.9358354852
856,22.7112942055,21.9383935211
857,22.7099783849,21.9405185924
858,22.7086572086,21.9422977452
859,22.7073551563,21.9437971825
860,22.6879274987,21.9162371098
861,22.6275248127,21.8770698164
862,22.5598988672,21.8425201196
863,22.5329272524,21.8184125787
864,22.5211521651,21.803283024
865,22.5173560779,21.7938182906
866,22.5165140096,21.7874394422
867,22.5182053187,21.7827048335
868,22.5213765163,21.778995794
869,22.5264480212,21.7760085728
870,22.5364078307,21.7735594254
871,22.5511899599,21.7715141691
872,22.591179012,21.7892506157
873,22.5850775973,21.8153591629
874,22.634896633,21.8384741849
875,22.67043918,21.8549659175
876,22.7043175166,21.8657921835
877,22.7377465219,21.872972501
878,22.7703102788,21.8780938996
879,22.802061625,21.8820312761
880,22.83349024,21.8852010378
881,22.8660064887,21.8878027839
882,22.8994944393,21.8899683602
883,22.9336259097,21.8917992488
884,22.8835417638,21.8640574101
885,22.8236778367,21.8251755182
886,22.7987395485,21.7918790286
887,22.8061104208,21.7692137983
888,22.8324030423,21.7552868689
889,22.8660674018,21.7466962706
890,22.9005076229,21.7409498952
891,22.934070437,21.7367380735
892,22.9673214888,21.7334758337
893,23.0003508363,21.7307371627
894,23.0350851115,21.7286695443
895,23.0697823793,21.7269963604
896,23.0107733529,21.7054384358
897,23.013048315,21.677316506
898,23.0283703364,21.6517835886
899,23.052791613,21.6333112754
900,23.0808619697,21.6208138973
901,23.1111365921,21.6120357332
902,23.1415056313,21.6053260271
903,23.1711779034,21.599809612
904,23.2003127964,21.595092565
905,23.2279843932,21.5909934752
906,23.2550159821,21.5873855681
907,23.2822426388,21.5841677606
908,23.3399902228,21.574218366
909,23.3781138127,21.5587603293
910,23.3992699366,21.5433371494
911,23.4301073959,21.5308961453
912,23.4594843374,21.5220400237
913,23.4851529891,21.5156815173
914,23.499126469,21.51064721
915,23.5157022191,21.5063926685
916,23.5305275793,21.5026341849
917,23.5445496186,21.4992501243
918,23.5578623698,21.4961545335
919,23.5706002655,21.4933008121
920,23.5445509369,21.4904618119
921,23.5262611352,21.4884990189
922,23.5375070589,21.4859168108
923,23.5440154867,21.4835691036
924,23.5513861759,21.481383921
925,23.5589296495,21.4793063105
926,23.5658505914,21.4772995045
927,23.5721848868,21.4753581918
928,23.5779371838,21.473472624
929,23.5831771324,21.4716371529
930,23.5879593064,21.469850011
931,23.5923313973,21.4681164811
932,23.6157081969,21.4664963576
933,23.6334715731,21.4644737737
934,23.6359283217,21.4628687377
935,23.6401732591,21.461328173
936,23.6435692341,21.4598301109
937,23.6462745755,21.4583477851
938,23.6460417651,21.4568518189
939,23.6446273783,21.455379589
940,23.6411862003,21.45392229
941,23.6361576722,21.4524875174
942,23.6298226392,21.4510800915
943,23.6223989141,21.4496985291
944,23.6638405641,21.4484298911
945,23.7037607687,21.4474233549
946,23.6840126525,21.4456198668
947,23.6756643571,21.444320311
948,23.6621613195,21.4430608614
949,23.647793415,21.4418062409
950,23.6345611351,21.4405568747
951,23.6216254417,21.4393243731
952,23.6076513535,21.4381086693
953,23.5930712971,21.4368932897
954,23.578204862,21.4356735238
955,23.563119695,21.4344600445
956,23.5113439431,21.4328801403
957,23.4716980137,21.4323046127
958,23.4549665427,21.4306925843
959,23.4411530471,21.4294058138
960,23.4254302101,21.428297289
961,23.4087447675,21.4272124517
962,23.3880654371,21.4261053527
963,23.3624604072,21.4249744698
964,23.3331652084,21.4238309599
965,23.3017286256,21.4226842468
966,23.2688850267,21.4215471277
967,23.2350390458,21.4204090178
968,23.2019257453,21.4194747742
969,23.1665060954,21.41844364
970,23.1294437982,21.4173490405
971,23.0915038372,21.4161893498
972,23.053197149,21.4150193765
973,23.0137429693,21.4138587707
974,22.9738002181,21.412710309
975,22.9340968276,21.4115642415
976,22.8950169772,21.410429959
977,22.8538086452,21.409294389
978,22.8114666082,21.4081653791
979,22.7686173752,21.4070316125
980,22.8128067643,21.4356257268
981,22.8705248594,21.4745883192
982,22.8909059889,21.5081678164
983,22.8780090612,21.5312916195
984,22.8537087864,21.5456951408
985,22.8308920198,21.554642853
986,22.8123391776,21.5605909372
987,22.7964379752,21.5648492342
988,22.7817148594,21.5680285407
989,22.7676672078,21.5704319001
990,22.7542944088,21.5722380535
991,22.7417509021,21.5735926523
992,23.0676451443,21.6588544617
993,23.1740774723,21.77677969
994,23.2470747841,21.8821953862
995,23.2850419237,21.9603034
996,23.3048709926,22.0163728931
997,23.3166954818,22.0567603346
998,23.3260041943,22.086716782
999,23.3341269832,22.1097703036
1000,23.3410543745,22.1281028868
1001,23.3467211885,22.1430674588
1002,23.3513439292,22.1555749455
1003,23.3551379615,22.1662632525
1004,23.398499032,22.1945950997
1005,23.4124091898,22.2308857477
1006,23.4221230671,22.2629860156
1007,23.4305807505,22.2876105524
1008,23.435985066,22.3057731664
1009,23.4402928163,22.3197072588
1010,23.4440276743,22.3311751962
1011,23.4472644875,22.3411454357
1012,23.4500736945,22.3500944339
1013,23.4524478092,22.3582631936
1014,23.4543865872,22.3657751128
1015,23.4560233663,22.3727677663
1016,23.4950827936,22.3800884408
1017,23.5140441266,22.3857376358
1018,23.5260831908,22.3913414866
1019,23.5334904158,22.3970862975
1020,23.5383544095,22.4026534897
1021,23.5422332067,22.4080554833
1022,23.5453296407,22.4132750672
1023,23.5481904458,22.4183465578
1024,23.5507258029,22.4232739777
1025,23.5532416679,22.4280839207
1026,23.5556398739,22.4327868332
1027,23.5580562597,22.4373901289
1028,23.581422277,22.4558973597
1029,23.6158477189,22.4800537624
1030,23.6395993589,22.5009400765
1031,23.6529918024,22.5164071444
1032,23.6593416947,22.5274572348
1033,23.6635107399,22.5358238377
1034,23.6673995077,22.5427858685
1035,23.6711991616,22.5489861807
1036,23.6747720569,22.5547071915
1037,23.678018985,22.5600809296
1038,23.680871131,22.5651582846
1039,23.6835560358,22.5700236372
1040,23.5913861244,22.5549046258
1041,23.5497076817,22.5326793876
1042,23.5243269564,22.5127238931
1043,23.5123905726,22.4998020257
1044,23.5056190232,22.4927944869
1045,23.5017984916,22.4893747564
1046,23.4991308633,22.4878560309
1047,23.4970109684,22.4873769364
1048,23.4952462525,22.4875562168
1049,23.4938146521,22.4882284339
1050,23.492644534,22.4892867601
1051,23.4916605272,22.4906361696
1052,23.3031354755,22.4333740512
1053,23.2193628932,22.3525738594
1054,23.1669907992,22.2795095619
1055,23.1345894429,22.2240732189
1056,23.1141855236,22.1853317915
1057,23.099111329,22.158653941
1058,23.0860896339,22.1397011048
1059,23.0741073094,22.125587701
1060,23.0630948935,22.1146597618
1061,23.0530465134,22.1059767603
1062,23.0438868772,22.0989564769
1063,23.0354815177,22.0931947912
1064,23.0456982542,22.0918633739
1065,23.0405326197,22.0865146468
1066,23.0333956089,22.0814507887
1067,23.0275578249,22.0775794528
1068,23.0228581444,22.0746954819
1069,23.0186021594,22.0723583112
1070,23.0143900972,22.0702895372
1071,23.0104575383,22.0683751174
1072,23.0066770469,22.0665975378
1073,23.0030494646,22.0649577462
1074,22.9996661715,22.0634487596
1075,22.9964679728,22.0620511265
1076,23.0471717425,22.0615152962
1077,23.0698598617,22.0602818001
1078,23.0690881819,22.058881726
1079,23.0671387412,22.0574673257
1080,23.0649380924,22.0564437135
1081,23.0614128246,22.0555176247
1082,23.0579760007,22.0546418426
1083,23.0544627624,22.0538345535
1084,23.0508707329,22.0530585802
1085,23.0473252525,22.0523256817
1086,23.0439463144,22.0516269906
1087,23.0404012348,22.0509444545
1088,22.9784744946,22.0307934858
1089,22.9659517392,22.0020449054
1090,22.9483444288,21.9765130297
1091,22.9371112125,21.9579164831
1092,22.9292335478,21.9453332938
1093,22.9229976585,21.9366090878
1094,22.9175038401,21.9300760863
1095,22.9123949586,21.9247950183
1096,22.9076457059,21.9203183535
1097,22.9034009943,21.9164338801
1098,22.8995263757,21.9130097861
1099,22.8959135797,21.909945508
1100,22.906800629,21.9072764043
1101,22.9143248817,21.9045825922
1102,22.9092467864,21.9021882621
1103,22.9053745209,21.8999366651
1104,22.9011272145,21.8978023178
1105,22.8969010024,21.8957644879
1106,22.8925737207,21.8938090452
1107,22.8883833259,21.8919223698
1108,22.8842391434,21.8900996148
1109,22.8801689574,21.888335198
1110,22.8760673674,21.8866185712
1111,22.8720305346,21.884943872
1112,22.8422305098,21.8832607842
1113,22.8167606623,21.8818095571
1114,22.8138912218,21.8801543454
1115,22.8095734949,21.8785912142
1116,22.8060091572,21.8770912192
1117,22.8031074374,21.8756265416
1118,22.8001947683,21.8741819629
1119,22.7974537165,21.8727549717
1120,22.7947543333,21.8713441456
1121,22.7921622818,21.8699532222
1122,22.7895611885,21.8685787381
1123,22.7870609978,21.8672222182
1124,22.7704362139,21.8654472505
1125,22.7604335034,21.8644470505
1126,22.7578483218,21.8632289454
1127,22.7552945403,21.8618795828
1128,22.7532988135,21.8606137214
1129,22.7512799966,21.8593450901
1130,22.7494871396,21.8580815728
1131,22.7476843463,21.8568343374
1132,22.7459303374,21.8555885572
1133,22.7443579484,21.8543525845
1134,22.7426844733,21.8531322617
1135,22.7411164062,21.8519081337
1136,22.8208096106,21.8697256072
1137,22.8412562613,21.8994374152
1138,22.8544529573,21.9241904312
1139,22.8617085841,21.9406414956
1140,22.8652317272,21.9507584176
1141,22.8671015875,21.9572362219
1142,22.8683567493,21.9618499153
1143,22.8693682835,21.9654088571
1144,22.8699279526,21.9682450912
1145,22.8702302893,21.97051751
1146,22.8701723732,21.9723389365
1147,22.8697860218,21.9737936551
1148,22.9914557966,21.995079526
1149,23.0370767698,22.0238192336
1150,23.0557903344,22.0497966585
1151,23.0671633916,22.0691321473
1152,23.0805517342,22.0826635981
1153,23.0942391453,22.0923462629
1154,23.1085164873,22.0996960906
1155,23.1259914069,22.1055819492
1156,23.1467385636,22.1104457606
1157,23.1699970233,22.1145247034
1158,23.1957623828,22.1179910837
1159,23.2237909451,22.1209737033
1160,23.1033554089,22.0939031312
1161,23.0199724791,22.0549817526
1162,22.9998024516,22.0201496254
1163,23.0126527449,21.9959816048
1164,23.0454264758,21.9813326618
1165,23.0678815813,21.981111535
1166,23.1051861488,21.9787001417
1167,23.1309231297,21.9749811039
1168,23.1860335662,21.9683071013
1169,23.2305783088,21.9637665737
1170,23.2702397154,21.9607541379
1171,23.3090149542,21.9587273011
1172,23.2562247682,21.9374587672
1173,23.2563842628,21.9089724167
1174,23.2741432974,21.8833489451
1175,23.3007859728,21.8650137785
1176,23.3331731162,21.852980057
1177,23.3689185419,21.8449032963
1178,23.4028350015,21.8390272891
1179,23.4281328585,21.8344270359
1180,23.4482829357,21.8305616735
1181,23.4698863068,21.8272872992
1182,23.4909894826,21.8244798433
1183,23.5119810879,21.8220410833
1184,23.5030240984,21.8203157421
1185,23.5106442092,21.818583127
1186,23.5302417683,21.816803351
1187,23.5503236386,21.8151016635
1188,23.5707637145,21.8135572383
1189,23.5885007367,21.8122051739
1190,23.6047091265,21.8109292659
1191,23.6206201759,21.8097399316
1192,23.6359012164,21.8086260582
1193,23.648173583,21.8076593583
1194,23.6516007306,21.806912671
1195,23.6525977206,21.8060261569
1196,23.5050545699,21.7769237612
1197,23.436092526,21.7343004458
1198,23.4351314688,21.6985041451
1199,23.4510004131,21.6742814222
1200,23.4618022714,21.6593385575
1201,23.4631911796,21.6496939034
1202,23.4630702486,21.6425567998
1203,23.4637905745,21.6369234159
1204,23.4640658052,21.6322283518
1205,23.4642562619,21.6282396207
1206,23.4643813705,21.6248165509
1207,23.4645918107,21.6218605787
1208,23.5461631006,21.61873644
1209,23.5805988671,21.6161837369
1210,23.5904767541,21.6139301155
1211,23.594885323,21.6120837717
1212,23.5947223711,21.6104181403
1213,23.5924075931,21.6088038114
1214,23.5852336144,21.607133427
1215,23.574078487,21.6054721922
1216,23.5598288648,21.6038712062
1217,23.5432536796,21.6023411754
1218,23.5247714969,21.6008741764
1219,23.5014924474,21.5994144408
1220,23.4549646128,21.5631872848
1221,23.3883550434,21.5130702917
1222,23.3017955684,21.470396711
1223,23.2158579586,21.4412874888
1224,23.1318067046,21.4230001311
1225,23.0459422022,21.4109469455
1226,22.9775571232,21.401924089
1227,22.9319350312,21.3944019725
1228,22.906278478,21.3878049407
1229,22.8914336985,21.3819306275
1230,22.8809279032,21.3766454695
1231,22.872926961,21.3718263457
1232,22.8699571144,21.3672800423
1233,22.8754734179,21.3630247846
1234,22.8850408499,21.3590485614
1235,22.8948859683,21.3552890192
1236,22.9042836431,21.3516929757
1237,22.9138513141,21.3482276467
1238,22.917053888,21.3448841685
1239,22.9113478732,21.3416485132
1240,22.898871284,21.3385035342
1241,22.8825338944,21.3354421095
1242,22.8640404242,21.3324531921
1243,22.8440419924,21.3295302926
1244,22.8211920218,21.3267286352
1245,22.7976932742,21.324011288
1246,22.7746173871,21.3212352682
1247,22.750967568,21.3184971827
1248,22.7236240156,21.315809026
1249,22.694507506,21.3131735741
1250,22.6667724125,21.3105779118
1251,22.6412871541,21.3080183053
1252,22.6172684557,21.3054884711
1253,22.5937708185,21.3029850698
1254,22.5703282865,21.3005099492
1255,22.5468750341,21.2980559494
1256,22.5913365556,21.3111650044
1257,22.6428303972,21.3282757039
1258,22.6511774488,21.3416341441
1259,22.6482693128,21.3498019436
1260,22.6337868338,21.3537120276
1261,22.6164220448,21.3552472295
1262,22.5985751061,21.3556468298
1263,22.5810102412,21.355482331
1264,22.5640085687,21.3549673709
1265,22.5492081588,21.3541803575
1266,22.53402853,21.3531980785
1267,22.5168008297,21.3520539637
1268,22.5534616025,21.3660385415
1269,22.6002716764,21.384471848
1270,22.6061502934,21.3994241862
1271,22.5950926163,21.4090956702
1272,22.5759088168,21.4144347496
1273,22.5585709338,21.417247478
1274,22.5440491249,21.4187587697
1275,22.5312137975,21.4195788836
1276,22.5189170333,21.4199524722
1277,22.5068125563,21.419987323
1278,22.4953524194,21.4197616604
1279,22.4854350571,21.4193256399
1280,22.6929559539,21.4743097706
1281,22.7106904143,21.5553657757
1282,22.7492302393,21.6302393114
1283,22.7640853758,21.6848873381
1284,22.7734123587,21.7216608679
1285,22.7791734904,21.7467772005
1286,22.7836331821,21.7651762972
1287,22.7872299806,21.7796353496
1288,22.7899766973,21.7914902906
1289,22.7918798064,21.8014025411
1290,22.7930798136,21.809797977
1291,22.7929108453,21.8170073457
1292,23.0279671292,21.8934984653
1293,23.1629816314,21.9953776805
1294,23.2549876718,22.0878046536
1295,23.3050942604,22.1585570939
1296,23.3310173542,22.207954074
1297,23.3476044892,22.2420957473
1298,23.3608971221,22.2668465843
1299,23.3725753522,22.2860125574
1300,23.3828157472,22.3016956152
1301,23.3914787473,22.3149619523
1302,23.3988687777,22.3264426743
1303,23.4052903762,22.336580639
1304,23.4168850988,22.3635424055
1305,23.4076146841,22.3953186211
1306,23.3953991874,22.4200531079
1307,23.38821925,22.4367290642
1308,23.3831418504,22.447740374
1309,23.3804637227,22.4557699716
1310,23.3793663394,22.462485733
1311,23.3791389089,22.4686273388
1312,23.3792860516,22.4744318709
1313,23.3795965749,22.4799521118
1314,23.3799309616,22.485222931
1315,23.3802720969,22.4902995671
1316,23.4488164455,22.4931527181
1317,23.538314754,22.4980230495
1318,23.5888417663,22.5014526232
1319,23.6079065727,22.5036460404
1320,23.6133944667,22.5053564029
1321,23.6163950755,22.5071671307
1322,23.6200118804,22.5092436833
1323,23.6241085165,22.5115585648
1324,23.6280024866,22.5140500472
1325,23.6314225361,22.5166574109
1326,23.6344942025,22.5193462533
1327,23.6374153259,22.52210798
1328,23.4691758958,22.5052334902
1329,23.4124100814,22.4809313314
1330,23.4008697213,22.4603835029
1331,23.393070327,22.4459812447
1332,23.3889614441,22.4373589601
1333,23.3855469116,22.4325349372
1334,23.382214165,22.4298427057
1335,23.3788731448,22.4283342644
1336,23.3756285972,22.4275827038
1337,23.3724690216,22.4273742545
1338,23.3693997299,22.4275908115
1339,23.366359151,22.4281313046
1340,23.2981904313,22.3895896116
1341,23.2584568451,22.3353993684
1342,23.2290146754,22.2871393798
1343,23.2103665889,22.2518420992
1344,23.1984166581,22.22755112
1345,23.1894969528,22.2102350128
1346,23.1817515067,22.197095448
1347,23.1746669315,22.1868048527
1348,23.1681921956,22.1786753603
1349,23.1623544375,22.1722487955
1350,23.1571125306,22.1671533035
1351,23.1523759985,22.1630759368
1352,23.1316837815,22.1584335381
1353,23.1535455262,22.1474718082
1354,23.1650624825,22.1367204901
1355,23.1649704367,22.1283280403
1356,23.1598864872,22.1220768338
1357,23.1544138028,22.1172435507
1358,23.1498622606,22.1132783883
1359,23.1459412467,22.1098755395
1360,23.1422238798,22.106896293
1361,23.1385269778,22.1042627277
1362,23.1348971584,22.1019239959
1363,23.1313665109,22.0998228223
1364,23.1902247794,22.0902060184
1365,23.1970404482,22.0752957269
1366,23.1762936924,22.0601768988
1367,23.1686949977,22.0482729069
1368,23.1621750959,22.0397773201
1369,23.1561052404,22.0335575245
1370,23.1506339917,22.028771355
1371,23.1452083237,22.024872272
1372,23.1399484944,22.0215678202
1373,23.1347998534,22.018687951
1374,23.1297992654,22.0161459244
1375,23.1250427905,22.0138677973
1376,23.155848852,22.0041956984
1377,23.1637108009,21.9888937955
1378,23.1385263825,21.9739191313
1379,23.1326580917,21.9622259029
1380,23.1267649084,21.9537323712
1381,23.122322815,21.9475052072
1382,23.118427344,21.942651248
1383,23.1147931943,21.9386147208
1384,23.1115528891,21.9351136829
1385,23.1084608185,21.9319974688
1386,23.1056889154,21.9291812831
1387,23.1031704838,21.9266038344
1388,23.0512912752,21.9260766687
1389,23.0229343745,21.9246688835
1390,23.0282222913,21.9221329838
1391,23.0220450876,21.9190103954
1392,23.0195598546,21.9165514899
1393,23.0170749205,21.9144201345
1394,23.0148576191,21.9124798742
1395,23.0127766398,21.9106484711
1396,23.010512919,21.90887738
1397,23.0084580371,21.9071561127
1398,23.0064566436,21.905472802
1399,23.0046155894,21.903836876
1400,22.9857403747,21.9016764744
1401,22.9772920078,21.9006072676
1402,22.9761734774,21.8990411832
1403,22.9753410562,21.8975224473
1404,22.9745533838,21.8960347275
1405,22.9739795631,21.8945766578
1406,22.9735674838,21.8931374486
1407,22.9731981405,21.8917099954
1408,22.9728500421,21.8902983265
1409,22.9726758085,21.888898278
1410,22.9726319063,21.88751306
1411,22.9729329817,21.8861414839
1412,23.1055666656,21.9036229459
1413,23.147946036,21.9295497678
1414,23.1543382904,21.9535067013
1415,23.1664620363,21.9714146951
1416,23.1724149868,21.9835638487
1417,23.1764147651,21.9919317085
1418,23.1791817881,21.997935541
1419,23.1814455207,22.0024797678
1420,23.183401486,22.0060243625
1421,23.185082594,22.0088270477
1422,23.1863397552,22.01102628
1423,23.1873261678,22.0127692914
1424,23.2834352778,22.0200466127
1425,23.2365983452,22.0357820785
1426,23.2037771284,22.0514339304
1427,23.1956102148,22.063996072
1428,23.1978708517,22.0734869677
1429,23.2014044675,22.0808162168
1430,23.2033753981,22.0867703394
1431,23.2042243868,22.0918164663
1432,23.2046280665,22.0961527738
1433,23.2051605649,22.099965515
1434,23.2058015172,22.1033563821
1435,23.2063514512,22.1063755903
1436,23.1290706494,22.0831900603
1437,22.9934169143,22.0472917825
1438,22.9119078535,22.0193525312
1439,22.8772302005,22.0029264935
1440,22.8674598667,21.9945559215
1441,22.8638753499,21.9905049513
1442,22.8595931796,21.9885166479
1443,22.85524991,21.9875561496
1444,22.8514239938,21.9872523637
1445,22.8484911355,21.9874197811
1446,22.8460943924,21.9879277134
1447,22.8438485645,21.9886690876
1448,22.8400504209,21.9707633979
1449,22.8479969193,21.9439922192
1450,22.824638235,21.9199421689
1451,22.8178871848,21.9029101978
1452,22.8139646555,21.8919303799
1453,22.8122944596,21.8848267144
1454,22.811448696,21.8798860453
1455,22.8108646211,21.8761602687
1456,22.8104641568,21.8732014477
1457,22.8102800388,21.8708074673
1458,22.8105298758,21.8688555359
1459,22.8110202728,21.8672480084
1460,22.7990264194,21.8366588385
1461,22.7706934324,21.7952551181
1462,22.725742904,21.7601192128
1463,22.7014596471,21.7360658653
1464,22.6868925635,21.7208389727
1465,22.6781893864,21.7109488445
1466,22.6712450789,21.7038892622
1467,22.6644087055,21.6983679979
1468,22.6582143993,21.6938255847
1469,22.6525513792,21.6900149363
1470,22.6468204156,21.6867718556
1471,22.64214186,21.6839743489
1472,22.3570146317,21.6557014098
1473,22.2368891688,21.6134494546
1474,22.2227286198,21.5736772483
1475,22.1958544826,21.5440025781
1476,22.1768833023,21.524024582
1477,22.1630029561,21.5104170257
1478,22.1504377481,21.5002872796
1479,22.140012353,21.4920013781
1480,22.1304244245,21.4848341368
1481,22.1222519836,21.4784838824
1482,22.1146596815,21.4728039058
1483,22.1079393187,21.4676647469
1484,22.0702060901,21.4626528525
1485,22.0469031257,21.4585137526
1486,22.0421447997,21.4544381035
1487,22.0359553426,21.4504245843
1488,22.0315558088,21.4466704963
1489,22.0271021563,21.4430828674
1490,22.0235381684,21.4396317339
1491,22.0198783001,21.4362995793
1492,22.0171296263,21.4330732128
1493,22.0149936781,21.4299418481
1494,22.0132209974,21.4269060507
1495,22.0111376679,21.42393607
1496,22.047391388,21.421227766
1497,22.070458233,21.4182986143
1498,22.0691123832,21.4154362001
1499,22.0708760581,21.4126496215
1500,22.0722751138,21.4099679185
1501,22.0742697359,21.407359464
1502,22.0753391852,21.404806193
1503,22.0759050264,21.4022941843
1504,22.0757018602,21.3998138805
1505,22.0752170272,21.3973620959
1506,22.0740371616,21.3949381557
1507,22.0733297935,21.392541752
1508,22.0307370602,21.3917817984
1509,21.9866549264,21.3901967595
1510,21.9874435683,21.3871669225
1511,21.9796684609,21.3840675694
1512,21.9741693645,21.3813644459
1513,21.9691530479,21.3789359757
1514,21.9638643753,21.3766394317
1515,21.9581992822,21.3743876183
1516,21.9524309573,21.3721627262
1517,21.9465555673,21.3699518527
1518,21.9406602752,21.3677589713
1519,21.9348791677,21.3655931461
1520,21.9141907607,21.3629874042
1521,21.8941905208,21.3613609452
1522,21.8856047153,21.3591172995
1523,21.8792986632,21.3569919709
1524,21.8719036393,21.3549359161
1525,21.8652537902,21.3528942341
1526,21.8585057834,21.3508568079
1527,21.8515968797,21.3488196114
1528,21.8445084841,21.3467842676
1529,21.8374140972,21.3447605066
1530,21.8301856489,21.3427452454
1531,21.8228375506,21.3407422892
1532,21.985535676,21.3540182091
1533,22.08480272,21.371637242
1534,22.063075874,21.3857380515
1535,22.0688703001,21.3944548749
1536,22.0743076687,21.398970447
1537,22.076791093,21.4010852716
1538,22.0773754165,21.4020054139
1539,22.0772225118,21.4023110161
1540,22.0767982748,21.4022316315
1541,22.0752233741,21.4018645411
1542,22.0731230862,21.4012696749
1543,22.0702701911,21.4005059311
1544,22.2694895786,21.4285052646
1545,22.4116245581,21.4670440391
1546,22.4150107198,21.5008012788
1547,22.4264013297,21.5245404487
1548,22.4367802575,21.5394014352
1549,22.4421611313,21.5485808898
1550,22.444187284,21.5545870868
1551,22.4456656689,21.5588134359
1552,22.4462063852,21.5619159047
1553,22.4468112553,21.5642172943
1554,22.4463430505,21.5659059999
1555,22.4456316472,21.5671345312
1556,22.3798078218,21.5673183127
1557,22.3173530335,21.5679032932
1558,22.323071636,21.5685836909
1559,22.3092602045,21.5690710318
1560,22.3005998207,21.5693839242
1561,22.2946127512,21.5695297907
1562,22.2898705105,21.5695521749
1563,22.2857623191,21.56948342
1564,22.282074191,21.5693461237
1565,22.2792241059,21.5691552877
1566,22.2769639358,21.5689187708
1567,22.2743830941,21.5686448114
1568,22.6902309134,21.6375012717
1569,22.7807954155,21.7347736511
1570,22.8324871564,21.8216476412
1571,22.8657326734,21.8853949638
1572,22.8874319357,21.9295131192
1573,22.9032251139,21.9611049686
1574,22.9160461904,21.9854847331
1575,22.9272354983,22.0055198279
1576,22.9368513053,22.0222533872
1577,22.9450622171,22.0362189322
1578,22.9522893984,22.0479191228
1579,22.9584883173,22.0578292458
1580,23.2196305481,22.1353999034
1581,23.355902741,22.2406566811
1582,23.4494025728,22.333013133
1583,23.5033485234,22.3985131284
1584,23.53414734,22.4413559363
1585,23.5548417817,22.4702058475
1586,23.5720051749,22.4916271694
1587,23.5868026807,22.509115026
1588,23.5999052254,22.5241645395
1589,23.6116412681,22.5374116867
1590,23.6222231168,22.5492387516
1591,23.6318586122,22.5599422648
1592,23.549670401,22.571003778
1593,23.5201781787,22.590610372
1594,23.5155861354,22.6101603679
1595,23.5144930228,22.6256889468
1596,23.5187568304,22.6378861255
1597,23.5204711089,22.6475505063
1598,23.5234253441,22.6557986298
1599,23.5264942097,22.6632614863
1600,23.529572617,22.6702638631
1601,23.5325383401,22.6769553795
1602,23.5354771904,22.6833881128
1603,23.5383483243,22.6896107965
1604,23.6235809924,22.7074577902
1605,23.6916928262,22.727085254
1606,23.7370109425,22.7433982855
1607,23.7609408565,22.7553146373
1608,23.773572537,22.764139009
1609,23.781720046,22.7713265341
1610,23.7883487156,22.7777136997
1611,23.7950224671,22.7837915351
1612,23.80113959,22.7896605539
1613,23.8067393302,22.7953511378
1614,23.8114054066,22.8009089866
1615,23.8155459156,22.8063338851
1616,23.7142364137,22.7853224422
1617,23.7100963541,22.7558788033
1618,23.7082283099,22.7300934796
1619,23.7069850015,22.7128966757
1620,23.7056736163,22.7033697842
1621,23.7043103477,22.6983801994
1622,23.7041771242,22.6957685481
1623,23.704778597,22.6944288559
1624,23.7057481403,22.693893807
1625,23.706864147,22.6939640986
1626,23.708237962,22.6945252294
1627,23.7098037799,22.6954544325
1628,23.5417600676,22.6376633176
1629,23.4803569632,22.5584402442
1630,23.4356368419,22.4887789698
1631,23.4077739435,22.4392050048
1632,23.389930831,22.4064323825
1633,23.3773762547,22.3842545565
1634,23.3671743725,22.3681148212
1635,23.3582003014,22.3555670283
1636,23.3501876524,22.3454526112
1637,23.3432364198,22.3372158001
1638,23.3371530329,22.3304546162
1639,23.3318323939,22.3248759181
1640,23.1838851307,22.3054306667
1641,23.1511786228,22.2895510768
1642,23.1293894459,22.2651135221
1643,23.1073513148,22.2383791021
1644,23.0922182001,22.2151878839
1645,23.0806336488,22.1973157624
1646,23.0717137991,22.1841496614
1647,23.0639290665,22.1743342081
1648,23.0569059164,22.1667233017
1649,23.0503667943,22.1605591564
1650,23.0443003028,22.1554129378
1651,23.0387925071,22.151026793
1652,22.9839514104,22.1370778317
1653,22.9629714574,22.1201591691
1654,22.9503561413,22.1045066043
1655,22.9416448569,22.0924335401
1656,22.935125091,22.0835581942
1657,22.9300101558,22.0768419522
1658,22.9254801948,22.071448697
1659,22.9213800712,22.0668830281
1660,22.917714866,22.0628857398
1661,22.9143168549,22.0593118987
1662,22.910486304,22.0560847094
1663,22.9066982364,22.0531359111
1664,22.8008404677,22.0432854705
1665,22.7594351764,22.0283774554
1666,22.7529642739,22.013119634
1667,22.7403827092,22.0004387628
1668,22.7328644219,21.9910783204
1669,22.7272764555,21.9841221614
1670,22.72216344,21.9786344634
1671,22.716959648,21.9740115954
1672,22.7118995333,21.9699483554
1673,22.7070283363,21.9662887145
1674,22.7022192728,21.9629438789
1675,22.6976966395,21.9598423474
1676,22.6623957453,21.9565560744
1677,22.6446819644,21.9543036655
1678,22.6399289841,21.951401079
1679,22.6370447552,21.9487889862
1680,22.6346855213,21.9463882036
1681,22.6328182738,21.9440888
1682,22.6309478688,21.9418385493
1683,22.6292291743,21.9396303672
1684,22.6275904222,21.9374596589
1685,22.6259356733,21.9353307909
1686,22.6243984072,21.9332436989
1687,22.6230401697,21.9311946281
1688,22.7108247206,21.9304390741
1689,22.735100119,21.9285600411
1690,22.7183671683,21.9261749466
1691,22.7201542465,21.9239082236
1692,22.7190215701,21.9217742993
1693,22.7176923729,21.9197754946
1694,22.7163026598,21.9178649188
1695,22.7147447968,21.9160066206
1696,22.7132589239,21.9141846623
1697,22.7118033368,21.9123885524
1698,22.7101989102,21.9106144123
1699,22.708667877,21.908863259
1700,22.8146681441,21.9267674153
1701,22.854996177,21.9525845011
1702,22.8696441813,21.975920221
1703,22.880097698,21.9928394498
1704,22.8861563496,22.0041091238
1705,22.8891326964,22.0116307833
1706,22.8910315431,22.0169124324
1707,22.8927782155,22.020815772
1708,22.8943856405,22.0237768558
1709,22.8959267902,22.0260345815
1710,22.8971309162,22.0277417256
1711,22.8981355939,22.0290178483
1712,22.9135607509,22.0366623393
1713,22.8458537972,22.052453048
1714,22.8100742274,22.0677716157
1715,22.800933292,22.0798426413
1716,22.8037701873,22.0888247909
1717,22.8083964322,22.0956684176
1718,22.8117061674,22.1011734233
1719,22.8140663931,22.1058086529
1720,22.8162268938,22.1098071049
1721,22.8186163257,22.1132873468
1722,22.8211517761,22.1163383685
1723,22.8239637796,22.1190424568
1724,22.6672002056,22.0958526394
1725,22.5107424947,22.0600011996
1726,22.4258144073,22.032549348
1727,22.3878715903,22.0159180044
1728,22.3791274222,22.0075347612
1729,22.3753850679,22.0034651228
1730,22.3716307097,22.0013903563
1731,22.3668101085,22.0002733855
1732,22.3616509778,21.99974526
1733,22.3570660659,21.9996621049
1734,22.3532079574,21.9998999543
1735,22.34932412,22.00037626
1736,22.3676575004,21.982392046
1737,22.3748822397,21.9557524576
1738,22.3533251702,21.9316724639
1739,22.3433376281,21.9143273911
1740,22.3361937339,21.9029577928
1741,22.3308286067,21.8954769389
1742,22.3270018932,21.8901880725
1743,22.3243929928,21.8861370965
1744,22.3227219499,21.8828748198
1745,22.3219790369,21.8801829714
1746,22.3218353253,21.8779411037
1747,22.3209493532,21.8760507925
1748,22.2367778145,21.8452135201
1749,22.1417054022,21.8039499913
1750,22.0776153608,21.768766112
1751,22.045599629,21.7444369658
1752,22.0311878463,21.7288740179
1753,22.0234860718,21.7186188626
1754,22.0177513461,21.7111998332
1755,22.0127006466,21.7053490608
1756,22.0085278173,21.7005057216
1757,22.0047522639,21.6963951697
1758,22.0017991066,21.6928528931
1759,21.9997989137,21.6897763584
1760,21.8470081383,21.6575931153
1761,21.8169638569,21.613495924
1762,21.7926407613,21.5742868686
1763,21.775736691,21.5460979903
1764,21.7635775623,21.5272980569
1765,21.753724366,21.5142807582
1766,21.7458706985,21.5043035489
1767,21.7383229461,21.4959451908
1768,21.7319711845,21.4886296165
1769,21.7260633334,21.4820942959
1770,21.7208144202,21.4762169796
1771,21.7162527214,21.4708627762
1772,21.8543654824,21.4690700036
1773,21.9050156165,21.465063618
1774,21.8668255635,21.4596961741
1775,21.8673039097,21.4544203649
1776,21.8660383681,21.4496513977
1777,21.8642881309,21.4454289556
1778,21.8631625891,21.4415846645
1779,21.8615764152,21.4379663455
1780,21.8604708575,21.4344877889
1781,21.8588486263,21.4311158895
1782,21.8575846502,21.4278396644
1783,21.8559713467,21.4246506714
1784,21.8971921367,21.4217123402
1785,21.9232132995,21.4184626849
1786,21.9197768648,21.4154699168
1787,21.9202456912,21.4125537352
1788,21.9197907043,21.409704078
1789,21.9188429465,21.4069050234
1790,21.9171983701,21.4041494523
1791,21.9158452576,21.4014330923
1792,21.9140199763,21.3987520376
1793,21.9117374734,21.3961069151
1794,21.9097420221,21.3934932493
1795,21.9072067815,21.3909109091
1796,21.8896236602,21.3883376799
1797,21.8762174214,21.3858505495
1798,21.8745245399,21.383313324
1799,21.8713089756,21.3808294688
1800,21.8683132361,21.3784012494
1801,21.8659080544,21.3760135521
1802,21.8631305636,21.3736423218
1803,21.8601355745,21.3712822475
1804,21.856950067,21.3689325026
1805,21.85367626,21.3665928236
1806,21.8498459704,21.3642690017
1807,21.8462521737,21.3619592604
1808,21.957092651,21.3610064788
1809,22.0028720688,21.3588094215
1810,21.9744863258,21.3559595576
1811,21.9771420686,21.353267247
1812,21.9749162562,21.3507486838
1813,21.9730206831,21.3483859152
1814,21.9710472953,21.3461165351
1815,21.9684563835,21.3438878585
1816,21.9660628447,21.3417005971
1817,21.9632800727,21.3395434884
1818,21.9604158679,21.3374015455
1819,21.9574750618,21.3352684319
1820,21.9193857387,21.3485186307
1821,21.8888603888,21.3662150524
1822,21.9241236607,21.3801736546
1823,21.9312224553,21.388559935
1824,21.9335721908,21.3927867051
1825,21.933516525,21.394682185
1826,21.9318449843,21.3954312568
1827,21.9302812742,21.3955905921
1828,21.9279337997,21.3953749503
1829,21.9251534996,21.3948731983
1830,21.9218676973,21.3941493062
1831,21.9182966745,21.3932589012
1832,21.9383269885,21.42105771
1833,21.9715699921,21.4596913496
1834,22.0393658783,21.4935070969
1835,22.0642479572,21.5169555834
1836,22.0740995702,21.53153655
1837,22.0772983447,21.5405032541
1838,22.0783319143,21.5463491249
1839,22.07940132,21.5504466962
1840,22.0801241882,21.5534373677
1841,22.0802974386,21.5556287847
1842,22.0798432791,21.557210148
1843,22.0787644331,21.5583268587
1844,22.0233680294,21.5587040182
1845,21.9849517789,21.5593613389
1846,21.9901677337,21.5595483634
1847,21.9833465904,21.5597054938
1848,21.9768654034,21.5598770859
1849,21.971349319,21.5599505693
1850,21.9667833936,21.5598952729
1851,21.9629921767,21.5597324638
1852,21.9597077316,21.5594910243
1853,21.9565542518,21.5591912755
1854,21.9534123059,21.5588453306
1855,21.9504849141,21.558473173
1856,22.2502832515,21.6266617487
1857,22.3058774406,21.7242251498
1858,22.3436850729,21.81074094
1859,22.3711439021,21.8743030809
1860,22.3881856921,21.918367185
1861,22.4007155045,21.9499490485
1862,22.4111286998,21.9743116436
1863,22.4204023079,21.9943693532
1864,22.429155118,22.0111458531
1865,22.4370785449,22.0251601153
1866,22.4438027843,22.0368937503
1867,22.4495568082,22.0468173776
1868,22.6505236108,22.1200149582
1869,22.7482342167,22.2152955549
1870,22.8184041664,22.2971585959
1871,22.854764595,22.3537184597
1872,22.8714620691,22.3890548602
1873,22.8803907652,22.4113748419
1874,22.8870988386,22.4268875639
1875,22.8931879587,22.4389095035
1876,22.8985800418,22.4488976227
1877,22.9032963822,22.4574824328
1878,22.9073799383,22.4650223017
1879,22.9109482013,22.4717809074
1880,22.8510431466,22.4768883141
1881,22.8251987262,22.4832299185
1882,22.7974402969,22.4878045668
1883,22.7867160193,22.4921063941
1884,22.7804617591,22.4962779696
1885,22.778309844,22.500519739
1886,22.7781145039,22.5049059424
1887,22.7788126973,22.5094380429
1888,22.7800859233,22.514101851
1889,22.7816246359,22.5188308654
1890,22.7833829033,22.5235870225
1891,22.7852398517,22.528340039
1892,22.8396002656,22.544617808
1893,22.8917603428,22.5639714847
1894,22.9309612122,22.581129443
1895,22.9506952669,22.5941444363
1896,22.960706288,22.6037824779
1897,22.9669670124,22.6113009885
1898,22.9724129669,22.6176485765
1899,22.9777751206,22.6233482791
1900,22.9829040451,22.6286299572
1901,22.9875707986,22.6336068779
1902,22.9918782661,22.6383458127
1903,22.9959626147,22.6428891166
1904,22.9367203996,22.6440842306
1905,22.9405829339,22.6464705966
1906,22.9467426501,22.6491353389
1907,22.9499300752,22.651404034
1908,22.9498967234,22.6536172676
1909,22.9488460429,22.6554349809
1910,22.9491727732,22.6570257738
1911,22.9502633493,22.6585581708
1912,22.9516522531,22.6601471737
1913,22.9530123695,22.6618387202
1914,22.9542994474,22.6636394202
1915,22.955570244,22.6655318692
1916,22.952877142,22.6071458249
1917,22.9756643642,22.5273609383
1918,22.9795970237,22.4580898712
1919,22.9816930194,22.4097369294
1920,22.9796007603,22.3780790293
1921,22.9763870294,22.3567295464
1922,22.9726425789,22.3411670406
1923,22.9692635476,22.3290471171
1924,22.9664273532,22.3192875454
1925,22.9642027896,22.3113461594
1926,22.9624098262,22.3048360738
1927,22.961091086,22.2994632631
