,b4,b5,b6
0,0.106401197055,-0.0428631783574,0.541049917061
1,0.106443778817,-0.0428535772465,0.541055729543
2,0.106703530214,-0.0428566095226,0.54109689161
3,0.106712332789,-0.0428596417987,0.541138053676
4,0.10688489103,-0.0428626740748,0.541179215743
5,0.106716109353,-0.0428657063509,0.541220377809
6,0.106759978428,-0.042868738627,0.541261539876
7,0.106957553819,-0.0428717709031,0.541302701943
8,0.148138605645,-0.0428570553911,0.552387697505
9,0.143618772248,-0.0428423398791,0.552418412255
10,0.142706309613,-0.0428056048759,0.552449127005
11,0.126007868675,-0.0425675610405,0.552479841755
12,0.134720292922,-0.0426755037047,0.552510556505
13,0.13096226755,-0.0426169146243,0.552541271254
14,0.130408039006,-0.0425999831857,0.552579560915
15,0.129995568801,-0.0425826104453,0.552617850576
16,0.129622926273,-0.0425654681527,0.552656140237
17,0.128936392078,-0.0425488530148,0.552694429897
18,0.12862241227,-0.0425324850999,0.552732719558
19,0.128228313804,-0.0425162209478,0.552771009219
20,0.141196679311,-0.0426714162077,0.553801397161
21,0.122219690994,-0.0424819323832,0.553848392919
22,0.131023638309,-0.0425768247989,0.553895388677
23,0.129410689788,-0.0425545201195,0.553942384436
24,0.129328137812,-0.0425537890851,0.553989380194
25,0.12933472947,-0.0425532422698,0.554036375952
26,0.129182895015,-0.0425372211403,0.554039184729
27,0.129130739541,-0.0425211254257,0.554041993506
28,0.129044531019,-0.0425053359768,0.554044802284
29,0.129044175005,-0.0424896602483,0.554047611061
30,0.128688271525,-0.042469711922,0.554050419839
31,0.128162938825,-0.0424466777503,0.554053228616
32,0.0958501262832,-0.0419473890887,0.550079813824
33,0.145923431829,-0.0425196472302,0.550599561332
34,0.109429184113,-0.0420052155288,0.550593664012
35,0.120179028181,-0.0421238230036,0.549615242071
36,0.119358301421,-0.0420792391373,0.54990812163
37,0.119253003448,-0.0420461916598,0.549947838449
38,0.118485019434,-0.0419873028926,0.549793598632
39,0.117887339734,-0.0419295771587,0.549680944832
40,0.117754146768,-0.0418777352603,0.54956940285
41,0.117245405761,-0.0418219288449,0.549458074719
42,0.116776492411,-0.0417660247565,0.549346993983
43,0.116176080166,-0.041710593812,0.549236162215
44,0.111028071152,-0.04162457481,0.548284801209
45,0.116850586016,-0.0416762662567,0.548926803794
46,0.113485842107,-0.0416228330778,0.548475040878
47,0.113440230095,-0.0416065729576,0.548459469981
48,0.112361491226,-0.0415781999543,0.548373841619
49,0.111362157575,-0.0415505014017,0.548284526366
50,0.111092624987,-0.0415443462717,0.548256344486
51,0.110828215841,-0.0415382052379,0.548228282228
52,0.110599501532,-0.0415323045024,0.548200463676
53,0.110101906945,-0.0415262274081,0.548172853503
54,0.109851614463,-0.0415200324521,0.548145557086
55,0.109637936707,-0.0415140827916,0.54811867725
56,0.130063579905,-0.0419054382947,0.548159256419
57,0.0995476814378,-0.0415788727887,0.548145684704
58,0.114802463006,-0.0417319197704,0.548132112988
59,0.111463463651,-0.0416920458091,0.548118541273
60,0.111355653616,-0.0416850844078,0.548104969557
61,0.111165917964,-0.0416789154084,0.548091397842
62,0.111227711515,-0.0416790979248,0.548096447783
63,0.110933559905,-0.0416789900037,0.548101497723
64,0.110886739459,-0.0416791883664,0.548106547664
65,0.110803371914,-0.041679315874,0.548111597604
66,0.110731290702,-0.0416791597854,0.548116647545
67,0.110646012516,-0.0416792612347,0.548121697486
68,0.0875163720645,-0.0411887253628,0.546011625807
69,0.121626450676,-0.0415748152332,0.546357412384
70,0.0964635150223,-0.0412152102106,0.545263262474
71,0.103216163455,-0.0412994444374,0.54547493359
72,0.103278612456,-0.0412792226498,0.545460904015
73,0.103346698642,-0.0412626493215,0.545441300173
74,0.103160513912,-0.0412375492519,0.545398101731
75,0.102944742637,-0.0412120996809,0.545354688866
76,0.102714223252,-0.0411867442736,0.545311442251
77,0.102612351134,-0.041161573736,0.545268324824
78,0.102326117665,-0.0411360992844,0.545225311299
79,0.102512436497,-0.0411106710941,0.545182401262
80,0.138128705155,-0.0416292851473,0.551074204697
81,0.0994267521018,-0.0412464872689,0.551054004934
82,0.112711560599,-0.0413009722781,0.551033805172
83,0.116451563253,-0.0413487584764,0.550347630549
84,0.112564358958,-0.0413061036374,0.550324938533
85,0.112544666914,-0.0412981815977,0.550510476342
86,0.112353502439,-0.0412933735112,0.550364768602
87,0.112099142612,-0.041288713595,0.550337213998
88,0.11186333705,-0.0412843793121,0.550314307809
89,0.111656120981,-0.0412798999738,0.550291669603
90,0.111433167428,-0.0412756865732,0.550269810132
91,0.111211112579,-0.0412715459668,0.550248484117
92,0.140737017248,-0.0416053506421,0.55308598496
93,0.099964325883,-0.041189406517,0.553071282059
94,0.120214419883,-0.0413699422286,0.553056579157
95,0.115453881213,-0.041307337214,0.553041876255
96,0.115222711887,-0.0412872417379,0.553027173353
97,0.115398904873,-0.0412675627504,0.553012470451
98,0.115100478064,-0.0412448948887,0.552988298911
99,0.115405176154,-0.0412221309588,0.55296412737
100,0.115045063944,-0.0411995339282,0.55293995583
101,0.114867665418,-0.0411771381314,0.552915784289
102,0.114502481182,-0.0411545750522,0.552891612749
103,0.114301402423,-0.0411323025906,0.552867441208
104,0.0771727726163,-0.0406385772094,0.545168154254
105,0.125472809914,-0.0411285484603,0.555896578787
106,0.102523532243,-0.0408528520519,0.550134544031
107,0.10713329994,-0.040884830891,0.548297225986
108,0.107902083262,-0.0408629729895,0.549069734386
109,0.107826155824,-0.0408398349041,0.548992043043
110,0.108096773254,-0.0408179333698,0.548933532627
111,0.107994513588,-0.0407958423775,0.548906024904
112,0.108083816767,-0.0407720538696,0.548877751499
113,0.1079870839,-0.0407494899303,0.548849313217
114,0.107854662704,-0.0407270206992,0.548820685924
115,0.107991823777,-0.0407047240308,0.54879186547
116,0.112890378234,-0.0411273812515,0.545170643477
117,0.0968073973,-0.0411237717124,0.545160543596
118,0.104026425194,-0.0411052728242,0.545108781704
119,0.102672622055,-0.0411052728242,0.545108781704
120,0.102663734299,-0.0411052728242,0.545108781704
121,0.102849359645,-0.0411052728242,0.545108781704
122,0.10278528574,-0.0411052728242,0.545108781704
123,0.102867403193,-0.0411052728242,0.545108781704
124,0.102903699906,-0.0411052728242,0.545108781704
125,0.102875544693,-0.0411052728242,0.545108781704
126,0.102919721318,-0.0411052728242,0.545108781704
127,0.102927851697,-0.0411052728242,0.545108781704
128,0.0907959674817,-0.0411052728242,0.5419938071
129,0.0937528969087,-0.0411052728242,0.5419938071
130,0.0926093280094,-0.0411052728242,0.5419938071
131,0.0930581415688,-0.0411052728242,0.5419938071
132,0.0932258467052,-0.0411052728242,0.5419938071
133,0.0933148604257,-0.0411052728242,0.5419938071
134,0.093495459629,-0.0411052728242,0.5419938071
135,0.0936226920663,-0.0411052728242,0.5419938071
136,0.0937149440115,-0.0411052728242,0.5419938071
137,0.0938312570336,-0.0411052728242,0.5419938071
138,0.0939670221893,-0.0411052728242,0.5419938071
139,0.0940189571488,-0.0411052728242,0.5419938071
140,0.0938059066269,-0.0411052728242,0.541895467882
141,0.0944899266361,-0.0411052728242,0.541895467882
142,0.0942033804833,-0.0411052728242,0.541895467882
143,0.0943431870703,-0.0411052728242,0.541895467882
144,0.0943767684784,-0.0411052728242,0.541895467882
145,0.0943766165157,-0.0411052728242,0.541895467882
146,0.0944501674698,-0.0411052728242,0.541895467882
147,0.0945016048337,-0.0411052728242,0.541895467882
148,0.0944974669087,-0.0411052728242,0.541895467882
149,0.0945015355583,-0.0411052728242,0.541895467882
150,0.094596072213,-0.0411052728242,0.541895467882
151,0.0945784695941,-0.0411052728242,0.541895467882
152,0.0679206100028,-0.0408157717877,0.537040511727
153,0.102985803003,-0.0411052728242,0.537040511727
154,0.0958819229612,-0.0411052728242,0.537040511727
155,0.0867077276537,-0.0409681672079,0.537040511727
156,0.093127561453,-0.041046357899,0.537040511727
157,0.0925115715133,-0.0410385882202,0.537040511727
158,0.0926313140574,-0.0410384178907,0.537040511727
159,0.0929011085325,-0.0410401482022,0.537040511727
160,0.0930623312445,-0.0410416481435,0.537040511727
161,0.093274320619,-0.0410431917699,0.537040511727
162,0.0934513782284,-0.0410447206562,0.537040511727
163,0.0936132139312,-0.0410459986955,0.537040511727
164,0.103466774347,-0.0411052728242,0.539302313751
165,0.0902519559975,-0.0411052728242,0.539302313751
166,0.0964492882881,-0.0411052728242,0.539302313751
167,0.09538252722,-0.0411052728242,0.539302313751
168,0.095219001962,-0.0411052728242,0.539302313751
169,0.0953825058328,-0.0411052728242,0.539302313751
170,0.0953824948049,-0.0411052728242,0.539302313751
171,0.0954312317809,-0.0411052728242,0.539302313751
172,0.0954878300176,-0.0411052728242,0.539302313751
173,0.0955912985801,-0.0411052728242,0.539302313751
174,0.0955327858925,-0.0411052728242,0.539302313751
175,0.0956733940363,-0.0411052728242,0.539302313751
176,0.0609291118678,-0.0406691261278,0.538574999873
177,0.107522899521,-0.0411052728242,0.538574999873
178,0.0991757015373,-0.0411052728242,0.538574999873
179,0.0852908028311,-0.040896601653,0.538574999873
180,0.0946973826405,-0.0410171412027,0.538574999873
181,0.0936395414226,-0.0410033984409,0.538574999873
182,0.0936324210398,-0.0410033307826,0.538574999873
183,0.0939517634539,-0.0410054913547,0.538574999873
184,0.0940390420162,-0.0410076033231,0.538574999873
185,0.0943428406134,-0.0410096202563,0.538574999873
186,0.0944333041398,-0.0410115479491,0.538574999873
187,0.094579964006,-0.0410133971792,0.538574999873
188,0.0618629882344,-0.0406553417072,0.536108799503
189,0.105255610865,-0.0411111788708,0.53611924682
190,0.0843179000917,-0.0409225540644,0.536129694137
191,0.0892117010533,-0.0409895538256,0.536140141454
192,0.0895409933846,-0.0410118572042,0.536150588771
193,0.0896878844886,-0.0410327302951,0.536161036087
194,0.0899327084432,-0.0410533642646,0.536171483404
195,0.0900764520458,-0.0410738311803,0.536181930721
196,0.0901596042973,-0.0410941605778,0.536192378038
197,0.0903524148199,-0.0411143750782,0.536202825354
198,0.0904933942702,-0.0411344915768,0.536213272671
199,0.0904994845787,-0.041154523336,0.536223719988
200,0.0573993459643,-0.0407444953051,0.533849631004
201,0.102378544943,-0.0411832808834,0.533839183687
202,0.0811804424992,-0.0409527688129,0.53382873637
203,0.0864731751283,-0.040986314402,0.533818289053
204,0.0870017169529,-0.0409732577466,0.533807841736
205,0.0874287607668,-0.0409589683137,0.53379739442
206,0.0878536941751,-0.0409443623671,0.533786947103
207,0.0882603008063,-0.0409296129071,0.533776499786
208,0.0886228007736,-0.0409147422038,0.533766052469
209,0.0890193575972,-0.0408997613036,0.533755605153
210,0.089366509195,-0.0408846869528,0.533745157836
211,0.089651881177,-0.0408695315957,0.533734710519
212,0.130695095127,-0.0411038341937,0.538258314567
213,0.0903588527975,-0.0411052728242,0.538258314567
214,0.103366202821,-0.0411052728242,0.538258314567
215,0.10058716646,-0.0411052728242,0.538258314567
216,0.100480783314,-0.0411052728242,0.538258314567
217,0.100516432018,-0.0411052728242,0.538258314567
218,0.10046956979,-0.0411052728242,0.538258314567
219,0.100578067581,-0.0411052728242,0.538258314567
220,0.100548267805,-0.0411052728242,0.538258314567
221,0.100501406233,-0.0411052728242,0.538258314567
222,0.100717001596,-0.0411052728242,0.538258314567
223,0.100579711338,-0.0411052728242,0.538258314567
224,0.0513810724116,-0.0404082348606,0.533627665203
225,0.112817816138,-0.0410756931774,0.533618959106
226,0.0975805816519,-0.0409458027582,0.533610253009
227,0.0805417505348,-0.04068685718,0.533601546911
228,0.0940106602306,-0.0408462239149,0.533592840814
229,0.0915585374976,-0.0407997727294,0.533584134717
230,0.0919376796685,-0.0407884299262,0.533575428619
231,0.0921312109019,-0.0407763184643,0.533566722522
232,0.0924135938539,-0.0407641901692,0.533558016425
233,0.0925848560052,-0.0407519495642,0.533549310328
234,0.0928731738668,-0.0407396141571,0.53354060423
235,0.0929972274605,-0.040727195913,0.533531898133
236,0.113458329568,-0.040927794943,0.536482074686
237,0.097391464377,-0.040927794943,0.536482074686
238,0.101952568769,-0.0408870896545,0.536482074686
239,0.0990524549046,-0.0408659879141,0.536482074686
240,0.101382505499,-0.0409005305597,0.536482074686
241,0.100398346377,-0.0408862538338,0.536482074686
242,0.100451370328,-0.0408864924442,0.536482074686
243,0.100448937036,-0.040886929805,0.536482074686
244,0.100524021846,-0.0408875129535,0.536482074686
245,0.10059023275,-0.0408882202197,0.536482074686
246,0.100656616797,-0.0408889341401,0.536482074686
247,0.100795693148,-0.0408897550176,0.536482074686
248,0.106596499662,-0.0409100471549,0.537946715645
249,0.0978440054326,-0.0408922993667,0.537936268329
250,0.101438845635,-0.0408745515786,0.537925821012
251,0.100351599547,-0.0408568037905,0.537915373695
252,0.100079374004,-0.0408390560024,0.537904926378
253,0.0997859433325,-0.0408213082142,0.537894479061
254,0.099472269441,-0.0408035604261,0.537884031745
255,0.0993336274114,-0.040785812638,0.537873584428
256,0.098997480571,-0.0407680648499,0.537863137111
257,0.0988236079473,-0.0407503170617,0.537852689794
258,0.0985052577567,-0.0407325692736,0.537842242478
259,0.0981180926292,-0.0407148214855,0.537831795161
260,0.0706958262195,-0.0403586252177,0.535408609005
261,0.110191401708,-0.0406852418386,0.535399902908
262,0.0971704810944,-0.0405898255636,0.53539119681
263,0.0956006850798,-0.0405299773853,0.535382490713
264,0.0987318941393,-0.0405540033138,0.535373784616
265,0.0984657575475,-0.0405342523024,0.535365078518
266,0.0987591359194,-0.0405209993593,0.535356372421
267,0.0990707422239,-0.0405076371492,0.535347666324
268,0.0993316911323,-0.0404942377092,0.535338960226
269,0.0995663900835,-0.0404807944603,0.535330254129
270,0.0998482434727,-0.040467314661,0.535321548032
271,0.100119481181,-0.0404538034394,0.535312841935
272,0.0820017718269,-0.0401891986274,0.526225273723
273,0.0927622210396,-0.0403240005669,0.529491100193
274,0.0896971964707,-0.0402778561568,0.529491100193
275,0.0957816041103,-0.0403460205676,0.529491100193
276,0.0953698879723,-0.0403413147015,0.529491100193
277,0.0955872256784,-0.0403438287201,0.529491100193
278,0.0957542062565,-0.0403458561112,0.529491100193
279,0.0959088755755,-0.0403478245229,0.529491100193
280,0.096061968186,-0.0403496542037,0.529491100193
281,0.0961556009248,-0.0403513959499,0.529491100193
282,0.0962403551267,-0.0403530252657,0.529491100193
283,0.0962275662214,-0.040354226782,0.529491100193
284,0.122498152135,-0.040501848028,0.533928467277
285,0.107712388237,-0.0404663524517,0.533907572644
286,0.102887284354,-0.0402684575396,0.53388667801
287,0.109392658446,-0.0403371485603,0.533865783377
288,0.10752053568,-0.0402907105698,0.533886550753
289,0.107417398935,-0.0402533838471,0.533869443575
290,0.107471504611,-0.0402212150702,0.533860542551
291,0.107568849918,-0.0401894622403,0.533851641526
292,0.107703857828,-0.040157643133,0.533842740502
293,0.107762507288,-0.0401261529262,0.533833839477
294,0.1077443932,-0.0400946549035,0.533824938453
295,0.107797076188,-0.0400632394454,0.533816037428
296,0.146252780996,-0.0400780776838,0.546840390122
297,0.12601705785,-0.0397721427381,0.546843677633
298,0.127055414269,-0.0397695472301,0.546613893271
299,0.127387378314,-0.0398041841988,0.546150887502
300,0.124894352605,-0.0397616422308,0.546660797672
301,0.124326388907,-0.0397452796838,0.54631014075
302,0.123798457284,-0.0397290185601,0.546260442692
303,0.122728030508,-0.0397133570649,0.546221931449
304,0.122356342695,-0.0396982605529,0.546187541331
305,0.121897406481,-0.0396832597998,0.546157010465
306,0.12162247891,-0.039668765122,0.546129434817
307,0.121272532563,-0.0396545129057,0.546104427556
308,0.12833252554,-0.0397148354157,0.547374345132
309,0.117022433493,-0.0395763335869,0.546437604667
310,0.121490895495,-0.0396003256488,0.546747690306
311,0.119969184992,-0.0395561289555,0.546696738813
312,0.119615635709,-0.0395248049625,0.546644953138
313,0.119248053617,-0.0394931185474,0.546616089565
314,0.118942702672,-0.0394606070996,0.546585364122
315,0.118547018376,-0.039428322703,0.546555662988
316,0.118216722825,-0.0393958427763,0.546526794094
317,0.117852139567,-0.0393635644462,0.546498660838
318,0.117494255014,-0.039331343405,0.54647115181
319,0.116971595283,-0.0392984773694,0.546444226582
320,0.14376538306,-0.0396798018834,0.551919708077
321,0.126452612581,-0.0396367762639,0.551919991884
322,0.118270692638,-0.0393533771733,0.551920275691
323,0.132318860484,-0.0395326330918,0.551920559499
324,0.126293251831,-0.0394583783667,0.551920843306
325,0.126286355644,-0.0394410362009,0.551921127113
326,0.125894296208,-0.0394206307512,0.551917623464
327,0.125590917526,-0.0394017410695,0.551914119816
328,0.125349711529,-0.0393825066319,0.551910616168
329,0.12474318414,-0.0393637167854,0.551907112519
330,0.12438823742,-0.0393449148088,0.551903608871
331,0.124131819589,-0.0393261959241,0.551900105222
332,0.0863248260474,-0.0387342408362,0.544876987429
333,0.13937303724,-0.0393630717457,0.547433008707
334,0.101935520659,-0.0387909246992,0.547412092864
335,0.11209185992,-0.0389008322304,0.546192043928
336,0.111893924154,-0.0388469164495,0.545928580757
337,0.111839223008,-0.038800652795,0.546420384732
338,0.111858102354,-0.0387530974924,0.546227202439
339,0.111690056724,-0.0387053310058,0.546186785848
340,0.111619686789,-0.0386572393222,0.546149730314
341,0.111506039638,-0.0386092645464,0.546113105225
342,0.111404259932,-0.0385614828099,0.546076589998
343,0.111167749174,-0.0385126193397,0.54604022435
344,0.136286310969,-0.0389380016593,0.546846250751
345,0.102918650045,-0.0385729271329,0.546828512331
346,0.11639632147,-0.0386585725298,0.54681077391
347,0.114807584459,-0.038615425065,0.54679303549
348,0.114035630422,-0.0385703199565,0.546775297069
349,0.113865261786,-0.0385331516957,0.546757558648
350,0.113823779056,-0.0385026695193,0.546758757505
351,0.113909916052,-0.0384724243208,0.546759956362
352,0.113752675203,-0.0384418642372,0.546761155219
353,0.113739272558,-0.0384113358979,0.546762354075
354,0.11345946218,-0.0383810255526,0.546763552932
355,0.113278758199,-0.0383503880807,0.546764751789
356,0.144335944842,-0.0385270277828,0.551314261216
357,0.10572909245,-0.0380626110949,0.551298047878
358,0.123332461933,-0.0382122235827,0.55128183454
359,0.119644469603,-0.0381008714592,0.551265621202
360,0.119124876334,-0.0380398928403,0.551249407864
361,0.118809122601,-0.037977608818,0.551233194527
362,0.118320938917,-0.0379047776886,0.551184787817
363,0.117960321538,-0.0378325090996,0.551136381108
364,0.117687839787,-0.0377602247069,0.551087974398
365,0.117393318235,-0.0376879737744,0.551039567689
366,0.117175748285,-0.0376161264599,0.550991160979
367,0.116933172838,-0.037544271162,0.55094275427
368,0.102624090551,-0.0372791289826,0.548124336487
369,0.122510483535,-0.0374987756384,0.54960583784
370,0.112444140959,-0.0373346173536,0.549387098643
371,0.114442503953,-0.0373246988051,0.548904204463
372,0.114273121489,-0.0372869066868,0.549117585613
373,0.114083958133,-0.0372488250884,0.549027803188
374,0.113625607413,-0.037202312921,0.548956620836
375,0.113188714258,-0.0371561034002,0.548886055822
376,0.112746106595,-0.0371098144521,0.548815915635
377,0.112329077021,-0.0370638857853,0.548745996089
378,0.111938685246,-0.0370179771709,0.548676297436
379,0.111552557763,-0.0369721315704,0.54860682718
380,0.0875263772208,-0.0365658903147,0.542651462688
381,0.119996224252,-0.0369517445078,0.547008571716
382,0.103787799398,-0.0367221978419,0.545933784239
383,0.10703982158,-0.0367415335481,0.545180424265
384,0.106761635822,-0.0367155620007,0.545626593535
385,0.106479883503,-0.0366895276818,0.545491282608
386,0.106991830194,-0.0366689709732,0.545455356507
387,0.107320941317,-0.0366483524459,0.545419895606
388,0.107301711223,-0.0366259067107,0.545384567755
389,0.10713222142,-0.0366046076604,0.545349082292
390,0.106934728176,-0.0365836696526,0.545313487006
391,0.10671780226,-0.0365624586044,0.545277805512
392,0.0847068393133,-0.0361382203745,0.536791774564
393,0.116134745602,-0.0365184441877,0.543281860918
394,0.0914705171016,-0.0361610922614,0.540907179901
395,0.0975863569948,-0.0362244964822,0.53937926763
396,0.0988731376037,-0.0362102842093,0.540524349142
397,0.0986502467667,-0.0361855042714,0.540269355821
398,0.0991134668112,-0.0361657935295,0.540239872063
399,0.0992148593728,-0.0361420428686,0.540213297257
400,0.0991519479632,-0.0361216402159,0.540187067203
401,0.0991209556196,-0.0361008432711,0.540160528676
402,0.0990862038822,-0.0360799945393,0.540133651676
403,0.0989660748999,-0.0360587870068,0.540106502732
404,0.109578428656,-0.0368213896778,0.538116100688
405,0.0855587401821,-0.036537425527,0.538126101085
406,0.0933394572649,-0.0366430437713,0.538093492607
407,0.0948640979525,-0.036697591586,0.538112646021
408,0.0939081139172,-0.0367167177756,0.538131799435
409,0.094261356172,-0.0367519364957,0.538150952849
410,0.094543468793,-0.0367860123527,0.538170106264
411,0.0947141442151,-0.0368202909033,0.538189259678
412,0.0948749707222,-0.0368542079187,0.538208413092
413,0.0950431216361,-0.0368881617674,0.538227566506
414,0.0951649381386,-0.0369218622255,0.53824671992
415,0.0952923749075,-0.0369555747983,0.538265873334
416,0.103301575871,-0.0371652638603,0.53760937919
417,0.0921729692221,-0.0371626495734,0.53760937919
418,0.0970977872945,-0.0371584236716,0.53760937919
419,0.0964335278199,-0.0371624943461,0.53760937919
420,0.0964424835557,-0.0371614755541,0.53760937919
421,0.0964088407408,-0.0371614540415,0.53760937919
422,0.0964241746746,-0.0371615228625,0.53760937919
423,0.0964966394333,-0.0371616009011,0.53760937919
424,0.0965342256275,-0.0371616788695,0.53760937919
425,0.0965788499483,-0.037161755316,0.53760937919
426,0.0965796113337,-0.0371618295854,0.53760937919
427,0.0966878178256,-0.0371619017312,0.53760937919
428,0.0762360346613,-0.0369536443631,0.53605510511
429,0.102121535918,-0.0372257132812,0.536074258524
430,0.0944712104528,-0.0372111394497,0.536093411938
431,0.0924979390693,-0.0372035029647,0.536112565352
432,0.094869403189,-0.0372677403693,0.536131718766
433,0.0946137351391,-0.0372962948097,0.53615087218
434,0.0947358324242,-0.0373303031739,0.536170025594
435,0.0948526467377,-0.0373640121789,0.536189179008
436,0.0949182676719,-0.0373978015876,0.536208332422
437,0.0950375099088,-0.037430786527,0.536227485836
438,0.0951096384819,-0.0374643233376,0.53624663925
439,0.0951720314073,-0.0374979379601,0.536265792665
440,0.0995099709199,-0.0375557151991,0.537212850397
441,0.091228517463,-0.0375557151991,0.537212850397
442,0.0951410970237,-0.0375557151991,0.537212850397
443,0.0942950891114,-0.0375557151991,0.537212850397
444,0.0943279290413,-0.0375557151991,0.537212850397
445,0.0941935686182,-0.0375557151991,0.537212850397
446,0.0942950165298,-0.0375557151991,0.537212850397
447,0.094162944414,-0.0375557151991,0.537212850397
448,0.0941935036453,-0.0375557151991,0.537212850397
449,0.0941628981404,-0.0375557151991,0.537212850397
450,0.0940916901475,-0.0375557151991,0.537212850397
451,0.0941149516372,-0.0375555070056,0.537212850397
452,0.0517922858019,-0.0369984789884,0.532787585567
453,0.101152306163,-0.0375543855472,0.532787585567
454,0.0952109441223,-0.0374690663612,0.532787585567
455,0.0778464486055,-0.0372582286799,0.532787585567
456,0.0900605631678,-0.0374087639189,0.532787585567
457,0.087960733825,-0.0373803377135,0.532787585567
458,0.0883406790931,-0.0373833515556,0.532787585567
459,0.0885829802336,-0.0373856720405,0.532787585567
460,0.0888553839827,-0.037387909984,0.532787585567
461,0.0890902140519,-0.037390042591,0.532787585567
462,0.0893269564527,-0.0373920734142,0.532787585567
463,0.0895412034135,-0.0373939224448,0.532787585567
464,0.0509359665615,-0.0369239376968,0.533732038403
465,0.0994084496434,-0.0374803569093,0.533732038403
466,0.0779037532382,-0.0372189149372,0.533732038403
467,0.0825433983568,-0.0372825052784,0.533732038403
468,0.083306495294,-0.0372880914659,0.533732038403
469,0.0836953904448,-0.0372920435995,0.533732038403
470,0.084047187541,-0.0372956368204,0.533732038403
471,0.0843903088606,-0.0372989550381,0.533732038403
472,0.0846849963314,-0.0373020508025,0.533732038403
473,0.0849304386594,-0.0373049098219,0.533732038403
474,0.0852279831898,-0.0373076664489,0.533732038403
475,0.0855278110391,-0.0373110669662,0.533732038403
476,0.0451705867624,-0.036773279937,0.530763694625
477,0.0933675575838,-0.0373730674166,0.530763694625
478,0.0716093881731,-0.0370913729011,0.530763694625
479,0.0766332296347,-0.0371611831725,0.530763694625
480,0.0775015721494,-0.0371671893293,0.530763694625
481,0.0778524496093,-0.0371719081044,0.530763694625
482,0.0783415631343,-0.0371761978563,0.530763694625
483,0.078791772923,-0.0371802251351,0.530763694625
484,0.0791271688403,-0.0371840131771,0.530763694625
485,0.0795186293935,-0.0371875937717,0.530763694625
486,0.0798308422293,-0.0371910659162,0.530763694625
487,0.0801813878825,-0.0371944134086,0.530763694625
488,0.0940406272892,-0.0373717874484,0.53135022951
489,0.0767258956064,-0.037190454007,0.53135022951
490,0.0860680265419,-0.0372884219717,0.53135022951
491,0.0843267040481,-0.0372683705632,0.53135022951
492,0.0845038407746,-0.0372711581065,0.53135022951
493,0.0848097556552,-0.0372733993194,0.53135022951
494,0.0850951894725,-0.0372757357248,0.53135022951
495,0.0853253413416,-0.0372780711935,0.53135022951
496,0.0856088884838,-0.0372803991604,0.53135022951
497,0.0858379065102,-0.0372827158185,0.53135022951
498,0.0861619287633,-0.0372850190537,0.53135022951
499,0.0864036484437,-0.0372873077333,0.53135022951
500,0.102137672351,-0.0375231775875,0.534871287959
501,0.0919521943155,-0.0374804668366,0.534852134545
502,0.100803865548,-0.0374160579482,0.534832981131
503,0.0950679806213,-0.0373405288388,0.534813827717
504,0.0986868766456,-0.0373571298345,0.534794674303
505,0.0971321673559,-0.037304043357,0.534775520889
506,0.0971148228509,-0.0372711066539,0.534756367475
507,0.097076899415,-0.0372382549778,0.53473721406
508,0.097078788496,-0.0372056231381,0.534718060646
509,0.0970658766208,-0.0371731303052,0.534698907232
510,0.0971204181818,-0.0371407486129,0.534679753818
511,0.0970861020711,-0.037108457645,0.534660600404
512,0.0476698789299,-0.0364377548954,0.53053035323
513,0.105625595507,-0.0371436868558,0.53053035323
514,0.0881167618297,-0.0369065278073,0.53053035323
515,0.0775503522336,-0.0367719233615,0.53053035323
516,0.0876009474911,-0.0369026390424,0.53053035323
517,0.0857608567695,-0.0368779740317,0.53053035323
518,0.086157296855,-0.0368816924961,0.53053035323
519,0.0863529261058,-0.0368844443233,0.53053035323
520,0.0865628655938,-0.0368871676857,0.53053035323
521,0.0868377421069,-0.0368897559073,0.53053035323
522,0.0869458055719,-0.0368922329713,0.53053035323
523,0.0871604351386,-0.0368946126021,0.53053035323
524,0.104538602717,-0.0371830116484,0.534769386939
525,0.0908054525758,-0.0371909166916,0.534779834256
526,0.102064542447,-0.0372007831502,0.534790281573
527,0.101074806055,-0.0372272205197,0.53480072889
528,0.100171837786,-0.0372420283221,0.534811176206
529,0.100103879179,-0.0372571898174,0.534821623523
530,0.0999900302293,-0.0372733962297,0.53483207084
531,0.0999606156276,-0.0372907680912,0.534842518157
532,0.0999185471076,-0.0373076749307,0.534852965473
533,0.099926826122,-0.0373255795831,0.53486341279
534,0.0999258096692,-0.0373436198189,0.534873860107
535,0.100055199432,-0.0373617921924,0.534884307424
536,0.0720587249489,-0.0370222120986,0.533114201492
537,0.106416966996,-0.0373653716011,0.533114201492
538,0.0952588836069,-0.0372769205697,0.533114201492
539,0.0934374459716,-0.037238577809,0.533114201492
540,0.0961412081796,-0.0372749663498,0.533114201492
541,0.0958344907921,-0.0372701754579,0.533114201492
542,0.095861540492,-0.0372710784815,0.533114201492
543,0.0959961765688,-0.03727244148,0.533114201492
544,0.0960293215262,-0.0372737560333,0.533114201492
545,0.096180267053,-0.0372750304771,0.533114201492
546,0.0962307200771,-0.0372762698672,0.533114201492
547,0.0963128265748,-0.037277478455,0.533114201492
548,0.0958496744234,-0.0372671243435,0.533363586428
549,0.0979138243692,-0.0373040753659,0.533372292526
550,0.0968365917183,-0.0373084522088,0.533380998623
551,0.097056921143,-0.0373266416179,0.53338970472
552,0.0971393026981,-0.0373422682333,0.533398410818
553,0.0971253430362,-0.0373579812227,0.533407116915
554,0.0971091029623,-0.0373736118501,0.533415823012
555,0.0971742396467,-0.0373893117059,0.533424529109
556,0.0971238636069,-0.0374049442096,0.533433235207
557,0.0971811535002,-0.037420641928,0.533441941304
558,0.097172403933,-0.0374362696604,0.533450647401
559,0.0971529666596,-0.0374519078744,0.533459353499
560,0.0764362578333,-0.0371823481355,0.521384727642
561,0.0899057239619,-0.0373664696646,0.527577579367
562,0.0867139897434,-0.037348345901,0.527596732781
563,0.0917373173049,-0.0374570653433,0.527615886195
564,0.09161858139,-0.0374844258716,0.527635039609
565,0.0919339753898,-0.0375199403854,0.527654193023
566,0.0921263240288,-0.0375549060946,0.527673346437
567,0.0924174995246,-0.037589789639,0.527692499851
568,0.0925533411574,-0.0376245909497,0.527711653265
569,0.092852564218,-0.0376593229293,0.52773080668
570,0.0929582115384,-0.0376939955656,0.527749960094
571,0.0932256442442,-0.0377286164899,0.527769113508
572,0.0859267669307,-0.0375236017339,0.528776796483
573,0.100300988505,-0.0376634514583,0.528768090386
574,0.0931096262827,-0.0375690988302,0.528759384289
575,0.0947640117337,-0.037573421835,0.528750678191
576,0.0947803304003,-0.0375825320808,0.528811408778
577,0.0947337888853,-0.03757047154,0.528809015106
578,0.0949401179493,-0.0375586278947,0.528807568299
579,0.0950028629139,-0.0375467964835,0.528806121491
580,0.0952356428665,-0.0375358850244,0.528804674683
581,0.0953590409663,-0.0375240235579,0.528803227876
582,0.0954749203069,-0.0375124322785,0.528801781068
583,0.0954825843757,-0.0375007164702,0.528800334261
584,0.15965132048,-0.0378051473405,0.54333160652
585,0.115414481792,-0.0373862552121,0.542184447646
586,0.1182037611,-0.0374693712347,0.540576458373
587,0.123246772874,-0.037583211147,0.543135140921
588,0.118186520032,-0.0375920998329,0.542189965657
589,0.117921627574,-0.0376366091344,0.542161587562
590,0.117381913847,-0.0376816433384,0.5421595005
591,0.116922655437,-0.0377274847015,0.542164095875
592,0.116454608093,-0.0377735311672,0.542172583889
593,0.116100968433,-0.037820169654,0.542184228758
594,0.115078563282,-0.0378670692684,0.542199228788
595,0.114816113883,-0.0379142652832,0.542217431988
596,0.117325362612,-0.0379884052111,0.542797310303
597,0.113165681431,-0.0379800844748,0.542311758996
598,0.114815204239,-0.0380379626126,0.542574733935
599,0.114088023809,-0.0380688868605,0.542539307106
600,0.113820242676,-0.0381048441918,0.542558521741
601,0.113544876521,-0.0381410743771,0.542575662535
602,0.112140932712,-0.0381799123103,0.54259432178
603,0.112042110696,-0.0382170733612,0.542612996809
604,0.111800247704,-0.0382543898673,0.542631528437
605,0.11161006514,-0.0382917252663,0.542650123148
606,0.111409886178,-0.0383289347015,0.542668784066
607,0.111229381651,-0.038366439742,0.542687547812
608,0.10228167885,-0.0381204415514,0.533206048425
609,0.125487522534,-0.038428705022,0.539652461098
610,0.0858371312836,-0.0379084088407,0.536434112154
611,0.0976690455178,-0.0380889990307,0.534661932351
612,0.0979088292963,-0.038108983914,0.536105350694
613,0.0977638086286,-0.0381283626082,0.5358663347
614,0.0978198355636,-0.0381458753525,0.535867174257
615,0.0978230713145,-0.0381622067633,0.535872542528
616,0.0978869437548,-0.0381789512389,0.535878175986
617,0.0978505233181,-0.0381951641705,0.535883202531
618,0.0978809297801,-0.0382114381001,0.535888059287
619,0.0978465107866,-0.0382276790713,0.535892598843
620,0.11910291341,-0.0387080671479,0.543104584699
621,0.0945266563427,-0.0384199428986,0.541354269901
622,0.111963265178,-0.0386863336662,0.53980997463
623,0.108271899104,-0.0386959145749,0.541264633211
624,0.106965715818,-0.0387373016225,0.540849264079
625,0.106792667311,-0.0387879222501,0.540862690926
626,0.106502413385,-0.0388370196941,0.540877742796
627,0.106399047702,-0.0388864172112,0.540894213315
628,0.106158214084,-0.038936205462,0.540911532109
629,0.105963041451,-0.038985864476,0.540929301603
630,0.105716284663,-0.0390355695529,0.540947406196
631,0.105548380259,-0.0390856118855,0.540965856868
632,0.130058459054,-0.039653178642,0.543060550698
633,0.0915315214892,-0.0391738400534,0.543073359872
634,0.11144140482,-0.0394446475623,0.543086169046
635,0.106392490703,-0.0393983608274,0.54309897822
636,0.106219224542,-0.0394132639823,0.543069353557
637,0.105970619221,-0.0394271137929,0.542887694674
638,0.1056960177,-0.039437555884,0.543019585189
639,0.105445173806,-0.0394480089156,0.542958382753
640,0.105179888828,-0.0394589051238,0.542948745131
641,0.104955211716,-0.0394697261623,0.54294007066
642,0.104722316398,-0.0394804326184,0.542931700913
643,0.104448501465,-0.0394915498935,0.542923411656
644,0.0975675126709,-0.0391114118574,0.535807963582
645,0.11881412024,-0.0393712699581,0.54149921072
646,0.0855388157607,-0.0389207315714,0.538680096145
647,0.0965371055751,-0.0390636664062,0.53635428556
648,0.0959653615259,-0.039053796805,0.538053116562
649,0.0961032779257,-0.0390534538895,0.537717056042
650,0.0960433483966,-0.0390516917911,0.537692462132
651,0.0960699228202,-0.0390494709903,0.537675351871
652,0.0960180686837,-0.0390474026091,0.537658601835
653,0.0959973948292,-0.0390453565093,0.537641582151
654,0.0959783830511,-0.0390429210138,0.537624601267
655,0.0959087158956,-0.0390406021418,0.537607481874
656,0.117949493309,-0.0394163329359,0.542458328225
657,0.0902656072566,-0.0390876897938,0.53840505928
658,0.104390710945,-0.03930283917,0.540433037602
659,0.100657992605,-0.0392866727706,0.539996976299
660,0.10061658328,-0.0393176600221,0.539981766539
661,0.100249908895,-0.0393452640749,0.539980391701
662,0.0999738684441,-0.0393726085113,0.539973215121
663,0.0997068668203,-0.0394000813879,0.539967003902
664,0.0995712798565,-0.0394278546939,0.539960962379
665,0.099286076678,-0.039455462131,0.539955454171
666,0.0990780247447,-0.0394833856656,0.539950164286
667,0.0988036791976,-0.0395111457863,0.539945058891
668,0.125908809432,-0.0399487145342,0.546539513611
669,0.0958971406657,-0.0395875400692,0.546496177102
670,0.110008447188,-0.0397372574114,0.543320053355
671,0.109792797041,-0.0397300140582,0.545401154501
672,0.107423776308,-0.039704024515,0.544818360086
673,0.107338492625,-0.0396981607051,0.544782377191
674,0.107112531896,-0.0396918210021,0.544754830603
675,0.106804609233,-0.0396855623858,0.544727882432
676,0.106913633729,-0.0396796268595,0.544701608166
677,0.106820337253,-0.0396720265745,0.544675637633
678,0.10658871539,-0.0396658437455,0.544650160272
679,0.106397204698,-0.0396602613816,0.54462525524
680,0.0967472322743,-0.039428556003,0.535796994581
681,0.118740025135,-0.0397079722371,0.541786019896
682,0.0819008328396,-0.0392280581714,0.53831206533
683,0.0934749576731,-0.0393954651295,0.536566070638
684,0.0932726107266,-0.0394075092859,0.538025385701
685,0.093741518702,-0.0394230518945,0.537756617412
686,0.093917179771,-0.0394377244615,0.537745639134
687,0.093880430437,-0.0394538030432,0.537745165557
688,0.0938868932606,-0.0394700954041,0.537742880145
689,0.0938002268697,-0.0394858698269,0.537740451313
690,0.093758827309,-0.0395014931498,0.537737578042
691,0.0936983362866,-0.0395172431416,0.537734344943
692,0.0947713459878,-0.0400570903604,0.535068036951
693,0.079617233803,-0.0398325641466,0.535059830797
694,0.0892721425548,-0.0399529456031,0.535051624643
695,0.0875054836445,-0.0399168946007,0.535011856361
696,0.0878996222724,-0.0399214707344,0.535011856361
697,0.0885304424124,-0.0399246800661,0.535011856361
698,0.0889023107413,-0.0399278478005,0.535011856361
699,0.089352807612,-0.0399304736632,0.535011856361
700,0.0895368090849,-0.0399330717366,0.535011856361
701,0.0899949596114,-0.0399352374909,0.535011856361
702,0.0901701525831,-0.0399374040409,0.535011856361
703,0.0905018956717,-0.039939249147,0.535011856361
704,0.0638681988717,-0.0397827547196,0.530923936889
705,0.0939583488227,-0.040115484778,0.530934384206
706,0.0797702499284,-0.0399849471695,0.530944831523
707,0.0835715720145,-0.0400421916942,0.53095527884
708,0.0839626317444,-0.0400645527783,0.530965726156
709,0.0843471823481,-0.0400861312523,0.530976173473
710,0.0847141065818,-0.0401075353109,0.53098662079
711,0.0850280558628,-0.04012851898,0.530997068107
712,0.0852813395586,-0.0401493224332,0.531007515423
713,0.0855508580328,-0.0401699686099,0.53101796274
714,0.0858267816494,-0.0401903355902,0.531028410057
715,0.0860053578066,-0.0402107461676,0.531038857374
716,0.0644767928288,-0.0399602866494,0.529769153631
717,0.0931278128104,-0.0402753692892,0.529777859729
718,0.0795359212636,-0.0401476307891,0.529786565826
719,0.0832362735481,-0.0401996941538,0.529795271923
720,0.0835722190327,-0.0402181667907,0.529803978021
721,0.0840527359571,-0.0402364123706,0.529812684118
722,0.0844318526915,-0.0402543538339,0.529821390215
723,0.0847901988333,-0.0402722957682,0.529830096313
724,0.085140524291,-0.0402900794618,0.52983880241
725,0.0854852965307,-0.0403076394581,0.529847508507
726,0.0858351413533,-0.0403252764095,0.529856214605
727,0.0861498207417,-0.0403428217382,0.529864920702
728,0.111168477152,-0.040714868811,0.530831131848
729,0.0760900199331,-0.0403827182381,0.530850285262
730,0.0946139354915,-0.0406084634713,0.530869438676
731,0.0904328757027,-0.0405984185758,0.53088859209
732,0.0907007527396,-0.040633441247,0.530907745504
733,0.0907888510018,-0.0406674750178,0.530926898918
734,0.0909268518341,-0.0407016645863,0.530946052333
735,0.0911103769048,-0.0407360270611,0.530965205747
736,0.0911663524612,-0.0407701969185,0.530984359161
737,0.0913854946098,-0.0408045259062,0.531003512575
738,0.0914970708983,-0.0408389025419,0.531022665989
739,0.0916633890239,-0.0408730799982,0.531041819403
740,0.107511678263,-0.0410647634779,0.532025211587
741,0.0871563488495,-0.0408561617572,0.532025211587
742,0.0977121243628,-0.0409637311996,0.532025211587
743,0.0956012089821,-0.0409416739094,0.532025211587
744,0.095682350334,-0.0409423405513,0.532025211587
745,0.0959001626469,-0.0409433408577,0.532025211587
746,0.0960272261677,-0.0409444676329,0.532025211587
747,0.0961632528376,-0.0409456556844,0.532025211587
748,0.0963684448795,-0.0409467829782,0.532025211587
749,0.0965537681424,-0.040948014235,0.532025211587
750,0.0967023070894,-0.040949297784,0.532025211587
751,0.0968922722323,-0.0409506008188,0.532025211587
752,0.118975621602,-0.0411230206124,0.538782125627
753,0.0972483368067,-0.0411407684005,0.538792572944
754,0.106941216058,-0.0411585161886,0.538803020261
755,0.104885829448,-0.0411762639768,0.538813467577
756,0.105131194458,-0.0411940117649,0.538823914894
757,0.105426560715,-0.041211759553,0.538834362211
758,0.105534923936,-0.0412295073411,0.538844809528
759,0.105770045639,-0.0412472551293,0.538855256844
760,0.10605519241,-0.0412650029174,0.538865704161
761,0.106228962125,-0.0412827507055,0.538876151478
762,0.106456379924,-0.0413004984936,0.538886598795
763,0.106640828965,-0.0413182462818,0.538897046111
764,0.0582597397202,-0.0406900581494,0.533765239527
765,0.117661482377,-0.0413182462818,0.533765239527
766,0.105409815505,-0.0412614602083,0.533765239527
767,0.086185362371,-0.0409825929311,0.533765239527
768,0.100536959399,-0.0411696032527,0.533765239527
769,0.0978131147858,-0.0411348269814,0.533765239527
770,0.0981448963913,-0.0411379909545,0.533765239527
771,0.0983190473667,-0.0411404424203,0.533765239527
772,0.0984886873953,-0.0411428290708,0.533765239527
773,0.0986507007845,-0.0411451085673,0.533765239527
774,0.0989059604797,-0.0411472872949,0.533765239527
775,0.0989541978564,-0.0411493787825,0.533765239527
776,0.134235998614,-0.0413277426652,0.537630879976
777,0.0925103435993,-0.0413478259286,0.537639586073
778,0.10702549588,-0.0413626157521,0.537648292171
779,0.104268610418,-0.0413774055755,0.537656998268
780,0.104404051733,-0.0413921953989,0.537665704365
781,0.104608782322,-0.0414069852224,0.537674410463
782,0.104997661379,-0.0414217750458,0.53768311656
783,0.105142575566,-0.0414365648693,0.537691822657
784,0.105489783453,-0.0414513546927,0.537700528755
785,0.105721275641,-0.0414661445161,0.537709234852
786,0.106051589277,-0.0414809343396,0.537717940949
787,0.106272840553,-0.041495724163,0.537726647046
788,0.120456955021,-0.041495724163,0.540676823599
789,0.0960597905022,-0.041495724163,0.540676823599
790,0.106452897379,-0.041495724163,0.540676823599
791,0.104828063345,-0.041495724163,0.540676823599
792,0.104323954462,-0.041495724163,0.540676823599
793,0.103996857865,-0.041495724163,0.540676823599
794,0.104019920344,-0.041495724163,0.540676823599
795,0.103749465543,-0.041495724163,0.540676823599
796,0.103619908696,-0.041495724163,0.540676823599
797,0.103482124681,-0.041495724163,0.540676823599
798,0.103363465497,-0.041495724163,0.540676823599
799,0.103210170721,-0.041495724163,0.540676823599
800,0.0998104493962,-0.041495724163,0.540381805944
801,0.102810912199,-0.041495724163,0.540381805944
802,0.102289967815,-0.041495724163,0.540381805944
803,0.101851153645,-0.041495724163,0.540381805944
804,0.102121166251,-0.041495724163,0.540381805944
805,0.101827011975,-0.041495724163,0.540381805944
806,0.10202882715,-0.041495724163,0.540381805944
807,0.101800682542,-0.041495724163,0.540381805944
808,0.101894745436,-0.041495724163,0.540381805944
809,0.101871244076,-0.041495724163,0.540381805944
810,0.101762041198,-0.041495724163,0.540381805944
811,0.101565792414,-0.041495724163,0.540381805944
812,0.0950918501257,-0.041495724163,0.538906717668
813,0.104559873429,-0.041495724163,0.538906717668
814,0.100170075565,-0.041495724163,0.538906717668
815,0.101135168107,-0.041495724163,0.538906717668
816,0.101278215567,-0.041495724163,0.538906717668
817,0.101269262434,-0.041495724163,0.538906717668
818,0.101410934396,-0.041495724163,0.538906717668
819,0.101463769744,-0.041495724163,0.538906717668
820,0.101425516919,-0.041495724163,0.538906717668
821,0.10158217508,-0.041495724163,0.538906717668
822,0.101544041261,-0.041495724163,0.538906717668
823,0.101713628519,-0.041495724163,0.538906717668
824,0.142891100358,-0.0415282617746,0.541876047634
825,0.0925586116302,-0.0415607993861,0.541895201049
826,0.108499083402,-0.0415933369977,0.541914354463
827,0.11213025615,-0.0416258746093,0.541933507877
828,0.108736994363,-0.0416584122208,0.541952661291
829,0.109064294145,-0.0416909498324,0.541971814705
830,0.109755292767,-0.041723487444,0.541990968119
831,0.109711296991,-0.0417560250555,0.542010121533
832,0.109990059724,-0.0417885626671,0.542029274947
833,0.110387537119,-0.0418211002787,0.542048428361
834,0.110392608222,-0.0418536378902,0.542067581775
835,0.110867421601,-0.0418861755018,0.542086735189
836,0.111183720552,-0.0419039232899,0.538458631424
837,0.113580922468,-0.041921671078,0.538469078741
838,0.102841391632,-0.0419394188662,0.538479526058
839,0.105035304613,-0.0419571666543,0.538489973375
840,0.105289202924,-0.0419749144424,0.538500420691
841,0.105518520714,-0.0419926622305,0.538510868008
842,0.105586261231,-0.0420104100187,0.538521315325
843,0.105690943451,-0.0420281578068,0.538531762642
844,0.105872310056,-0.0420459055949,0.538542209958
845,0.105965721492,-0.042063653383,0.538552657275
846,0.106036139797,-0.0420814011712,0.538563104592
847,0.106180205795,-0.0420991489593,0.538573551909
848,0.135253420278,-0.0421316865709,0.532931365259
849,0.0935344639832,-0.0421642241824,0.538807604463
850,0.104721251779,-0.042196761794,0.538826757877
851,0.104995689214,-0.0422292994056,0.538845911291
852,0.10953565503,-0.0422618370171,0.538865064705
853,0.105071510527,-0.0422943746287,0.53888421812
854,0.106036606309,-0.0423269122402,0.538903371534
855,0.106225705244,-0.0423594498518,0.538922524948
856,0.106213713849,-0.0423919874634,0.538941678362
857,0.106129122618,-0.0424245250749,0.538960831776
858,0.106307794496,-0.0424570626865,0.53897998519
859,0.106150236798,-0.0424896002981,0.538999138604
860,0.113041472774,-0.0425073480862,0.539402942794
861,0.10433492427,-0.0425250958743,0.539413390111
862,0.108407192608,-0.0425428436624,0.539423837428
863,0.107775531722,-0.0425605914506,0.539434284745
864,0.109072891406,-0.0426751200071,0.539715535129
865,0.109009615198,-0.0427016660469,0.539750600906
866,0.109673508402,-0.0427649842668,0.539888559224
867,0.110181944495,-0.0428283024866,0.540026517542
868,0.110165007314,-0.0428916207065,0.54016447586
869,0.110788428997,-0.0429549389264,0.540302434178
870,0.11114192474,-0.0430182571462,0.540440392496
871,0.111478199317,-0.0430815753661,0.540578350814
872,0.15523174582,-0.0431271457978,0.545787620788
873,0.109973348676,-0.0431727162296,0.54591513179
874,0.117233519168,-0.0432182866613,0.546042642791
875,0.124687359218,-0.043263857093,0.546170153792
876,0.120273254515,-0.0433094275248,0.546297664794
877,0.119983534886,-0.0433549979565,0.546425175795
878,0.119459823148,-0.0433812799134,0.546498715556
879,0.118608408779,-0.0434075618704,0.546572255316
880,0.117901616046,-0.0434338438273,0.546645795077
881,0.117262404945,-0.0434601257842,0.546719334837
882,0.11666716215,-0.0434864077411,0.546792874598
883,0.11601445699,-0.043512689698,0.546866414359
884,0.110295496467,-0.0435064340434,0.544658998682
885,0.119996448884,-0.0435001783888,0.544713385028
886,0.116311299884,-0.0434939227341,0.544767771375
887,0.116564923708,-0.0434750285778,0.544822157721
888,0.116022216882,-0.0434516833403,0.544876544068
889,0.116293944118,-0.0434387069439,0.544930930414
890,0.115808310549,-0.043406919763,0.544947126585
891,0.115476572069,-0.0433771183548,0.544963322755
892,0.115144777186,-0.0433474584013,0.544979518926
893,0.114913256399,-0.0433178801784,0.544995715096
894,0.114852704077,-0.0432884398736,0.545011911267
895,0.114563171034,-0.0432589134956,0.545028107437
896,0.112782996573,-0.0432210378705,0.543971278302
897,0.116397924759,-0.0432286614338,0.54399618057
898,0.115250607163,-0.0432055312429,0.544021082838
899,0.115410922423,-0.0431940529937,0.544045985105
900,0.11562554411,-0.0431808349493,0.544070887373
901,0.115768273111,-0.0431673642573,0.544095789641
902,0.115820689159,-0.0431494879333,0.544105542087
903,0.115881210191,-0.0431318197619,0.544115294532
904,0.11598444742,-0.0431141957876,0.544125046978
905,0.116184480956,-0.0430981241594,0.544134799424
906,0.116255101508,-0.0430809970694,0.54414455187
907,0.116423491713,-0.0430636988597,0.544154304316
908,0.113178125767,-0.0430202166201,0.542306058928
909,0.121774248417,-0.0430550776549,0.542326258691
910,0.117957465257,-0.0430402769696,0.542346458453
911,0.118804169233,-0.0430437199754,0.542366658216
912,0.118905137602,-0.0430428219371,0.542386857979
913,0.119071868244,-0.0430441497641,0.542407057741
914,0.119043243595,-0.0430393566475,0.542408635848
915,0.119066952722,-0.0430350654198,0.542410213954
916,0.119049138265,-0.0430310031393,0.54241179206
917,0.119032744559,-0.0430271804779,0.542413370167
918,0.119053518638,-0.0430234838373,0.542414948273
919,0.118989125707,-0.0430200782088,0.54241652638
920,0.0648437135557,-0.0423656689664,0.535381177586
921,0.117704683501,-0.0429365211387,0.535363602279
922,0.11088876005,-0.0428492823005,0.535346026971
923,0.102726445023,-0.0427017514059,0.535328451663
924,0.10163426734,-0.0426451221239,0.535310876356
925,0.107182394903,-0.0426880826684,0.535293301048
926,0.105220938452,-0.0426257178918,0.535268466451
927,0.105275816466,-0.0425907103168,0.535243631853
928,0.105223323177,-0.042554223735,0.535218797256
929,0.105067233154,-0.0425171573538,0.535193962659
930,0.104916810233,-0.0424799334037,0.535169128062
931,0.10474743465,-0.0424422449448,0.535144293464
932,0.064409940197,-0.0418683301162,0.532768023722
933,0.114938169542,-0.042439977057,0.532751895222
934,0.0895084744129,-0.0421236882044,0.532735766722
935,0.09535165628,-0.0421720150996,0.532719638222
936,0.095215215483,-0.0421496189524,0.532703509722
937,0.0951109489881,-0.042128118156,0.532687381222
938,0.0946609194197,-0.042092783575,0.532617281481
939,0.0942326479307,-0.0420559131712,0.532547181741
940,0.0939068487034,-0.0420211711295,0.532477082
941,0.093450548197,-0.0419867302704,0.532406982259
942,0.0931706232453,-0.0419526404856,0.532336882519
943,0.0928120085908,-0.0419186594851,0.532266782778
944,0.114837538306,-0.042205729948,0.534763950033
945,0.0990349219867,-0.0420946653329,0.534704297609
946,0.101315456017,-0.0420586255824,0.534644645186
947,0.0998336879925,-0.0420392172618,0.534584992762
948,0.100706622208,-0.0420417671926,0.534525340338
949,0.0994137937655,-0.0420128930924,0.534465687914
950,0.0993237662743,-0.0420087326281,0.534451169335
951,0.099212908948,-0.0420041098942,0.534436650755
952,0.0992066634624,-0.0419995246233,0.534422132176
953,0.0990172049854,-0.0419949921539,0.534407613597
954,0.0990696163583,-0.0419906490374,0.534393095017
955,0.0989648195141,-0.0419862954352,0.534378576438
956,0.113160193577,-0.0421287853754,0.531907441034
957,0.0927500570442,-0.042048907769,0.537791411924
958,0.10328870362,-0.0421097829161,0.537776893345
959,0.100739878013,-0.0420902106883,0.537762374765
960,0.100751600532,-0.0420866388423,0.537747856186
961,0.100685096295,-0.0420832395187,0.537733337607
962,0.100060267305,-0.0420575373101,0.537636757492
963,0.0995902130606,-0.0420333181493,0.537540177377
964,0.0990802124809,-0.0420092411101,0.537443597262
965,0.0986104867931,-0.0419850354029,0.537347017147
966,0.098051575864,-0.0419607842383,0.537250437032
967,0.0976248419299,-0.0419366793638,0.537153856918
968,0.102073176277,-0.0419985456161,0.538739490833
969,0.091828185155,-0.0419355283412,0.538653358035
970,0.09608185919,-0.0419570011262,0.538567225237
971,0.0946765509789,-0.0419455365578,0.538481092439
972,0.0941833996589,-0.0419388451886,0.53839495964
973,0.0938985011682,-0.0419347807975,0.538308826842
974,0.0934654098005,-0.0419281615353,0.538217959725
975,0.0930711356241,-0.0419214760657,0.538127092608
976,0.0925897831461,-0.0419145088975,0.53803622549
977,0.0924571624491,-0.0419122899505,0.537945358373
978,0.0918884618566,-0.0419016353355,0.537854491255
979,0.0911904802545,-0.0418908549278,0.537763624138
980,0.0830788524832,-0.0418004234502,0.532613097554
981,0.096614444638,-0.0418918254987,0.532530936534
982,0.0901064617335,-0.0418886429213,0.532448775513
983,0.0875485638632,-0.0418073017653,0.532103386337
984,0.0881479047161,-0.0418459536384,0.532122539751
985,0.0884346068964,-0.0418828820881,0.532141693165
986,0.0887704198269,-0.0419190356937,0.532160846579
987,0.0894714790834,-0.0419546273751,0.532179999993
988,0.0899704714286,-0.0419897815949,0.532199153408
989,0.0902763202985,-0.0420245792449,0.532218306822
990,0.0906420421319,-0.0420590785183,0.532237460236
991,0.0909659148566,-0.0420933214444,0.53225661365
992,0.0689622057527,-0.0418066510194,0.533572199511
993,0.101085968364,-0.0421323907874,0.533582646828
994,0.0933856808222,-0.0420950120875,0.533593094145
995,0.090414325479,-0.0420603760346,0.533603541462
996,0.0939533610899,-0.04212269504,0.533613988778
997,0.0940303491772,-0.0421366904668,0.533624436095
998,0.094448313443,-0.0421579196151,0.533634883412
999,0.0949125688536,-0.0421787567083,0.533645330729
1000,0.0953184246243,-0.0421994475586,0.533655778045
1001,0.0957617151865,-0.0422199669818,0.533666225362
1002,0.0960232260609,-0.0422403265485,0.533676672679
1003,0.0963938226483,-0.0422605474888,0.533687119996
1004,0.103861173643,-0.0423446600284,0.535669557353
1005,0.0924248837281,-0.0423771976399,0.535688710767
1006,0.0979810590414,-0.0424097352515,0.535707864181
1007,0.0969918232521,-0.0424422728631,0.535727017595
1008,0.0970984950004,-0.0424748104746,0.535746171009
1009,0.0971786407057,-0.0425073480862,0.535765324423
1010,0.0973064792057,-0.0425398856978,0.535784477837
1011,0.0973213754028,-0.0425724233093,0.535803631251
1012,0.0974992556434,-0.0426049609209,0.535822784666
1013,0.0975229203328,-0.0426374985324,0.53584193808
1014,0.0976660385432,-0.042670036144,0.535861091494
1015,0.097709606725,-0.0427025737556,0.535880244908
1016,0.0967507221655,-0.042670036144,0.535271056183
1017,0.0998792340584,-0.0426374985324,0.535251902769
1018,0.0984152830072,-0.0426049609209,0.535232749355
1019,0.0989085338633,-0.0425724233093,0.535213595941
1020,0.0989194167514,-0.0425398856978,0.535194442527
1021,0.0990260936549,-0.0425073480862,0.535175289113
1022,0.0990659822318,-0.0424748104746,0.535156135699
1023,0.0991822692121,-0.0424422728631,0.535136982285
1024,0.0991615680249,-0.0424097352515,0.535117828871
1025,0.0993275605557,-0.0423771976399,0.535098675456
1026,0.0993065098601,-0.0423446600284,0.535079522042
1027,0.0993896783217,-0.0423121224168,0.535060368628
1028,0.104937445871,-0.0422943746287,0.537901758646
1029,0.0899653419847,-0.0422766268406,0.537891311329
1030,0.0972000197926,-0.0422588790524,0.537880864012
1031,0.0958517294846,-0.0422411312643,0.537870416696
1032,0.0958072625281,-0.0422233834762,0.537859969379
1033,0.0959090168981,-0.042205635688,0.537849522062
1034,0.0960034373934,-0.0421878878999,0.537839074745
1035,0.0960478811116,-0.0421701401118,0.537828627428
1036,0.0961485640633,-0.0421523923237,0.537818180112
1037,0.0961903151019,-0.0421346445355,0.537807732795
1038,0.0963257471968,-0.0421168967474,0.537797285478
1039,0.0963902999534,-0.0420991489593,0.537786838161
1040,0.0891710905575,-0.0419699541251,0.532850723826
1041,0.109345059474,-0.0420340737362,0.532831570412
1042,0.102998895507,-0.0420015361246,0.532812416998
1043,0.100135283107,-0.0419250623876,0.532793263584
1044,0.102925015351,-0.0419178351381,0.53277411017
1045,0.102940656699,-0.0418838103909,0.532754956756
1046,0.1032502897,-0.0418516433117,0.532735803342
1047,0.103538153821,-0.0418201668502,0.532716649927
1048,0.103874423342,-0.0417887262248,0.532697496513
1049,0.104066192108,-0.0417572731531,0.532678343099
1050,0.104430601911,-0.0417257971294,0.532659189685
1051,0.104696674587,-0.0416943008598,0.532640036271
1052,0.111033206141,-0.0417086976205,0.535393534387
1053,0.0965344588857,-0.0417086976205,0.535393534387
1054,0.103464723237,-0.0417086976205,0.535393534387
1055,0.102050670193,-0.0417086976205,0.535393534387
1056,0.101964312257,-0.0417086976205,0.535393534387
1057,0.102077894369,-0.0417086976205,0.535393534387
1058,0.102105052227,-0.0417086976205,0.535393534387
1059,0.102159205891,-0.0417086976205,0.535393534387
1060,0.102213145224,-0.0417086976205,0.535393534387
1061,0.102213154512,-0.0417086976205,0.535393534387
1062,0.102296306253,-0.0417086976205,0.535393534387
1063,0.102361068474,-0.0417086976205,0.535393534387
1064,0.13458770381,-0.0416864400243,0.539513334244
1065,0.087785171192,-0.0416732020443,0.539502886927
1066,0.103451514296,-0.0416554542561,0.539492439611
1067,0.111505270946,-0.041637706468,0.539481992294
1068,0.105089362858,-0.0416199586799,0.539471544977
1069,0.105912000115,-0.0416022108918,0.53946109766
1070,0.106166900195,-0.0415844631036,0.539450650344
1071,0.106094886346,-0.0415667153155,0.539440203027
1072,0.10617366713,-0.0415489675274,0.53942975571
1073,0.106140650629,-0.0415312197393,0.539419308393
1074,0.106207167841,-0.0415134719511,0.539408861077
1075,0.106186116896,-0.041495724163,0.53939841376
1076,0.106530091233,-0.0414809343396,0.536242852673
1077,0.108590715377,-0.0414661445161,0.536234146575
1078,0.100602145843,-0.0414513546927,0.536225440478
1079,0.102602660737,-0.0414365648693,0.536216734381
1080,0.10308081688,-0.0414217750458,0.536208028284
1081,0.103436327619,-0.0414069852224,0.536199322186
1082,0.103798462373,-0.0413921953989,0.536190616089
1083,0.104249896536,-0.0413774055755,0.536181909992
1084,0.104465032612,-0.0413626157521,0.536173203894
1085,0.104935967478,-0.0413478259286,0.536164497797
1086,0.105231342909,-0.0413330361052,0.5361557917
1087,0.105541695591,-0.0413182462818,0.536147085602
1088,0.102350846046,-0.0413182462818,0.534967014981
1089,0.108627718395,-0.0413182462818,0.534967014981
1090,0.105680384652,-0.0413182462818,0.534967014981
1091,0.105973159742,-0.0413182462818,0.534967014981
1092,0.105966726933,-0.0413182462818,0.534967014981
1093,0.105927374064,-0.0413182462818,0.534967014981
1094,0.105647279274,-0.0413182462818,0.534967014981
1095,0.105620201393,-0.0413182462818,0.534967014981
1096,0.105509919082,-0.0413182462818,0.534967014981
1097,0.105325489003,-0.0413182462818,0.534967014981
1098,0.105238801963,-0.0413182462818,0.534967014981
1099,0.105032216589,-0.0413182462818,0.534967014981
1100,0.106532600489,-0.0413182462818,0.535360371855
1101,0.104069441805,-0.0413182462818,0.535360371855
1102,0.105599147101,-0.0413182462818,0.535360371855
1103,0.10540648895,-0.0413182462818,0.535360371855
1104,0.105648429311,-0.0413182462818,0.535360371855
1105,0.105743522493,-0.0413182462818,0.535360371855
1106,0.105993137328,-0.0413182462818,0.535360371855
1107,0.106105809465,-0.0413182462818,0.535360371855
1108,0.106286095439,-0.0413182462818,0.535360371855
1109,0.106455766995,-0.0413182462818,0.535360371855
1110,0.106670690327,-0.0413182462818,0.535360371855
1111,0.106810320094,-0.0413182462818,0.535360371855
1112,0.132977047842,-0.0413182462818,0.538703905281
1113,0.0949876325661,-0.0413182462818,0.538703905281
1114,0.10765572592,-0.0413182462818,0.538703905281
1115,0.117924683882,-0.0413182462818,0.538703905281
1116,0.110419332728,-0.0413182462818,0.538703905281
1117,0.111327111742,-0.0413182462818,0.538703905281
1118,0.111695136976,-0.0413182462818,0.538703905281
1119,0.111294635709,-0.0413182462818,0.538703905281
1120,0.111500130522,-0.0413182462818,0.538703905281
1121,0.111377543514,-0.0413182462818,0.538703905281
1122,0.111392952923,-0.0413182462818,0.538703905281
1123,0.111344822087,-0.0413182462818,0.538703905281
1124,0.111068968991,-0.0413330361052,0.538712611379
1125,0.110955769483,-0.0413478259286,0.538721317476
1126,0.110711292013,-0.0413626157521,0.538730023573
1127,0.110776984581,-0.0413774055755,0.538738729671
1128,0.110402125683,-0.0413921953989,0.538747435768
1129,0.110367014835,-0.0414069852224,0.538756141865
1130,0.11025363363,-0.0414217750458,0.538764847963
1131,0.109969355061,-0.0414365648693,0.53877355406
1132,0.109898875581,-0.0414513546927,0.538782260157
1133,0.109647403276,-0.0414661445161,0.538790966255
1134,0.109742819256,-0.0414809343396,0.538799672352
1135,0.109303887517,-0.041495724163,0.538808378449
1136,0.0958310001429,-0.0415282617746,0.535021635946
1137,0.113150734788,-0.0415607993861,0.53504078936
1138,0.103886796372,-0.0415933369977,0.535059942774
1139,0.105533736573,-0.0416258746093,0.535079096188
1140,0.105801367196,-0.0416584122208,0.535098249602
1141,0.105822372206,-0.0416909498324,0.535117403016
1142,0.105846376041,-0.041723487444,0.53513655643
1143,0.105840604366,-0.0417560250555,0.535155709845
1144,0.106000604533,-0.0417885626671,0.535174863259
1145,0.106023568461,-0.0418211002787,0.535194016673
1146,0.10606403659,-0.0418536378902,0.535213170087
1147,0.106152428878,-0.0418861755018,0.535232323501
1148,0.125578272294,-0.0419039232899,0.538389625807
1149,0.0950894933044,-0.041921671078,0.538400073124
1150,0.107622215599,-0.0419394188662,0.538410520441
1151,0.112730910023,-0.0419571666543,0.538420967758
1152,0.108588134263,-0.0420319902802,0.538591119447
1153,0.10931402534,-0.0420549267808,0.538616085343
1154,0.110721516602,-0.0421391126489,0.5388124336
1155,0.11212453772,-0.042223298517,0.539008781857
1156,0.112962481599,-0.042307484385,0.539205130114
1157,0.113972041156,-0.0423916702531,0.53940147837
1158,0.114575824752,-0.0424758561212,0.539597826627
1159,0.115792226961,-0.0425600419892,0.539794174884
1160,0.111189328585,-0.0425436570579,0.539636304024
1161,0.118723308478,-0.0425272721266,0.539773450819
1162,0.115805315153,-0.0425108871953,0.539910597614
1163,0.116843414794,-0.042494502264,0.540047744409
1164,0.116954706601,-0.0424781173326,0.540184891204
1165,0.117032118657,-0.0424617324013,0.540322037999
1166,0.116562680112,-0.0423996642402,0.540331358172
1167,0.11667333534,-0.042337596079,0.540340678344
1168,0.11666981058,-0.0422755279179,0.540349998517
1169,0.117427341413,-0.0422134597567,0.540359318689
1170,0.117507266419,-0.0421447231651,0.540368638862
1171,0.11651009731,-0.0420580967725,0.540377959034
1172,0.114484533265,-0.0419873101085,0.539315995121
1173,0.118239182606,-0.0419529786503,0.53933576261
1174,0.116559181933,-0.0418874255957,0.539355530099
1175,0.116766731286,-0.0418308906382,0.539375297589
1176,0.116753357049,-0.0417731448445,0.539395065078
1177,0.116726550779,-0.0417158363135,0.539414832567
1178,0.116559645234,-0.041651951514,0.539407456625
1179,0.116579998003,-0.0415903868686,0.539400080684
1180,0.116624164082,-0.041529159276,0.539392704742
1181,0.116556447734,-0.0414666780939,0.5393853288
1182,0.11643553092,-0.0414028137594,0.539377952859
1183,0.116271762456,-0.0413389836397,0.539370576917
1184,0.115011941179,-0.0412205538607,0.5379760046
1185,0.119529530409,-0.0411666718477,0.537958181342
1186,0.117066319183,-0.0410722869541,0.537940358083
1187,0.117224417518,-0.0409925640438,0.537922534825
1188,0.1170339859,-0.0409107670687,0.537904711567
1189,0.116767223994,-0.0408286359226,0.537886888308
1190,0.116403043303,-0.0407413205101,0.537850759015
1191,0.116059762595,-0.0406543136354,0.537814629721
1192,0.115667068272,-0.0405673778045,0.537778500428
1193,0.115636848799,-0.0404805332725,0.537742371135
1194,0.115957390511,-0.0403937813957,0.537706241841
1195,0.115576887531,-0.0403041871189,0.537670112548
1196,0.108308059343,-0.0401280587259,0.534704701336
1197,0.120709767209,-0.0401730514819,0.534689466676
1198,0.11603958519,-0.0400792736976,0.534674232016
1199,0.116606102923,-0.0400372019497,0.534658997356
1200,0.117021752495,-0.0399885607554,0.534643762697
1201,0.117204458693,-0.0399392759396,0.534628528037
1202,0.116790103121,-0.039868720225,0.534533441191
1203,0.116290939237,-0.0397970503037,0.534438354344
1204,0.11595679039,-0.0397279256292,0.534343267498
1205,0.115572306981,-0.0396598884753,0.534248180652
1206,0.115272845066,-0.0395922857273,0.534153093806
1207,0.114953806937,-0.0395239402139,0.534058006959
1208,0.118604002391,-0.0396111633298,0.538602275574
1209,0.103141564685,-0.0395096979611,0.538524600922
1210,0.115444249058,-0.0395239615257,0.538446926271
1211,0.111638401887,-0.0394715792526,0.538369251619
1212,0.110985128021,-0.0394340755891,0.538291576967
1213,0.11009513262,-0.0393946011338,0.538213902316
1214,0.109044074082,-0.0393324916491,0.538035544472
1215,0.107983437089,-0.0392692381373,0.537857186629
1216,0.106594852214,-0.0392059071142,0.537678828786
1217,0.10553306906,-0.0391430441903,0.537500470943
1218,0.104509489259,-0.0390805501533,0.5373221131
1219,0.103873941939,-0.0390265505608,0.537143755256
1220,0.0950852483548,-0.0388829079185,0.532856044873
1221,0.109467263939,-0.038958520356,0.532698581663
1222,0.10199905134,-0.0388689744023,0.532541118453
1223,0.102335710805,-0.0388665316469,0.532383655244
1224,0.102621285534,-0.0388525282027,0.532226192034
1225,0.102576474346,-0.038840117786,0.532068728824
1226,0.103487593338,-0.0388810495941,0.532150190931
1227,0.104183673548,-0.0389205935771,0.532231653039
1228,0.104488647982,-0.0389536831623,0.532313115146
1229,0.105024807917,-0.038990501266,0.532394577253
1230,0.105558765616,-0.0390272957289,0.53247603936
1231,0.106092318788,-0.0390632797689,0.532557501467
1232,0.116099163601,-0.0391737563583,0.535873710465
1233,0.0982454332229,-0.0391204535136,0.535944725256
1234,0.106153110911,-0.0391635297871,0.536015740046
1235,0.105103763297,-0.0391780151144,0.536086754836
1236,0.105100508891,-0.0391892283399,0.536157769627
1237,0.105301617946,-0.0392033318591,0.536228784417
1238,0.104702173525,-0.0391837857589,0.536170394478
1239,0.104325433039,-0.0391672018546,0.536112004539
1240,0.103996510933,-0.0391511130007,0.536053614601
1241,0.103717617968,-0.0391355297927,0.535995224662
1242,0.103438451828,-0.0391203411169,0.535936834723
1243,0.103221807341,-0.0391054673769,0.535878444785
1244,0.11846937212,-0.0391379982161,0.537000125467
1245,0.0993130159534,-0.0390805359696,0.536941735528
1246,0.104846164937,-0.0390862054937,0.53688334559
1247,0.106022466035,-0.0390671069969,0.536824955651
1248,0.104613256904,-0.0390580610581,0.536766565712
1249,0.104987338125,-0.0390452599267,0.536708175773
1250,0.10475899537,-0.0390384538365,0.536674088674
1251,0.104784526471,-0.0390312571623,0.536640001575
1252,0.105010531644,-0.0390239832168,0.536605914475
1253,0.104790035356,-0.0390167758806,0.536571827376
1254,0.104842918387,-0.0390063869186,0.536537740277
1255,0.104289690559,-0.0389952163072,0.536503653177
1256,0.0979113167076,-0.038993448958,0.535022337313
1257,0.104828809898,-0.0390636800975,0.535016109725
1258,0.101629035073,-0.0390918068049,0.535009882137
1259,0.101900787344,-0.0391299994903,0.535003654549
1260,0.101718377271,-0.0391667783779,0.534997426961
1261,0.101412790154,-0.039203453881,0.534991199373
1262,0.101152692501,-0.0392413028629,0.534989074862
1263,0.100932850537,-0.0392790495672,0.534986950351
1264,0.100671560119,-0.0393166966909,0.53498482584
1265,0.100208148199,-0.0393515813579,0.534982701328
1266,0.100031104118,-0.0393899122359,0.534980576817
1267,0.0998629380129,-0.0394292462626,0.534978452306
1268,0.0983817360373,-0.0394521965877,0.533797998393
1269,0.102970900376,-0.0395100254451,0.533797615101
1270,0.101551879584,-0.0395597565714,0.53379723181
1271,0.100894834908,-0.0395196922982,0.533551295154
1272,0.100694762078,-0.039573095354,0.533580895885
1273,0.101276133454,-0.0396256145445,0.533610496616
1274,0.101506086811,-0.0396777367717,0.533640097347
1275,0.10178337282,-0.0397295838194,0.533669698077
1276,0.101956159491,-0.0397812205013,0.533699298808
1277,0.10214138135,-0.0398326867509,0.533728899539
1278,0.102210165661,-0.0398836334083,0.53375850027
1279,0.102327492881,-0.0399339188079,0.533788101001
1280,0.102561637238,-0.0399842042076,0.534181725004
1281,0.0995897010003,-0.0400344896073,0.534211325735
1282,0.101189263488,-0.040084775007,0.534240926466
1283,0.100895010371,-0.0401350604067,0.534270527197
1284,0.101026888775,-0.0401853458064,0.534300127927
1285,0.101045824112,-0.0402356312061,0.534329728658
1286,0.101087287571,-0.0402859166058,0.534359329389
1287,0.101137660474,-0.0403362020055,0.53438893012
1288,0.101253613088,-0.0403864874052,0.534418530851
1289,0.101202103784,-0.0404367728048,0.534448131582
1290,0.1013485365,-0.0404870582045,0.534477732313
1291,0.101415387206,-0.0405373436042,0.534507333043
1292,0.148176531958,-0.0398876330755,0.538066698321
1293,0.102096064319,-0.0406024188274,0.538085851735
1294,0.106690389321,-0.0406349564389,0.538105005149
1295,0.111730494223,-0.0406674940505,0.538124158563
1296,0.10936433241,-0.040700031662,0.538143311977
1297,0.109119042165,-0.0407325692736,0.538162465391
1298,0.109264592197,-0.0407651068852,0.538181618805
1299,0.109187242217,-0.0407976444967,0.538200772219
1300,0.10919802722,-0.0408301821083,0.538219925633
1301,0.10932763704,-0.0408627197199,0.538239079048
1302,0.109226464986,-0.0408952573314,0.538258232462
1303,0.109248304379,-0.040927794943,0.538277385876
1304,0.09955832959,-0.040927794943,0.537687350565
1305,0.11304184047,-0.040927794943,0.537687350565
1306,0.1067168219,-0.040927794943,0.537687350565
1307,0.108362633125,-0.040927794943,0.537687350565
1308,0.108412048255,-0.040927794943,0.537687350565
1309,0.108852816761,-0.040927794943,0.537687350565
1310,0.108996269001,-0.040927794943,0.537687350565
1311,0.109139170451,-0.040927794943,0.537687350565
1312,0.109387170532,-0.040927794943,0.537687350565
1313,0.109526331095,-0.040927794943,0.537687350565
1314,0.10974568806,-0.040927794943,0.537687350565
1315,0.109893239354,-0.040927794943,0.537687350565
1316,0.13660774508,-0.0408952573314,0.539241624646
1317,0.101395396659,-0.0408627197199,0.539222471232
1318,0.118170822998,-0.0408301821083,0.539203317818
1319,0.11505801677,-0.0407976444967,0.539184164404
1320,0.114794808761,-0.0407651068852,0.53916501099
1321,0.114648275352,-0.0407325692736,0.539145857575
1322,0.114961159425,-0.040700031662,0.539126704161
1323,0.114728768271,-0.0406674940505,0.539107550747
1324,0.115108370147,-0.0406349564389,0.539088397333
1325,0.114974006435,-0.0406024188274,0.539069243919
1326,0.115156708327,-0.0405698812158,0.539050090505
1327,0.115074854636,-0.0405373436042,0.539030937091
1328,0.102771799773,-0.0405846710392,0.535616923957
1329,0.110312552053,-0.0406319984742,0.535644783469
1330,0.101851305881,-0.0406793259092,0.53567264298
1331,0.107460324583,-0.0407266533442,0.535700502492
1332,0.10609521042,-0.0407739807792,0.535728362003
1333,0.106523367857,-0.0408213082142,0.535756221514
1334,0.107104845911,-0.0408686356492,0.535784081026
1335,0.107644359685,-0.0409159630842,0.535811940537
1336,0.107768498054,-0.0409632905192,0.535839800049
1337,0.108257952063,-0.0410106179542,0.53586765956
1338,0.108388343305,-0.0410579453892,0.535895519071
1339,0.108835669547,-0.0411052728242,0.535923378583
1340,0.121996587673,-0.0411230206124,0.536720539647
1341,0.104316971291,-0.0411407684005,0.536730986964
1342,0.112570563135,-0.0411585161886,0.53674143428
1343,0.110740465304,-0.0411762639768,0.536751881597
1344,0.110609425759,-0.0411940117649,0.536762328914
1345,0.110357917049,-0.041211759553,0.536772776231
1346,0.110368715596,-0.0412295073411,0.536783223548
1347,0.110090955193,-0.0412472551293,0.536793670864
1348,0.110159675841,-0.0412650029174,0.536804118181
1349,0.10960096004,-0.0412827507055,0.536814565498
1350,0.109939373136,-0.0413004984936,0.536825012815
1351,0.109525074444,-0.0413182462818,0.536835460131
1352,0.127251241898,-0.0413330361052,0.538490727684
1353,0.103284343359,-0.0413478259286,0.538499433781
1354,0.114576835825,-0.0413626157521,0.538508139878
1355,0.112489118732,-0.0413774055755,0.538516845976
1356,0.11221200097,-0.0413921953989,0.538525552073
1357,0.112255021222,-0.0414069852224,0.53853425817
1358,0.11218194839,-0.0414217750458,0.538542964267
1359,0.112325810969,-0.0414365648693,0.538551670365
1360,0.112061929131,-0.0414513546927,0.538560376462
1361,0.112348981833,-0.0414661445161,0.538569082559
1362,0.112372796034,-0.0414809343396,0.538577788657
1363,0.112151384462,-0.041495724163,0.538586494754
1364,0.0986701051264,-0.0415134719511,0.536335140047
1365,0.111033502979,-0.0415312197393,0.536345587364
1366,0.105884743681,-0.0415489675274,0.536356034681
1367,0.106977919757,-0.0415667153155,0.536366481997
1368,0.107352888557,-0.0415844631036,0.536376929314
1369,0.107646248541,-0.0416022108918,0.536387376631
1370,0.107881498807,-0.0416199586799,0.536397823948
1371,0.108049390447,-0.041637706468,0.536408271264
1372,0.108373374801,-0.0416554542561,0.536418718581
1373,0.108599124636,-0.0416732020443,0.536429165898
1374,0.108765016968,-0.0416909498324,0.536439613215
1375,0.109050190813,-0.0417086976205,0.536450060531
1376,0.106195919202,-0.0417086976205,0.535565007566
1377,0.111832716947,-0.0417086976205,0.535565007566
1378,0.109066009533,-0.0417086976205,0.535565007566
1379,0.109601223326,-0.0417086976205,0.535565007566
1380,0.109515560226,-0.0417086976205,0.535565007566
1381,0.109487174523,-0.0417086976205,0.535565007566
1382,0.109410273122,-0.0417086976205,0.535565007566
1383,0.109420226008,-0.0417086976205,0.535565007566
1384,0.10922840838,-0.0417086976205,0.535565007566
1385,0.109257108976,-0.0417086976205,0.535565007566
1386,0.109142072947,-0.0417086976205,0.535565007566
1387,0.109045333295,-0.0417086976205,0.535565007566
1388,0.107399726919,-0.041723487444,0.534983678352
1389,0.110651360924,-0.0417382772674,0.53499238445
1390,0.109150857746,-0.0417530670908,0.535001090547
1391,0.109267497631,-0.0417678569143,0.535009796644
1392,0.109329934112,-0.0417826467377,0.535018502742
1393,0.109232991721,-0.0417974365612,0.535027208839
1394,0.109135542359,-0.0418122263846,0.535035914936
1395,0.109084074745,-0.041827016208,0.535044621034
1396,0.108989622965,-0.0418418060315,0.535053327131
1397,0.108967758827,-0.0418565958549,0.535062033228
1398,0.10887314253,-0.0418713856783,0.535070739325
1399,0.10875845728,-0.0418861755018,0.535079445423
1400,0.141694792026,-0.0419039232899,0.538040069292
1401,0.0986289563884,-0.041921671078,0.538050516609
1402,0.111803303285,-0.0419394188662,0.538060963926
1403,0.114033384361,-0.0419571666543,0.538071411243
1404,0.110506856844,-0.0419749144424,0.538081858559
1405,0.110503034426,-0.0419926622305,0.538092305876
1406,0.110290783772,-0.0420104100187,0.538102753193
1407,0.109957382707,-0.0420281578068,0.53811320051
1408,0.109292536089,-0.0420459055949,0.538123647826
1409,0.10910002144,-0.042063653383,0.538134095143
1410,0.108452784713,-0.0420814011712,0.53814454246
1411,0.108018248112,-0.0420991489593,0.538154989777
1412,0.0988539919028,-0.0420991489593,0.534757117534
1413,0.114239575648,-0.0420991489593,0.534757117534
1414,0.106350004933,-0.0420991489593,0.534757117534
1415,0.107624183347,-0.0420991489593,0.534757117534
1416,0.107931966124,-0.0420991489593,0.534757117534
1417,0.108051316171,-0.0420991489593,0.534757117534
1418,0.10799169452,-0.0420991489593,0.534757117534
1419,0.108152816505,-0.0420991489593,0.534757117534
1420,0.108161482275,-0.0420991489593,0.534757117534
1421,0.10823875375,-0.0420991489593,0.534757117534
1422,0.108271299714,-0.0420991489593,0.534757117534
1423,0.108286525244,-0.0420991489593,0.534757117534
1424,0.112246133833,-0.0421168967474,0.532191017317
1425,0.105168402775,-0.0421346445355,0.532201464634
1426,0.108508409673,-0.0421523923237,0.532211911951
1427,0.107927320093,-0.0421701401118,0.532222359268
1428,0.107852715221,-0.0421878878999,0.532232806584
1429,0.107836584675,-0.042205635688,0.532243253901
1430,0.107903821455,-0.0422233834762,0.532253701218
1431,0.107835710886,-0.0422411312643,0.532264148535
1432,0.107908804113,-0.0422588790524,0.532274595851
1433,0.1078797686,-0.0422766268406,0.532285043168
1434,0.107921738065,-0.0422943746287,0.532295490485
1435,0.107884565598,-0.0423121224168,0.532305937802
1436,0.117002182675,-0.0423121224168,0.534699075932
1437,0.113451931573,-0.0423121224168,0.534699075932
1438,0.115181268202,-0.0423121224168,0.534699075932
1439,0.11498233945,-0.0423121224168,0.534699075932
1440,0.115178954826,-0.0423369379984,0.534768512616
1441,0.115319351157,-0.0423391939604,0.534774825042
1442,0.11550744116,-0.0423495713855,0.534803862201
1443,0.115583982846,-0.0423599488105,0.53483289936
1444,0.115680490741,-0.0423703262356,0.534861936518
1445,0.115763216603,-0.0423807036606,0.534890973677
1446,0.115972028103,-0.0423910810857,0.534920010836
1447,0.116008983911,-0.0424014585107,0.534949047994
1448,0.128181931056,-0.0419919737794,0.54178288494
1449,0.132649373595,-0.0419195489834,0.541308218751
1450,0.129649360149,-0.0418964184492,0.539755800781
1451,0.128548372941,-0.0418598238164,0.540750342073
1452,0.128572742311,-0.041827371326,0.54042335205
1453,0.128074088727,-0.0417952293905,0.540376864883
1454,0.127543771917,-0.0417562679302,0.540320884282
1455,0.126953230702,-0.0417175668107,0.540268166317
1456,0.126411944918,-0.0416791902509,0.540218879806
1457,0.125513609647,-0.0416433479144,0.540172315633
1458,0.125091158504,-0.0416058747077,0.540127967337
1459,0.124703327026,-0.041568620255,0.540085566404
1460,0.119321433632,-0.0415059464227,0.53917521921
1461,0.125446167014,-0.0415724024598,0.539930204528
1462,0.121937749155,-0.0415347711141,0.539535094298
1463,0.122514397125,-0.0415423049487,0.539597795748
1464,0.122164949698,-0.0415411989743,0.539588040937
1465,0.121463328216,-0.0415426807626,0.539575449327
1466,0.121191083279,-0.0415397081133,0.539555389964
1467,0.121023770524,-0.0415366117868,0.539536010184
1468,0.12071783685,-0.0415338356618,0.539517351569
1469,0.120558274203,-0.0415308505092,0.539499422642
1470,0.12031946534,-0.0415280045823,0.539482208351
1471,0.120111886583,-0.0415253643072,0.53946575924
1472,0.157192531917,-0.0420396419544,0.545315552708
1473,0.116563043384,-0.0416058788545,0.545296083672
1474,0.129723292397,-0.0416202829144,0.545276614637
1475,0.134030921423,-0.0416518502051,0.544711939769
1476,0.12985668041,-0.0415783059513,0.544659233595
1477,0.129819661019,-0.0415432863747,0.544818400849
1478,0.129541060486,-0.0415110191471,0.54465885461
1479,0.129240500441,-0.0414792621441,0.544615863944
1480,0.129023631119,-0.0414476310192,0.544577778453
1481,0.128698505922,-0.0414158911924,0.544540727877
1482,0.128439509638,-0.0413844917436,0.544504907371
1483,0.128151354888,-0.0413531027088,0.544470090972
1484,0.0874588993815,-0.0407849533293,0.535840928577
1485,0.135470718461,-0.0414078014647,0.553072703656
1486,0.114086453949,-0.0411083120306,0.541851546906
1487,0.117783099732,-0.0411794727246,0.539330701505
1488,0.117971806639,-0.0411838985178,0.540648257918
1489,0.117967655248,-0.0411872817295,0.540439835002
1490,0.117824287015,-0.0411920045626,0.540438522422
1491,0.117823893513,-0.0411967690319,0.540446943117
1492,0.117767526534,-0.0412014940454,0.540453161801
1493,0.117707439725,-0.0412058469315,0.540459316749
1494,0.117697092849,-0.0412102851002,0.54046512287
1495,0.117680404004,-0.0412148138581,0.54047063663
1496,0.139706278274,-0.0416171363053,0.541418070664
1497,0.107741356753,-0.0412386023988,0.541418801391
1498,0.123857790729,-0.0413901981,0.541419532119
1499,0.119660814127,-0.0413190351458,0.541420262846
1500,0.119436037547,-0.0412909257798,0.541420993573
1501,0.119105017573,-0.04126183249,0.5414217243
1502,0.118621157077,-0.0412220547394,0.54139120852
1503,0.118199226359,-0.0411824853433,0.541360692739
1504,0.117802685327,-0.0411432945368,0.541242770004
1505,0.117459973827,-0.0411038475644,0.541232270982
1506,0.117026515562,-0.0410645017801,0.541181831073
1507,0.116736345592,-0.0410255322326,0.541134355788
1508,0.153575861436,-0.04135072686,0.546098454987
1509,0.106767265153,-0.0408528990578,0.546097539938
1510,0.127773626725,-0.0411340988507,0.544719446695
1511,0.123340771943,-0.0410797484067,0.54532832441
1512,0.122878928768,-0.0410912882653,0.545279349047
1513,0.12200997009,-0.0411012709,0.545182391843
1514,0.121774001852,-0.0411116504049,0.545157179211
1515,0.121247849232,-0.0411221464904,0.545133913788
1516,0.120968592863,-0.0411330944423,0.545111191952
1517,0.120502060446,-0.0411440299189,0.545089184548
1518,0.120165546697,-0.0411548907859,0.545067750004
1519,0.119791968806,-0.0411661503619,0.545046832354
1520,0.102857542867,-0.0408367034689,0.535710987764
1521,0.135677855452,-0.0412580986092,0.541564522796
1522,0.0965304298342,-0.0407480882554,0.541562497769
1523,0.108510164373,-0.0409233037068,0.536314361521
1524,0.107784129168,-0.0409255312077,0.539102828815
1525,0.107692025755,-0.0409373595728,0.538681652981
1526,0.107496766394,-0.0409472598387,0.538608633351
1527,0.107327746927,-0.0409571591074,0.538591323445
1528,0.107123110699,-0.0409669297817,0.538571923051
1529,0.106920612751,-0.040976363439,0.538553032277
1530,0.106705516375,-0.0409859893985,0.53853402335
1531,0.106494009559,-0.0409953013362,0.538514894001
1532,0.147956975389,-0.0416620446953,0.545958075508
1533,0.104309000021,-0.0412147122656,0.545963657207
1534,0.116473308951,-0.0413430492214,0.544859630546
1535,0.120488318369,-0.0414243738553,0.544149579403
1536,0.116271621336,-0.0414109291769,0.544990370729
1537,0.116169559015,-0.0414374476589,0.544678120942
1538,0.116259551344,-0.0414580198148,0.544640924592
1539,0.115699367961,-0.0414787826325,0.544616263238
1540,0.115237571589,-0.0415000041559,0.544591176791
1541,0.11490012218,-0.0415214306951,0.544567360544
1542,0.114464724491,-0.041543359139,0.544544155599
1543,0.113913861879,-0.0415643026014,0.544521719869
1544,0.0877363550544,-0.0411843207789,0.539066622551
1545,0.119474272094,-0.0415755594128,0.550467902686
1546,0.106048294423,-0.0413652739989,0.54138555764
1547,0.108251666349,-0.0414018208975,0.54177363378
1548,0.108941846614,-0.0413934455301,0.541766210153
1549,0.10922711321,-0.0413831268603,0.541724563165
1550,0.10935844883,-0.0413776655381,0.541698863405
1551,0.109560206034,-0.0413723516044,0.541672401076
1552,0.109698141879,-0.0413669426575,0.541645815539
1553,0.109639719222,-0.0413610392127,0.54161921202
1554,0.109778944563,-0.0413555541654,0.541592587488
1555,0.109827527402,-0.0413501998229,0.541566005589
1556,0.100638121271,-0.0416520906464,0.536024012896
1557,0.102998254092,-0.0416738326798,0.536010756802
1558,0.102768824001,-0.0416660794014,0.535997500708
1559,0.103113913077,-0.0416507548912,0.535931220237
1560,0.103664728514,-0.0416542939068,0.535931220237
1561,0.104013252709,-0.0416569763495,0.535931220237
1562,0.104419259842,-0.0416595002423,0.535931220237
1563,0.104585937848,-0.0416614020895,0.535931220237
1564,0.104882757091,-0.0416632893954,0.535931220237
1565,0.10488656431,-0.0416646707504,0.535931220237
1566,0.105120094381,-0.041666105497,0.535931220237
1567,0.105223151774,-0.0416671225841,0.535931220237
1568,0.121280377098,-0.0419039232899,0.536760261686
1569,0.0969147568677,-0.041921671078,0.536770709003
1570,0.106852721582,-0.0419394188662,0.53678115632
1571,0.10482583212,-0.0419571666543,0.536791603637
1572,0.10482804491,-0.0419749144424,0.536802050953
1573,0.104942166498,-0.0419926622305,0.53681249827
1574,0.104946215767,-0.0420104100187,0.536822945587
1575,0.105026087517,-0.0420281578068,0.536833392904
1576,0.105063066479,-0.0420459055949,0.53684384022
1577,0.105196456681,-0.042063653383,0.536854287537
1578,0.10505283912,-0.0420814011712,0.536864734854
1579,0.105164844755,-0.0420991489593,0.536875182171
1580,0.0824637162167,-0.0418396559812,0.533640435279
1581,0.116079134071,-0.0421346445355,0.533650882596
1582,0.107823305753,-0.0421398029945,0.533661329913
1583,0.099207047192,-0.0420187501223,0.53367177723
1584,0.1059206092,-0.0421252451532,0.533682224547
1585,0.104818249821,-0.0421263486352,0.533692671863
1586,0.10481013039,-0.042144979247,0.53370311918
1587,0.105158337944,-0.0421636448338,0.533713566497
1588,0.105148599074,-0.0421822793733,0.533724013814
1589,0.105271528411,-0.042200687157,0.53373446113
1590,0.105222322705,-0.0422192178697,0.533744908447
1591,0.105396623303,-0.0422377442651,0.533755355764
1592,0.112832747752,-0.0423121224168,0.535882484117
1593,0.0982143429446,-0.0423121224168,0.535882484117
1594,0.105215631137,-0.0423121224168,0.535882484117
1595,0.103945087459,-0.0423121224168,0.535882484117
1596,0.103838332828,-0.0423121224168,0.535882484117
1597,0.103744088913,-0.0423121224168,0.535882484117
1598,0.10375656882,-0.0423121224168,0.535882484117
1599,0.103836603464,-0.0423121224168,0.535882484117
1600,0.103803893194,-0.0423121224168,0.535882484117
1601,0.103789374093,-0.0423121224168,0.535882484117
1602,0.103851042307,-0.0423121224168,0.535882484117
1603,0.103849206817,-0.0423121224168,0.535882484117
1604,0.102141141167,-0.0422943746287,0.534790305398
1605,0.10772554617,-0.0422766268406,0.534779858081
1606,0.105080750444,-0.0422588790524,0.534769410764
1607,0.105609184025,-0.0422411312643,0.534758963447
1608,0.105638521059,-0.0422233834762,0.534748516131
1609,0.105699899347,-0.042205635688,0.534738068814
1610,0.105729236768,-0.0421878878999,0.534727621497
1611,0.105735462377,-0.0421701401118,0.53471717418
1612,0.105770860391,-0.0421523923237,0.534706726864
1613,0.105754842131,-0.0421346445355,0.534696279547
1614,0.106008334313,-0.0421168967474,0.53468583223
1615,0.105894484798,-0.0420991489593,0.534675384913
1616,0.0732554690857,-0.0417446181269,0.535040249755
1617,0.114083421484,-0.0421346445355,0.535050697072
1618,0.106041143383,-0.0421523923237,0.535061144389
1619,0.0959468937946,-0.0420101995805,0.535071591706
1620,0.102076383396,-0.0421095202402,0.535082039022
1621,0.101904003884,-0.0421256609427,0.535092486339
1622,0.10151383383,-0.0421409807233,0.535102933656
1623,0.101568257831,-0.0421603794822,0.535113380973
1624,0.101629144025,-0.042179730808,0.53512382829
1625,0.101560650075,-0.0421990005005,0.535134275606
1626,0.101591626806,-0.0422181907372,0.535144722923
1627,0.10144372142,-0.0422373106505,0.53515517024
1628,0.107222188145,-0.0422943746287,0.535814930226
1629,0.101995013803,-0.0422766268406,0.535804482909
1630,0.103163769333,-0.0422389144669,0.535794035592
1631,0.102816548137,-0.0422226294869,0.535783588276
1632,0.103451472406,-0.0422136172955,0.535773140959
1633,0.103287083021,-0.0421924863282,0.535762693642
1634,0.103385741297,-0.0421754790368,0.535752246325
1635,0.103504222673,-0.0421585043663,0.535741799009
1636,0.103587204943,-0.0421415411176,0.535731351692
1637,0.103739401815,-0.0421245795995,0.535720904375
1638,0.10378961861,-0.0421076166311,0.535710457058
1639,0.103941506276,-0.0420906507586,0.535700009742
1640,0.0884970780322,-0.0419084182254,0.534418099477
1641,0.108319318847,-0.0420991489593,0.534418099477
1642,0.103598805622,-0.0420713866081,0.534418099477
1643,0.10144107602,-0.0420297812128,0.534418099477
1644,0.103765536039,-0.0420593623387,0.534418099477
1645,0.103660748462,-0.0420556265542,0.534418099477
1646,0.103985664539,-0.0420568961124,0.534418099477
1647,0.104283281653,-0.0420580968623,0.534418099477
1648,0.104466467496,-0.0420592642373,0.534418099477
1649,0.104840255976,-0.042060398799,0.534418099477
1650,0.105047174322,-0.0420615050857,0.534418099477
1651,0.105351613063,-0.0420625870746,0.534418099477
1652,0.111686182357,-0.0420814011712,0.536472775747
1653,0.100783327076,-0.042063653383,0.53646232843
1654,0.106018238205,-0.0420459055949,0.536451881113
1655,0.10491973072,-0.0420281578068,0.536441433796
1656,0.10496509417,-0.0420104100187,0.53643098648
1657,0.104891175548,-0.0419926622305,0.536420539163
1658,0.105011612286,-0.0419749144424,0.536410091846
1659,0.104952471161,-0.0419571666543,0.536399644529
1660,0.105056630204,-0.0419394188662,0.536389197213
1661,0.105038186251,-0.041921671078,0.536378749896
1662,0.105284055894,-0.0419039232899,0.536368302579
1663,0.105220211265,-0.0418861755018,0.536357855262
1664,0.114079573264,-0.0418861755018,0.539209692597
1665,0.0963438339729,-0.0418861755018,0.539209692597
1666,0.105073462173,-0.0418861755018,0.539209692597
1667,0.103559927928,-0.0418861755018,0.539209692597
1668,0.103523694965,-0.0418861755018,0.539209692597
1669,0.10373055219,-0.0418861755018,0.539209692597
1670,0.103816387006,-0.0418861755018,0.539209692597
1671,0.104069482695,-0.0418861755018,0.539209692597
1672,0.104226420256,-0.0418861755018,0.539209692597
1673,0.104489933196,-0.0418861755018,0.539209692597
1674,0.104600380594,-0.0418861755018,0.539209692597
1675,0.104806921541,-0.0418861755018,0.539209692597
1676,0.0997663326184,-0.0419039232899,0.537646712419
1677,0.109611413218,-0.041921671078,0.537657159735
1678,0.104755248746,-0.0419394188662,0.537667607052
1679,0.105503508654,-0.0419571666543,0.537678054369
1680,0.105440002422,-0.0419749144424,0.537688501686
1681,0.105330806356,-0.0419926622305,0.537698949002
1682,0.10520320608,-0.0420104100187,0.537709396319
1683,0.105075303747,-0.0420281578068,0.537719843636
1684,0.104840501958,-0.0420459055949,0.537730290953
1685,0.104821375102,-0.042063653383,0.53774073827
1686,0.104598538094,-0.0420814011712,0.537751185586
1687,0.104430350718,-0.0420991489593,0.537761632903
1688,0.0873132181217,-0.0419089344316,0.533434707292
1689,0.117190496751,-0.0420991489593,0.533434707292
1690,0.108756461206,-0.0420971100142,0.533434707292
1691,0.102636009884,-0.0419960213479,0.533434707292
1692,0.107804076962,-0.0420605168303,0.533434707292
1693,0.106989757145,-0.0420490284042,0.533434707292
1694,0.107170744627,-0.0420503942264,0.533434707292
1695,0.107273996887,-0.0420516275137,0.533434707292
1696,0.107512667704,-0.0420528390269,0.533434707292
1697,0.1075405776,-0.0420540139506,0.533434707292
1698,0.107732757024,-0.0420551551859,0.533434707292
1699,0.107860469732,-0.0420562663245,0.533434707292
1700,0.112043175217,-0.0420866242774,0.533970403787
1701,0.107986865394,-0.0420437934885,0.533970403787
1702,0.110226096232,-0.0420659427723,0.533970403787
1703,0.109818629512,-0.0420616134708,0.533970403787
1704,0.109956336415,-0.0420622022701,0.533970403787
1705,0.110251967875,-0.0420628171757,0.533970403787
1706,0.110296957988,-0.0420634500715,0.533970403787
1707,0.110515400108,-0.0420641034483,0.533970403787
1708,0.110640030839,-0.0420647712087,0.533970403787
1709,0.110735110116,-0.0420654473247,0.533970403787
1710,0.110891069791,-0.0420661293326,0.533970403787
1711,0.111056384858,-0.0420668154836,0.533970403787
1712,0.122840495916,-0.0420991489593,0.533163962185
1713,0.101357237032,-0.0420991489593,0.533163962185
1714,0.110212961052,-0.0420991489593,0.533163962185
1715,0.10872631873,-0.0420991489593,0.533163962185
1716,0.108243489259,-0.0420991489593,0.533163962185
1717,0.108216493457,-0.0420991489593,0.533163962185
1718,0.108083076739,-0.0420991489593,0.533163962185
1719,0.108037823739,-0.0420991489593,0.533163962185
1720,0.107813147369,-0.0420991489593,0.533163962185
1721,0.1078131366,-0.0420991489593,0.533163962185
1722,0.107663971066,-0.0420991489593,0.533163962185
1723,0.107358701358,-0.0420991489593,0.533163962185
1724,0.109118853417,-0.042067593054,0.5328036022
1725,0.118574182956,-0.0420468907595,0.5328036022
1726,0.11413438046,-0.0420528541332,0.5328036022
1727,0.115513472053,-0.0420752299801,0.532873038883
1728,0.115182806114,-0.0420771273476,0.532879982552
1729,0.115349453254,-0.0420789861947,0.53288692622
1730,0.115364654932,-0.042084479476,0.53290396977
1731,0.115565383302,-0.0420901940123,0.53292101332
1732,0.115590582362,-0.0420957414721,0.532938056869
1733,0.115612549653,-0.0421015421091,0.532955100419
1734,0.115759296441,-0.0421072969151,0.532972143969
1735,0.115789992665,-0.0421130765796,0.532989187518
1736,0.14043889544,-0.0418818026901,0.543765494226
1737,0.122436249046,-0.0417000578112,0.543782537775
1738,0.130098791516,-0.0417824691422,0.543724311441
1739,0.127866939099,-0.0417653879778,0.541225303879
1740,0.127226959739,-0.0417626897038,0.543039961597
1741,0.126483727968,-0.0417622944805,0.542471786991
1742,0.125413436271,-0.0417642346054,0.542435537504
1743,0.124962591765,-0.0417686225118,0.542420467212
1744,0.124599086287,-0.041771918035,0.542407680902
1745,0.124221001652,-0.0417750492239,0.542398694389
1746,0.123951074651,-0.041778643741,0.542392352697
1747,0.12383309004,-0.0417823601014,0.542388323816
1748,0.14579947916,-0.0420408545702,0.545376086846
1749,0.115166219114,-0.0417130592893,0.544344195118
1750,0.130120833198,-0.0418635677581,0.543971922553
1751,0.12603626845,-0.0418113576524,0.544438606583
1752,0.125884971046,-0.0417981503391,0.544271011353
1753,0.125534726531,-0.0417838089078,0.544252735101
1754,0.125209789944,-0.0417676589411,0.544234334471
1755,0.124893809257,-0.0417517756047,0.544216499555
1756,0.124564856646,-0.0417357319037,0.5441997423
1757,0.12430372494,-0.0417199826956,0.544183813543
1758,0.124036498508,-0.0417043643789,0.54416859338
1759,0.123680182986,-0.0416885699762,0.544154034619
1760,0.159593940402,-0.0421119840222,0.54793724119
1761,0.111406676264,-0.041622844427,0.547944631778
1762,0.134642385895,-0.0418414403458,0.547952022367
1763,0.12949865758,-0.0417830481571,0.547388938648
1764,0.128895194898,-0.0417669988701,0.547633896877
1765,0.128517144486,-0.0417531391496,0.547613173907
1766,0.128118164448,-0.0417383071797,0.547539332259
1767,0.12772794652,-0.0417235487668,0.547513402316
1768,0.127452202928,-0.0417088238853,0.547489558395
1769,0.127035720886,-0.0416944393252,0.547466738319
1770,0.126780501914,-0.0416799669742,0.547444934548
1771,0.126356918497,-0.0416655550295,0.547424091866
1772,0.152296848968,-0.0419668293311,0.549761152728
1773,0.115557045598,-0.0415801262617,0.549762067778
1774,0.133661356234,-0.0417503596131,0.549762982828
1775,0.129229584774,-0.0416909953982,0.549763897878
1776,0.128698219061,-0.0416730902417,0.549764812927
1777,0.128403403092,-0.0416550649754,0.549765727977
1778,0.127910257682,-0.0416348480006,0.549758752494
1779,0.12757314758,-0.0416147052977,0.549751777012
1780,0.127133682976,-0.0415944877688,0.549744801529
1781,0.126790976316,-0.0415745953391,0.549737826047
1782,0.126414793429,-0.0415547863606,0.549730850564
1783,0.126067444413,-0.0415348149479,0.549654464077
1784,0.139727284775,-0.041822500254,0.548800175233
1785,0.123853485864,-0.0417297252092,0.548803647067
1786,0.125678721913,-0.0416984064349,0.548807118901
1787,0.127562163948,-0.0417379892066,0.548810590735
1788,0.126159743192,-0.0417228701206,0.54881406257
1789,0.125830840282,-0.041720157749,0.548817534404
1790,0.125337242473,-0.0417144711379,0.548810275114
1791,0.12505200507,-0.0417091581657,0.548803015824
1792,0.124639304402,-0.0417036622422,0.548795756535
1793,0.124314825074,-0.0416982897676,0.548788497245
1794,0.123970812132,-0.0416932149107,0.548781237955
1795,0.123811850453,-0.0416897555723,0.548773978666
1796,0.0928547998489,-0.0411243307394,0.548996810433
1797,0.133750890014,-0.041589316695,0.548980845046
1798,0.115329971106,-0.0413363810789,0.548512471208
1799,0.118205030027,-0.0413681386657,0.548017566172
1800,0.11837036274,-0.0413503012258,0.548479069427
1801,0.118261232214,-0.0413309934146,0.548266657772
1802,0.117924120821,-0.0413090349391,0.548214609511
1803,0.117693669184,-0.0412873333392,0.548170002485
1804,0.117443576049,-0.0412654074551,0.548125360212
1805,0.117210857519,-0.0412433716784,0.548081733293
1806,0.116890422649,-0.0412216475143,0.548038715189
1807,0.11675355038,-0.0411997786299,0.547996254672
1808,0.108775064412,-0.0410823165367,0.546523795753
1809,0.119064627722,-0.0411667263125,0.547688474507
1810,0.113604651068,-0.0410896578583,0.547053212898
1811,0.114601638225,-0.0410768149532,0.547132645184
1812,0.114299734324,-0.0410523060537,0.547098829718
1813,0.114095727946,-0.0410275901875,0.547057907677
1814,0.11377042063,-0.0410019180634,0.547015088645
1815,0.113563388283,-0.0409763438308,0.546972263116
1816,0.113317873782,-0.0409505359193,0.546929651383
1817,0.113003112595,-0.0409249897415,0.546887261652
1818,0.112853510681,-0.0408993184619,0.546845088713
1819,0.112506919546,-0.0408736365531,0.546803144162
1820,0.0939840791284,-0.0405428170862,0.538772338197
1821,0.123091637258,-0.040889677414,0.54379550213
1822,0.0909965412493,-0.0404644903252,0.543410380439
1823,0.100490551292,-0.0405860311485,0.538654511378
1824,0.100733409978,-0.0405767655338,0.541406198546
1825,0.10067508703,-0.0405721789839,0.540865047153
1826,0.100516206754,-0.040565433596,0.540812208825
1827,0.100305032507,-0.0405586606838,0.540783717139
1828,0.100183292068,-0.0405517384943,0.540750446146
1829,0.0999666386108,-0.0405445387801,0.540717858467
1830,0.0998850086531,-0.0405376436135,0.540685057339
1831,0.100181767144,-0.0405303383882,0.540652092843
1832,0.121195342907,-0.0408033809195,0.544784485924
1833,0.0939017826488,-0.0404787919155,0.541235494318
1834,0.107873704026,-0.0406334225517,0.542947953137
1835,0.104289204732,-0.0405862161,0.542547972132
1836,0.104620336553,-0.0405789942843,0.542496264225
1837,0.104642666864,-0.0405684237461,0.542462501018
1838,0.104432481876,-0.0405626028292,0.542435531486
1839,0.104599925881,-0.0405570450135,0.542409476923
1840,0.104651593398,-0.0405511613214,0.542383635659
1841,0.104440204653,-0.0405452842617,0.542357993536
1842,0.104336409796,-0.0405397339217,0.542332520297
1843,0.104477211144,-0.0405341383966,0.542307199245
1844,0.080564044405,-0.0406746997235,0.535410890877
1845,0.101842512297,-0.0409081176386,0.536062403104
1846,0.092087441678,-0.0408216476665,0.536059909948
1847,0.0950889045765,-0.040865299932,0.536057416792
1848,0.0952242721351,-0.0408698177908,0.536015470975
1849,0.0957357964799,-0.0408916250182,0.536025918291
1850,0.0960692032485,-0.0409125811916,0.536036365608
1851,0.0963777837946,-0.0409333469097,0.536046812925
1852,0.0967189664842,-0.0409536087757,0.536057260242
1853,0.0968761922971,-0.0409737513663,0.536067707559
1854,0.0971805431456,-0.0409935453947,0.536078154875
1855,0.0974414360259,-0.0410132383484,0.536088602192
1856,0.0792842035026,-0.0409564417875,0.532490637593
1857,0.0990887905259,-0.0411755766733,0.53249934369
1858,0.0898565294625,-0.0410957544246,0.532508049788
1859,0.0926346328711,-0.0411375011294,0.532516755885
1860,0.093057205602,-0.0411561204345,0.532525461982
1861,0.0934339684142,-0.0411745947375,0.53253416808
1862,0.093783814927,-0.0411924993919,0.532542874177
1863,0.0941839070631,-0.0412103700103,0.532551580274
1864,0.0943421370393,-0.0412279036445,0.532560286372
1865,0.0946850125783,-0.0412453085746,0.532568992469
1866,0.0948842195026,-0.0412625990121,0.532577698566
1867,0.0952625375348,-0.0412796843164,0.532586404664
1868,0.0954027171456,-0.0413145372797,0.532605558078
1869,0.0957179528499,-0.0413509091346,0.532624711492
1870,0.0959241399824,-0.0413854499037,0.532643864906
1871,0.0960584316649,-0.0414200307582,0.53266301832
1872,0.0962135275583,-0.0414543596261,0.532682171734
1873,0.0964252353823,-0.0414888051323,0.532701325148
1874,0.0965334024152,-0.0415232250116,0.532720478562
1875,0.0966906351607,-0.041557402492,0.532739631976
1876,0.0968553660538,-0.0415917084766,0.53275878539
1877,0.0969550474003,-0.0416260156068,0.532777938804
1878,0.0971603915399,-0.0416600866733,0.532797092218
1879,0.0972597925727,-0.0416942871442,0.532816245632
1880,0.0726482367173,-0.0414297816409,0.530813126812
1881,0.103168301189,-0.0417463262808,0.530813126812
1882,0.0885315395812,-0.041595106626,0.530813126812
1883,0.0922332455607,-0.0416336001092,0.530813126812
1884,0.09265010266,-0.041636824646,0.530813126812
1885,0.0928674287498,-0.0416398815435,0.530813126812
1886,0.0931804602667,-0.0416426178061,0.530813126812
1887,0.0934830668334,-0.0416451243468,0.530813126812
1888,0.0936935768623,-0.0416476656337,0.530813126812
1889,0.0939790208544,-0.0416499382122,0.530813126812
1890,0.0941693945221,-0.041652198598,0.530813126812
1891,0.0943890741053,-0.0416544758447,0.530813126812
1892,0.121254941843,-0.0418329321374,0.52824897019
1893,0.0990829985177,-0.041779688773,0.534093976338
1894,0.105824164145,-0.0416887537322,0.534062634387
1895,0.10151820179,-0.0416027770422,0.534031292437
1896,0.104583350065,-0.0415914703017,0.533999950487
1897,0.103376703349,-0.0415209141055,0.533968608536
1898,0.10337808795,-0.0414673783448,0.533937266586
1899,0.103550028998,-0.0414140760905,0.533905924636
1900,0.103491087711,-0.0413609214979,0.533874582686
1901,0.103622124318,-0.0413078642482,0.533843240735
1902,0.103709325326,-0.0412548693662,0.533811898785
1903,0.103765535181,-0.0412018487587,0.533780556835
1904,0.0545095633346,-0.0404941904169,0.533021901007
1905,0.116736879852,-0.0411407684005,0.532990559057
1906,0.0996782626079,-0.0409361566504,0.532959217106
1907,0.0848008672472,-0.0406681845822,0.532927875156
1908,0.0978348028054,-0.0407816987062,0.532896533206
1909,0.095424392712,-0.0406968516784,0.532865191255
1910,0.0959863586907,-0.0406474157038,0.532833849305
1911,0.0962839372106,-0.0405968449154,0.532802507355
1912,0.0965987541393,-0.040546206663,0.532771165404
1913,0.0969702091024,-0.0404953817669,0.532739823454
1914,0.0972438728152,-0.0404444621606,0.532708481504
1915,0.0975008568621,-0.0403934298783,0.532677139554
1916,0.116795060661,-0.0405550913923,0.534987771619
1917,0.102698379492,-0.040501848028,0.534956429669
1918,0.102807826887,-0.0403579583012,0.534925087719
1919,0.104588004179,-0.0403438079496,0.534893745768
1920,0.104835167916,-0.040295276983,0.534862403818
1921,0.104351121265,-0.0402347812505,0.534831061868
1922,0.104504510564,-0.0401819732663,0.534799719918
1923,0.10459612367,-0.0401293411714,0.534768377967
1924,0.104678863588,-0.0400767428154,0.534737036017
1925,0.104848713897,-0.040024236095,0.534705694067
1926,0.104956973551,-0.0399717913959,0.534674352116
1927,0.105100167126,-0.039919380388,0.534643010166
