23.4082178443,23.6953926171,23.4112771559,
23.416184831,23.6842248405,23.4225343641,
23.4238848403,23.6739327429,23.4336251975,
23.4313747619,23.6644958555,23.4445529859,
23.4385638047,23.6558616229,23.4553186927,
23.4455554918,23.6479840529,23.4659239475,
23.4522439278,23.6408150816,23.4763696513,
23.458644377,23.6343094335,23.4866567894,
23.4649326249,23.6284313192,23.4967874899,
23.4855743162,23.6236336846,23.5026617303,
23.4946509774,23.619333883,23.5167027282,
23.5090437261,23.6160116155,23.5268356529,
23.5214208234,23.613416621,23.5377831102,
23.5330797562,23.6115092477,23.5487200841,
23.5440715908,23.6102289353,23.5596026031,
23.5545065741,23.6095310993,23.5704208691,
23.5645488208,23.6093713189,23.5811646194,
23.5742672091,23.6097109301,23.5918266464,
23.5835049578,23.6105023788,23.6023997991,
23.5924897473,23.6117135031,23.6128796509,
23.6012042632,23.6133133121,23.6232623272,
23.617389867,23.6158114046,23.6254293894,
23.6192732041,23.6180767408,23.6371010869,
23.6283917648,23.6208216351,23.6437327881,
23.6354824637,23.6237647509,23.6513832674,
23.6424125533,23.626927184,23.659011171,
23.6489822245,23.630280394,23.6665808002,
23.6553063181,23.6337702581,23.6740925233,
23.6614239317,23.6373820958,23.681543575,
23.6673633084,23.6411027965,23.6889328353,
23.673131987,23.6449204207,23.6962593102,
23.6787535418,23.6488242672,23.7035223625,
23.6842496563,23.6528051176,23.7107215522,
23.6875223572,23.6565360551,23.7334179123,
23.7034360935,23.6610505614,23.7375554838,
23.7049299774,23.6651961522,23.7529795517,
23.7111749264,23.6695465578,23.7657774477,
23.7171626894,23.6739868857,23.7782908908,
23.7231891024,23.6785208048,23.7906187954,
23.7289907397,23.6830651858,23.802750773,
23.7345674604,23.6876108273,23.8146932794,
23.7402189954,23.6921657107,23.8264514707,
23.7457492694,23.6967211058,23.8380286857,
23.7511304269,23.7012704104,23.8494278582,
23.7563526361,23.7058075896,23.8606515227,
23.7615335469,23.7103642699,23.8836255036,
23.7516082947,23.7141613943,23.8932772317,
23.7613687174,23.7185055713,23.8943393774,
23.7642859121,23.7225908089,23.8959631172,
23.7674255773,23.726571591,23.8982117861,
23.7702549949,23.7304253623,23.9004836013,
23.7729923712,23.7342026329,23.9027830978,
23.7756695962,23.7379046443,23.9051065743,
23.7782878435,23.7415325731,23.9074507595,
23.7806880145,23.7450808708,23.9098122881,
23.7830744128,23.7485525912,23.9121885642,
23.7853198972,23.751945366,23.9145774823,
23.7741658685,23.7544499311,23.9269438972,
23.7839674849,23.757601134,23.9287003931,
23.7832981171,23.7603953831,23.9333831391,
23.7851957721,23.7631690629,23.9365256445,
23.7872065883,23.7658887194,23.9395662653,
23.7892726719,23.768558844,23.9425767607,
23.7914702767,23.7712026279,23.9455585363,
23.7936394872,23.7738197879,23.9485160456,
23.7958602074,23.7764134537,23.9514511338,
23.7981601294,23.7789882216,23.9543659376,
23.80047255,23.7815453188,23.957290399,
23.8028214593,23.7840868585,23.9601541927,
23.8054327347,23.7865149547,23.9673172355,
23.8103830609,23.7891042621,23.9731019315,
23.8142043025,23.7917399978,23.9794941871,
23.8182262157,23.7944502202,23.9856861625,
23.822183943,23.7972243579,23.9918580799,
23.8261352364,23.8000589147,23.9978798776,
23.8299471857,23.8029257112,24.0038650262,
23.8337149309,23.805821199,24.0098305869,
23.8373985686,23.8087400688,24.0156435589,
23.8410367715,23.811679522,24.0214205937,
23.844632769,23.8146369854,24.027123956,
23.8483435223,23.8176163005,24.0327601321,
23.8642036246,23.8214362754,24.0277228028,
23.8580287927,23.8244406799,24.0351824403,
23.8635274165,23.8277122225,24.0349658111,
23.8660939224,23.8308763914,24.0364275071,
23.8686344707,23.8339846079,24.0379739588,
23.871032022,23.8370315929,24.0395413671,
23.8734076593,23.8400313906,24.0411382204,
23.8756871621,23.8429820391,24.0427596392,
23.8779295976,23.8458843845,24.0444037174,
23.8801075553,23.848738073,24.0460684974,
23.8822516384,23.8515437847,24.0477524421,
23.8843229026,23.8543008886,24.0494538853,
23.8910617534,23.8570369638,24.0718058187,
23.9100546237,23.8606627958,24.0723716343,
23.9061055362,23.8635596278,24.0859072432,
23.9098824943,23.8666465812,24.0972499082,
23.9132768405,23.869736198,24.108010088,
23.9171692509,23.8728616097,24.1185011079,
23.9211082827,23.8760143043,24.128889044,
23.9254319143,23.8792057842,24.1390115563,
23.9298048253,23.8824391897,24.1489948636,
23.9342223855,23.8857146474,24.1588074796,
23.9387095063,23.8890329867,24.168459431,
23.943262583,23.8923940101,24.177956003,
23.9516716584,23.8960578931,24.1834903254,
23.9538697764,23.8995436941,24.1930798862,
23.9593660528,23.9031621371,24.2004833548,
23.9640894611,23.9068061325,24.2081944557,
23.9691125709,23.9105008483,24.2158187415,
23.9741444605,23.914243708,24.2233344813,
23.9793342041,23.9180436846,24.2307463908,
23.9845115498,23.9218973656,24.2380557463,
23.9897650995,23.9258039196,24.2452646642,
23.9950144527,23.929762218,24.2523745468,
24.0002453201,23.9337690202,24.2593869997,
24.0055645295,23.9378257463,24.2663044375,
24.0005611406,23.9416210755,24.270255939,
24.0028063176,23.9454442277,24.268725035,
24.0017380484,23.9489484815,24.2695528612,
24.0019436369,23.9523173415,24.2696934337,
24.0024800028,23.9555559038,24.2697240242,
24.0032677402,23.9586807802,24.2696660688,
24.0043024758,23.9617072295,24.2695332835,
24.0055488709,23.9646485634,24.2693374795,
24.0069718338,23.9675158495,24.2690880965,
24.0085346904,23.9703183898,24.2687920825,
24.0102603989,23.9730657849,24.2684555521,
24.0120882872,23.9757649409,24.2680837097,
24.0258398049,23.9793174482,24.2657412763,
24.0136478998,23.9818248571,24.2653190309,
24.0151757541,23.9845052181,24.2629562092,
24.0136694022,23.9869456638,24.2606261935,
24.0124810093,23.9892251909,24.2583304897,
24.0114333312,23.9913554584,24.2560694061,
24.0105611203,23.993351076,24.2538434747,
24.0098477641,23.9952248908,24.2516531085,
24.0092840554,23.9969890478,24.2494986519,
24.0088716984,23.9986548509,24.2473804547,
24.0085681125,24.0002316262,24.2452985788,
24.0084159373,24.0017297895,24.2432533669,
24.0099568244,24.0032676556,24.2410683866,
24.0086302043,24.0046309669,24.2389141813,
24.0089197801,24.0059693317,24.2368008654,
24.0089389312,24.0072412653,24.2347259135,
24.0090055616,24.0084578403,24.2326889449,
24.0091758765,24.0096258268,24.2306899571,
24.0093668216,24.010748497,24.2287283989,
24.0096638651,24.0118324562,24.2268042937,
24.0100016962,24.0128811031,24.2249172332,
24.0103683368,24.0138974217,24.2230667373,
24.0108185363,24.0148864666,24.2212526961,
24.0113143798,24.0158512948,24.2194747513,
24.0245669161,24.0174858071,24.216608672,
24.0129491819,24.0183637482,24.2137177422,
24.0131863797,24.0193874819,24.210880686,
24.0108146613,24.0202224006,24.2080793028,
24.0084862847,24.0209202052,24.2053132332,
24.0062768334,24.0214919371,24.2025826236,
24.0041410313,24.021946844,24.1998873186,
24.0020934968,24.0222940677,24.1972272622,
24.0001121136,24.0225414647,24.1946022535,
23.9982310668,24.0226980438,24.1920123207,
23.9963913057,24.0227696574,24.1894571019,
23.9946595319,24.0227649542,24.186936682,
23.9827088142,24.0217617297,24.2027821873,
23.999275856,24.0220494123,24.2025437834,
23.9958203495,24.0218916078,24.2022868775,
23.9977530346,24.0219107108,24.2020473809,
23.9996616478,24.0220108211,24.2018248197,
24.0017105058,24.0221957251,24.2016198133,
24.0038427462,24.0224646593,24.2014325947,
24.0060350628,24.0228160579,24.2012632388,
24.0082990522,24.0232490606,24.2011118955,
24.0106416995,24.0237631103,24.2009787583,
24.0130631134,24.0243576854,24.2008640179,
24.0154736678,24.0250285039,24.2007672697,
24.0111867401,24.0253186894,24.1899986261,
24.0201389508,24.0261925797,24.179483935,
24.0224686502,24.0270234355,24.1691748751,
24.0262894973,24.0280048617,24.1590775713,
24.0301233444,24.0291058561,24.1491882781,
24.033975055,24.0303214254,24.1395033498,
24.0377924791,24.0316445568,24.1300188622,
24.0415890279,24.033069226,24.1207310509,
24.0453580058,24.0345894297,24.1116361751,
24.0491504676,24.0362016252,24.1027308992,
24.0528604048,24.037897955,24.0940112475,
24.0565804216,24.0396748626,24.0854739281,
24.0774653313,24.0424243384,24.0755204662,
24.0666786856,24.044330585,24.065692957,
24.0708044386,24.0465305754,24.0560875832,
24.0713273526,24.0485789719,24.0466765373,
24.0717968012,24.0505332805,24.03745595,
24.0721551855,24.0523927339,24.0284216421,
24.0724691341,24.0541600835,24.0195699496,
24.0726847185,24.0558355151,24.0108969189,
24.0728765154,24.0574223465,24.0023991603,
24.0729531006,24.058919854,23.9940727417,
24.073019939,24.0603318089,23.9859144988,
24.0730045951,24.0616587301,23.9779208458,
24.0568399136,24.0618416939,23.9719094628,
24.0706168932,24.0630956571,23.9660807335,
24.069976901,24.0640676857,23.9603361624,
24.0726505686,24.0651799354,23.9546961057,
24.075511706,24.0663854314,23.9491599101,
24.0784898959,24.0676828179,23.9437264694,
24.0815699662,24.0690716988,23.938394597,
24.0847383414,24.0705514655,23.9331630382,
24.0880194934,24.0721225813,23.9280307227,
24.0913802626,24.073784101,23.9229963803,
24.0947742336,24.0755331677,23.9180584577,
24.0982957283,24.0773710645,23.9132160523,
24.1249183656,24.0798969867,23.9060820933,
24.1188824647,24.0825455615,23.8990373604,
24.1180798907,24.0850031349,23.8921147932,
24.1194770753,24.0874449164,23.8853267055,
24.1192872291,24.0897651066,23.8786601855,
24.1190437987,24.0919670884,23.8721126797,
24.1189011872,24.0940606317,23.8656827005,
24.1186796604,24.0960474343,23.8593676003,
24.118574286,24.0979373828,23.8531660674,
24.1183853066,24.0997314373,23.8470754951,
24.1182883155,24.1014379561,23.8410944829,
24.1182388686,24.1030630247,23.8352213624,
24.1281561146,24.1040535749,23.8274493319,
24.1369158846,24.1063809699,23.8198615309,
24.1279620139,24.1082034762,23.8123376688,
24.1279397275,24.109989741,23.8049355609,
24.1256072892,24.111610234,23.7976377511,
24.1231549944,24.1130675836,23.7904415609,
24.1206078724,24.1143653566,23.7833445255,
24.1181841398,24.1155162034,23.7763456655,
24.1156037701,24.116520317,23.7694421704,
24.1132629065,24.1173946722,23.7626338961,
24.1107449854,24.1181377983,23.7559179505,
24.1083335725,24.1187603118,23.7492933665,
24.1194779492,24.1198262452,23.7414289627,
24.1062300885,24.1202810863,23.7336193832,
24.1047286578,24.1206511371,23.7259411939,
24.1008632053,24.1208401386,23.7183764086,
24.0969104657,24.1208528101,23.710922399,
24.0929800968,24.1206982991,23.7035773085,
24.0890043402,24.120382456,23.6963388668,
24.0850958931,24.1199156358,23.6892055886,
24.0812101486,24.1193058214,23.6821757209,
24.0773363183,24.1185601669,23.6752474714,
24.0735302774,24.1176878625,23.668419449,
24.0696706638,24.1166925267,23.6616894866,
24.0651458936,24.1155710717,23.6550966548,
24.0615141591,24.1143672145,23.6485820529,
24.0574199211,24.1130651831,23.6421412119,
24.0531608502,24.111662556,23.6357717087,
24.0488869872,24.1101633841,23.6294721549,
24.044450511,24.1085652641,23.6232402112,
24.0399459832,24.1068699128,23.6170742049,
24.0353279782,24.1050770416,23.6109721937,
24.030535107,24.1031837734,23.6049318653,
24.0257281011,24.1011941776,23.59895201,
24.02076088,24.0991059425,23.5930304761,
24.015570789,24.0969142085,23.5871647365,
23.9950725042,24.0937787971,23.5830315896,
24.005593355,24.0914441816,23.5790284596,
24.0003371191,24.0890114894,23.5750488229,
23.9982322793,24.0866188569,23.5711130621,
23.9965028463,24.0842803332,23.5672228621,
23.9947986547,24.0819944722,23.5633775651,
23.9932525073,24.0797655238,23.5595774021,
23.9917988088,24.0775947601,23.5558221671,
23.9904796094,24.0754851765,23.5521119351,
23.9891538885,24.0734336515,23.5484458487,
23.9881131017,24.0714495627,23.5448249907,
23.9869917173,24.0695263581,23.5412480103,
23.9724163869,24.0664879946,23.5622194435,
23.9936599531,24.0650781469,23.5730883625,
23.9905442802,24.0634046607,23.5837400514,
23.9930028546,24.0620021213,23.5942152458,
23.995490236,24.0607728438,23.6045173292,
23.9980878562,24.0597132222,23.6146501618,
24.0006998747,24.0588156156,23.624616901,
24.0034246816,24.0580770869,23.6344212967,
24.0061248842,24.0574889809,23.6440661238,
24.0088857679,24.057046724,23.6535546702,
24.0116250015,24.0567424637,23.6628896207,
24.0143426898,24.0565684993,23.672073612,
24.0224626001,24.0568237893,23.680016083,
24.0253020771,24.0571384695,23.6877994358,
24.0307478586,24.0577507798,23.6954437581,
24.0355210554,24.0585656293,23.7029471246,
24.040449322,24.0596244554,23.7103151208,
24.0452965964,24.060881241,23.7175478328,
24.0502221863,24.0623370089,23.7246486218,
24.0551863969,24.0639839563,23.7316201296,
24.0601682436,24.065814116,23.7384648118,
24.0652001109,24.0678210387,23.7451852936,
24.0701929629,24.069994839,23.7517835644,
24.0751903062,24.0723280517,23.7582618653,
24.1010891519,24.0756922045,23.7588276339,
24.1042745924,24.0786885474,23.7688696988,
24.1186210824,24.0823675186,23.771352803,
24.1294429656,24.0863101714,23.7756057782,
24.1398735925,24.090534415,23.7799857031,
24.149866559,24.0950068867,23.7844352614,
24.1595112446,24.0997037608,23.7889389869,
24.1685009699,24.104587021,23.7934808022,
24.177271284,24.1096390236,23.7980502471,
24.1857489477,24.114839878,23.8026374592,
24.194052534,24.1201752885,23.807234387,
24.2021615277,24.1256310869,23.8118328287,
24.2081385553,24.130865801,23.8365467102,
24.2303611798,24.1371247345,23.8388312756,
24.2335571899,24.1429667016,23.8533260088,
24.2424100359,24.1490588757,23.8646918463,
24.25096325,24.1552718409,23.875807885,
24.2595349967,24.1616062614,23.8867850602,
24.2680244032,24.1680495077,23.897620955,
24.2764849898,24.1745952555,23.9083199404,
24.2848766844,24.181235663,23.9188844161,
24.2931891637,24.1879616978,23.9293165109,
24.3014250136,24.1947661293,23.9396182236,
24.3095591299,24.2016401536,23.94979125,
24.324078425,24.2090110491,23.9530191084,
24.327274803,24.2160062446,23.9639557342,
24.3362926538,24.2231934949,23.9709348859,
24.3437760174,24.2303659953,23.9786682476,
24.35127984,24.2375508875,23.9863629758,
24.3587385555,24.2447439059,23.9939916633,
24.3661676776,24.2519404172,24.0015558278,
24.3735419647,24.2591383422,24.0090548503,
24.3809313308,24.266338139,24.0164893125,
24.3881263215,24.2735332963,24.0238584639,
24.3952512244,24.2807186395,24.0311625019,
24.4023649014,24.2878950044,24.0384020394,
24.4122780877,24.2952916041,24.0424867958,
24.4170498994,24.3025127553,24.0499805218,
24.4244189924,24.3098144474,24.0556665758,
24.4310319491,24.3170994255,24.061641956,
24.4376312139,24.3243810689,24.0675598454,
24.4441807709,24.3316563935,24.0734067292,
24.4506766396,24.3389204558,24.0791833435,
24.4571148785,24.3461715218,24.084889695,
24.4635063997,24.3534082157,24.090526355,
24.4698419898,24.3606286317,24.0960937104,
24.4761229953,24.3678313192,24.1015922681,
24.4823062267,24.3750112884,24.10702431,
24.4932894678,24.3826344448,24.104577726,
24.4928557922,24.3897336735,24.1078283522,
24.4983241893,24.3968724501,24.1071714711,
24.5024737285,24.403872391,24.1073825943,
24.5066764577,24.4107658233,24.1076223968,
24.5109143313,24.4175584553,24.1078816401,
24.515240507,24.4242741973,24.1081601107,
24.5196805203,24.4309214897,24.1084584285,
24.5241824623,24.4375062722,24.1087767374,
24.5287085284,24.4440321814,24.1091149006,
24.533217989,24.4505012896,24.1094726124,
24.5377352731,24.4569167121,24.1098494525,
24.5431220179,24.4632510995,24.1304765083,
24.5348540599,24.4689871021,24.1328055465,
24.5444503164,24.4752717723,24.1282523729,
24.5482337104,24.4814181335,24.1239402883,
24.5521432028,24.4875343099,24.1202926368,
24.555835166,24.4936076921,24.1167258533,
24.5593420361,24.4996063891,24.1132313695,
24.5626321743,24.5055247578,24.1098028966,
24.5657736944,24.5113602684,24.1064358001,
24.568784441,24.5171110643,24.1031256516,
24.5716614174,24.5227756288,24.0998685961,
24.5744287056,24.5283532913,24.0966610006,
24.5917455508,24.5347662769,24.088347468,
24.5812731931,24.5400566753,24.0880286484,
24.584865192,24.5455270508,24.0797622791,
24.5849183252,24.5507136802,24.0722494359,
24.5848916636,24.5556836,24.0649329037,
24.5847927635,24.560442222,24.0577797057,
24.584498056,24.5649706903,24.0507533346,
24.5840867954,24.5692751797,24.043888843,
24.5835684329,24.5733617798,24.0371649574,
24.5829515875,24.5772365224,24.0306065333,
24.5822638318,24.58090661,24.0241674886,
24.5815091906,24.5843787423,24.0178331871,
24.5772752939,24.5870909165,24.0352461399,
24.5942190529,24.5908199049,24.0305377035,
24.5911110842,24.5938683449,24.0351343149,
24.5937269182,24.5969940334,24.0363612914,
24.5961275079,24.6000620209,24.0375385952,
24.5985450993,24.6030796427,24.0387039344,
24.6012951147,24.6060750872,24.0398745689,
24.6042213389,24.6090579934,24.0410530165,
24.607215609,24.612030617,24.042295947,
24.6101814438,24.6149931399,24.0434657623,
24.6131073279,24.6179443361,24.0446798546,
24.6160204389,24.6208842673,24.0458991675,
24.6176464594,24.6237360923,24.0618706826,
24.6041241075,24.6258721486,24.0604196739,
24.6098692032,24.6284870714,24.0539823295,
24.6096562142,24.6308812386,24.046915007,
24.6097909469,24.6331771814,24.040787929,
24.6097759673,24.6353688802,24.0348028954,
24.6097669165,24.6374678134,24.0289566605,
24.6097650746,24.6394775431,24.0232432816,
24.6096235555,24.6413974168,24.0176852613,
24.6093533041,24.6432262456,24.0122353372,
24.6089627889,24.644963253,24.0068790419,
24.6084746472,24.6466087967,24.0016794553,
24.6060332297,24.6483036109,23.9973077786,
24.5920132732,24.6491989143,23.9929535019,
24.5838446732,24.6497065359,23.988652888,
24.5745669017,24.6497535699,23.9844001413,
24.5656069707,24.6493851686,23.9801964944,
24.5568883896,24.6486293564,23.9760426524,
24.5483619767,24.6475124987,23.9719389829,
24.5400576992,24.6460603952,23.9678860449,
24.5319310692,24.6442962259,23.9638840934,
24.5239295043,24.6422395366,23.9599330316,
24.5160945264,24.6399110817,23.9560330387,
24.5083677958,24.6373278552,23.9521839054,
24.4914970822,24.634052438,23.9503535314,
24.4879742481,24.630885618,23.9485330155,
24.4779300478,24.6274354724,23.9466791206,
24.4693981355,24.6237856003,23.944802436,
24.4613326882,24.6199638414,23.9429064538,
24.4534247938,24.6159848467,23.9409925635,
24.4457021426,24.6118637323,23.9390623122,
24.4381908453,24.6076160393,23.9371173915,
24.430811744,24.6032532383,23.9351589396,
24.4236628503,24.5987904242,23.9331887214,
24.4164997184,24.5942316307,23.9312068557,
24.4095638449,24.5895909422,23.9292150538,
24.3983496048,24.5845697438,23.9277774013,
24.3959407305,24.579729522,23.9263811678,
24.3890699007,24.5747722854,23.9249961431,
24.3830977008,24.5697692131,23.9236280576,
24.3771728471,24.5647123594,23.9222769175,
24.3713266042,24.5596075609,23.9209429352,
24.365538765,24.5544595078,23.919626186,
24.3597564689,24.5492704375,23.9183263945,
24.3541590204,24.5440500863,23.9170444744,
24.348394163,24.5387922373,23.9157789971,
24.3427762285,24.5335053913,23.9145306352,
24.3371199932,24.5281892872,23.9132988259,
24.3371938753,24.5221254789,23.9578340117,
24.332722224,24.5161608816,23.9541456325,
24.3270759308,24.5102343174,23.9504867088,
24.3213731838,24.504341625,23.9468563349,
24.3156511041,24.4984804097,23.9432538666,
24.3098764866,24.4926469811,23.9396784521,
24.3040979362,24.4868398803,23.9361295759,
24.2982654895,24.4810555987,23.932606402,
24.2924111788,24.4752921483,23.9291083209,
24.286544819,24.4695480498,23.9256347991,
24.280647106,24.4638210745,23.9221851853,
24.2747342597,24.4581097845,23.9187589468,
24.2690570949,24.4524228663,23.9154818487,
24.2636158042,24.4467703321,23.9122281181,
24.2582281472,24.4411522825,23.9089976863,
24.2528508537,24.4355675532,23.9057902002,
24.2474911159,24.4300153389,23.9026053605,
24.2421431585,24.424494627,23.8994428353,
24.2368146179,24.4190047755,23.8963023491,
24.2314785608,24.413544031,23.8931834533,
24.2261571902,24.4081116622,23.8900858544,
24.2208551683,24.40270717,23.8870092947,
24.2155903389,24.3973308344,23.8839536392,
24.2103150013,24.3919809008,23.8809184402,
24.2119240923,24.3879424048,23.8677396538,
24.2019636699,24.383643244,23.854733554,
24.196206589,24.3793272505,23.8419247696,
24.1894759863,24.3749266693,23.8293033026,
24.1827982669,24.3704476752,23.816866113,
24.1760341034,24.3658902505,23.8046092956,
24.1694092372,24.3612639466,23.7925305068,
24.1626920708,24.3565680541,23.7806259158,
24.1560922393,24.3518107823,23.7688931455,
24.1494840469,24.346994631,23.7573290318,
24.1428871724,24.3421228178,23.7459305979,
24.1363171809,24.3371990706,23.7346950235,
24.1247089959,24.3319947378,23.7242285108,
24.1214875764,24.3269133833,23.7139301052,
24.1142286273,24.3217606363,23.7037701067,
24.1078595044,24.3165775328,23.6937518862,
24.1015077093,24.3113662191,23.6838729928,
24.0952899505,24.306133688,23.6741317906,
24.089155196,24.3008844446,23.6645263363,
24.0829560224,24.2956165354,23.6550537484,
24.0768467726,24.2903346399,23.6457122166,
24.0707854192,24.2850414387,23.6364996858,
24.064790336,24.2797402664,23.6274142596,
24.0587101731,24.2744278874,23.6184530763,
24.0509455676,24.269033426,23.6098816826,
24.0463782965,24.2636962215,23.6014352202,
24.0404224418,24.2583547549,23.5931022604,
24.0347933399,24.2530230741,23.584882907,
24.029300246,24.247706489,23.5767760024,
24.0237287133,24.2424009727,23.568778994,
24.0183625684,24.2371147164,23.5608912497,
24.0129414951,24.2318444961,23.5531104297,
24.0076203785,24.2265938029,23.5454352593,
24.0023500487,24.2213638814,23.5378641624,
23.9970758332,24.2161536012,23.5303952301,
23.9918278948,24.2109631625,23.5230267875,
23.9832423938,24.2056773779,23.516077563,
23.9808648404,24.2005804859,23.5092070654,
23.9755590808,24.19553121,23.5023945361,
23.9707631453,24.1905490265,23.4956422926,
23.9662001857,24.18564065,23.4889507822,
23.9615249174,24.1807978881,23.4823181645,
23.9569324481,24.1760211992,23.4757439207,
23.9523836783,24.1713093631,23.4692272832,
23.947912797,24.166662503,23.4627677237,
23.9433743532,24.1620749568,23.4563637637,
23.9389240467,24.1575474743,23.4500149789,
23.934555472,24.1530807724,23.4437209107,
23.9249318288,24.1483345511,23.438100342,
23.9252618582,24.143901204,23.4325836489,
23.9204574457,24.1394656024,23.4271350508,
23.9165946955,24.1350732887,23.4217595331,
23.9127026851,24.1307203111,23.4164555803,
23.9090155437,24.126413442,23.4112232504,
23.9051488735,24.1221429126,23.4060600618,
23.9013006337,24.1179078067,23.4009648854,
23.8974650531,24.1137070082,23.3959365742,
23.8936482082,24.1095397109,23.3909740419,
23.8897945825,24.1054027939,23.3860758557,
23.8859357352,24.1012946197,23.3812408166,
23.8776081733,24.0969136847,23.3770161988,
23.8781787296,24.0928323086,23.3728888659,
23.8741147551,24.0887295305,23.3688264574,
23.8709682256,24.0846801505,23.3648338563,
23.8678377358,24.0806679202,23.3609099052,
23.8647219683,24.0766918222,23.3570534594,
23.8617758854,24.0727566408,23.3532644177,
23.8587041472,24.0688551043,23.3495407309,
23.8557395055,24.0649902006,23.3458819236,
23.8528090196,24.061161658,23.3422870475,
23.8498819556,24.0573679262,23.3387549684,
23.8469880778,24.0536087896,23.3352847691,
23.8440824976,24.04990131,23.3318581738,
23.8412281562,24.0462452445,23.3284747317,
23.8382962751,24.0426349122,23.3251331501,
23.8354459154,24.0390716383,23.3218332098,
23.8325202888,24.0355500403,23.3185736604,
23.8296490628,24.0320704828,23.3153541303,
23.8268047685,24.0286316905,23.3121740733,
23.8238438651,24.0252272622,23.3090320051,
23.820943108,24.0218581573,23.3059276356,
23.8181282474,24.0185263718,23.3028608498,
23.8151339051,24.015222563,23.2998297826,
23.8122855328,24.0119516166,23.2968347515,
23.8189061248,24.0091049111,23.2928613635,
23.8096205726,24.0059528857,23.2889127915,
23.8078135838,24.0028826474,23.2850379652,
23.8042549342,23.9997870907,23.2812239844,
23.8006172057,23.9966647591,23.2774692263,
23.7968140704,23.9935101442,23.273771527,
23.7930861702,23.9903279123,23.2701303511,
23.7891827037,23.9871119225,23.2665435164,
23.7853604745,23.9838671962,23.2630105762,
23.7813750017,23.9805881563,23.2595294775,
23.7774464963,23.9772788179,23.2560996585,
23.7733976001,23.9739354903,23.2527193963,
23.7752340203,23.9707922371,23.2604836953,
23.7663585853,23.9673806721,23.2680802199,
23.7627047095,23.9639400763,23.2755464821,
23.7579905645,23.9604241176,23.2828778381,
23.7533450119,23.9568392078,23.2900771819,
23.7487568031,23.9531909838,23.2971472806,
23.7441230531,23.9494804594,23.304090172,
23.7396443631,23.945717104,23.3109091816,
23.7352488092,23.9419068981,23.3176070998,
23.7307983583,23.9380496935,23.324185755,
23.7265173941,23.9341548594,23.3306484244,
23.7222561663,23.9302249822,23.3369973367,
23.7063543546,23.9254765001,23.3471597609,
23.7185066784,23.9218199208,23.3542429536,
23.7162976891,23.9181424079,23.3611691678,
23.7167479097,23.9147131585,23.3679588017,
23.7172780963,23.9115413157,23.3746182067,
23.7177700763,23.9085594033,23.3811464394,
23.7183058773,23.9057611115,23.3875462083,
23.7188142088,23.9031368048,23.3938196564,
23.7194022882,23.9006821407,23.3999695957,
23.7199650108,23.8983877175,23.4059980937,
23.7205669595,23.8962477279,23.4119076066,
23.7210741995,23.8942508892,23.417699662,
23.7305691069,23.8923897398,23.4232477879,
23.7414521735,23.8910587125,23.4278157276,
23.7507371145,23.8901167887,23.43321548,
23.7596855296,23.8895513458,23.4385769145,
23.7678452603,23.8893098568,23.4440161741,
23.7756006125,23.8893596052,23.4495154755,
23.7829661536,23.88967362,23.4550537579,
23.7900125029,23.8902265078,23.4606425212,
23.7967313045,23.8909934544,23.4662765058,
23.8031479466,23.8919517372,23.4719518547,
23.808940264,23.8930663492,23.4776618007,
23.81448354,23.8943194626,23.4834015063,
23.8208585684,23.8957808873,23.4880209507,
23.825057393,23.8972880496,23.4940106614,
23.8300351375,23.898921553,23.4993355019,
23.8345623632,23.9006350541,23.5048151427,
23.838944801,23.9024231091,23.5103067106,
23.8431234495,23.90427308,23.515805042,
23.8465568258,23.9061552958,23.5213033177,
23.8499241295,23.9080628091,23.5268007041,
23.8531419859,23.9099877785,23.5322958024,
23.856284284,23.9119263906,23.5377875608,
23.8592882498,23.9138720473,23.5432746357,
23.8621965333,23.9158203022,23.5487560211,
23.875191527,23.9184985033,23.5482449768,
23.8689165587,23.9204597498,23.5559092157,
23.8726200215,23.9226499616,23.5567794423,
23.8738417299,23.9247436248,23.5591883805,
23.8750252709,23.9267829749,23.5615884109,
23.8760178489,23.9287629231,23.5640267095,
23.8769311872,23.9306763806,23.5665048904,
23.8777814352,23.9325235447,23.5689519279,
23.8785296906,23.9343033524,23.571426689,
23.8792613647,23.9360183437,23.5739074811,
23.8798912823,23.9376671167,23.5763944386,
23.8805046368,23.939252214,23.5788862382,
23.8863705295,23.9411078862,23.5774282819,
23.8817586058,23.9424620984,23.5811935919,
23.8824046443,23.9438144878,23.5813314871,
23.8816711124,23.9450011252,23.5823514525,
23.880707293,23.9460398005,23.5834419459,
23.8796488159,23.9469332882,23.5845964087,
23.878533583,23.947684839,23.5858100296,
23.8773374043,23.9482975121,23.5870809021,
23.8761131711,23.9487766979,23.5884060969,
23.8747466724,23.9491227607,23.5897830044,
23.8733720084,23.9493414284,23.5912100497,
23.8718614875,23.9494328708,23.5926846977,
23.8683685887,23.9494424851,23.5926015422,
23.8646115388,23.9492734861,23.5925095153,
23.8609007999,23.94894145,23.5924090834,
23.8571928578,23.9484540639,23.592300417,
23.8534716169,23.9478177795,23.5921835772,
23.8497500085,23.9470393326,23.5920587095,
23.8459869974,23.9461154592,23.5919251983,
23.8422078885,23.9450521863,23.5917830936,
23.8383815983,23.9438538332,23.5916322394,
23.8345629101,23.9425272336,23.5914728442,
23.8306742746,23.9410753449,23.5913046006,
23.826779695,23.9395035754,23.5911276296,
23.8272714001,23.9380011235,23.5899967429,
23.8233146552,23.936324426,23.5921878367,
23.8216566771,23.9346861937,23.5927392286,
23.8195503325,23.9330196377,23.5936845583,
23.8173792419,23.931332139,23.5945972974,
23.8151432077,23.9296217266,23.5955317219,
23.8128524343,23.9278858186,23.5964643678,
23.81050703,23.9261234305,23.5973964023,
23.8081357378,23.9243345443,23.5983264154,
23.8056996737,23.9225177783,23.5992532103,
23.803245763,23.9206738679,23.6001748254,
23.8007360833,23.9188015368,23.601089827,
23.7952576095,23.9166607931,23.6052595794,
23.7954111062,23.9146749578,23.6055493834,
23.7926925744,23.9125788349,23.6077994403,
23.7904999182,23.9104543615,23.6096513218,
23.7882073229,23.9082886596,23.6115060479,
23.7858560162,23.9060810069,23.613370356,
23.7833628424,23.9038238919,23.6152445184,
23.7808002428,23.9015165395,23.6171280625,
23.7782019371,23.8991598138,23.6190210844,
23.7754968227,23.8967516033,23.6209221355,
23.7727208788,23.8942911269,23.6228857873,
23.7698580202,23.8917773113,23.6247729014,
23.7645702203,23.8888511013,23.6465862663,
23.7765511004,23.886862055,23.6468029976,
23.7710620069,23.8844222925,23.6586282275,
23.770891985,23.8821783642,23.667370156,
23.7705146063,23.880010477,23.6759059694,
23.7702235414,23.8779229306,23.6843345601,
23.7699974083,23.8759149521,23.6925909216,
23.7698101821,23.8739844519,23.700659261,
23.7698382718,23.8721366538,23.7086210401,
23.7699856289,23.8703713593,23.7164481599,
23.7701290057,23.8686856541,23.7241496186,
23.7702981061,23.8670768486,23.7317825003,
23.7682619273,23.8653628579,23.7416246923,
23.7699545623,23.8638410983,23.7487303471,
23.7697688745,23.8623179777,23.7570414975,
23.7701998068,23.8608631494,23.7649635681,
23.7706054734,23.8594647393,23.7727693262,
23.7711474025,23.8581262482,23.780468976,
23.771751099,23.8568486839,23.7880666099,
23.7723214527,23.8556288025,23.7955643312,
23.7728418899,23.8544618558,23.8029639999,
23.7733392894,23.8533444761,23.8103209887,
23.7737855207,23.8522720455,23.8175026077,
23.7741797082,23.8512401453,23.8246235922,
23.7523383678,23.8491219614,23.8416976631,
23.7575901515,23.8477905316,23.8443195494,
23.7500311304,23.8459854544,23.850859936,
23.7459222589,23.8441119608,23.855237462,
23.7422819424,23.8421771358,23.859318111,
23.7390817387,23.8402013228,23.8632197314,
23.7361765961,23.8381982755,23.8668921355,
23.7336147824,23.8361834673,23.8704131298,
23.7313273778,23.8341686071,23.8737752321,
23.7292614368,23.8321629606,23.8769922146,
23.7274335378,23.8301757795,23.8800738484,
23.7258128017,23.8282149765,23.8830285386,
23.7287481075,23.8267230813,23.8848325174,
23.7189119475,23.8246531036,23.8865559897,
23.7160989534,23.8226553725,23.8882467839,
23.7119207284,23.8205305307,23.8898964771,
23.7079434807,23.8183193755,23.89150714,
23.7041703221,23.8160338448,23.8930808262,
23.7005465271,23.8136837096,23.8946191911,
23.6970619716,23.8112777027,23.896123793,
23.6937239167,23.8088246824,23.8975962102,
23.6905050887,23.8063316338,23.8990378123,
23.6874013593,23.8038054108,23.9004499166,
23.6844011275,23.8012517282,23.9018337404,
23.6950121245,23.7995008594,23.9017812383,
23.6814118185,23.7969471745,23.9016541203,
23.6800399464,23.7946368533,23.9015344768,
23.675871284,23.7921944012,23.9014037063,
23.6718604659,23.7896807224,23.9012630524,
23.6679605246,23.7871028069,23.9011134259,
23.6641456399,23.7844675319,23.9009555508,
23.6604148337,23.7817811971,23.9007901315,
23.6567965877,23.779050926,23.9006180477,
23.6532876724,23.77628355,23.9004401418,
23.6498712426,23.7734847399,23.9002571299,
23.6465541574,23.7706600946,23.9000697602,
23.6366567174,23.7670542522,23.9232519508,
23.6516588,23.7647348977,23.926023786,
23.6441128987,23.7618051473,23.9301381107,
23.643003553,23.7590341973,23.9327908257,
23.6420070601,23.7563171394,23.9354202756,
23.6411625131,23.7536589899,23.9380278846,
23.6405014695,23.7510645834,23.9406152595,
23.6399541093,23.7485353564,23.943183517,
23.6395602408,23.7460746105,23.9457340164,
23.6392522743,23.7436827216,23.9482676464,
23.6390564401,23.7413609394,23.9507854524,
23.6389315045,23.7391090306,23.9532881889,
23.6532282101,23.7378726261,23.9542821414,
23.6419613367,23.7358687949,23.9560362525,
23.6438646795,23.7342560047,23.9569186581,
23.6427212784,23.7326193279,23.9577775483,
23.6417033158,23.7310176323,23.9586141768,
23.6407405085,23.7294503279,23.9594293106,
23.6398652158,23.727919719,23.9602239163,
23.639078148,23.7264278984,23.960998948,
23.6383380379,23.7249751498,23.9617550698,
23.6376932985,23.7235637447,23.9624932536,
23.6371249539,23.7221950258,23.9632143284,
23.6366470893,23.7208708647,23.9639192011,
23.6432344112,23.7200310873,23.9525309714,
23.6389497342,23.7188667923,23.9413375849,
23.6403664058,23.7178827378,23.9303731603,
23.6405145208,23.7169130628,23.919625179,
23.640739024,23.7159796333,23.9090902292,
23.6410073779,23.715082469,23.8987647458,
23.6413211612,23.714221846,23.8886452388,
23.6417023597,23.7133989355,23.8787284265,
23.6421287512,23.7126139031,23.8690109398,
23.6426189278,23.7118676934,23.8594895932,
23.643156149,23.7111604959,23.8501611486,
23.6437560308,23.710493152,23.8410225293,
23.6479201324,23.7101298007,23.8317221155,
23.6440930494,23.7095142909,23.8225647109,
23.6442584565,23.7089949342,23.8135740891,
23.6434637073,23.7084532368,23.8047408929,
23.6426478716,23.707902946,23.7960621345,
23.6417827383,23.7073423266,23.7875346943,
23.6408775935,23.7067701939,23.77915557,
23.6399731007,23.7061871241,23.7709220824,
23.639049331,23.7055928153,23.7628314691,
23.6380915495,23.7049863528,23.7548809206,
23.6370732915,23.7043657408,23.747067503,
23.6360983084,23.7037334613,23.7393890211,
23.6494872723,23.7027326912,23.7296239937,
23.6495514197,23.7017715835,23.7200503073,
23.6480556032,23.7007756123,23.7106541998,
23.661504732,23.7013753165,23.7015311349,
23.6488367335,23.7013562696,23.6925037292,
23.6473924754,23.701298501,23.6836443586,
23.6435902338,23.7010661026,23.6749344138,
23.6398364488,23.7006692485,23.6663715111,
23.6361869754,23.7001200074,23.6579536787,
23.6327109881,23.6994328189,23.6496794372,
23.6294135418,23.6986216653,23.6415473673,
23.6262296451,23.6976971239,23.6335556465,
23.6206407053,23.6962059885,23.6281642581,
23.6362466028,23.6958183579,23.6229734603,
23.6308237704,23.6951469414,23.6178407776,
23.6297477154,23.6945231818,23.612793859,
23.6285854785,23.6938813114,23.6078305835,
23.627445372,23.6932224702,23.602949584,
23.626306795,23.6925474074,23.5981493818,
23.6251579918,23.6918563471,23.5934284476,
23.6239541117,23.6911476252,23.5887849833,
23.6227195109,23.6904206973,23.5842173846,
23.6215023463,23.6896770966,23.5797243937,
23.6202086679,23.6889132776,23.5753041556,
23.6078775284,23.6871080724,23.573998271,
23.6286416213,23.6868211551,23.5728531134,
23.6251710903,23.6861319787,23.571705761,
23.6276092883,23.685669091,23.570595267,
23.6301385656,23.6853389147,23.5695215659,
23.6326938663,23.6851355894,23.5684841637,
23.6353318888,23.6850563723,23.56748295,
23.6379750385,23.685095505,23.5665173037,
23.6406264213,23.6852476712,23.5655866358,
23.643303105,23.685508545,23.5646904802,
23.6459949537,23.6858735951,23.5638283128,
23.6486445155,23.6863360832,23.5629992394,
23.6742387053,23.6875196154,23.5599861537,
23.6678632782,23.6888440987,23.5569854908,
23.6671606762,23.6900636125,23.5540344817,
23.6680175287,23.6913082535,23.5511425247,
23.6675793703,23.6924667894,23.5483000006,
23.6672041456,23.6935556195,23.5455064306,
23.6668509168,23.6945792456,23.5427610741,
23.6665913329,23.6955445973,23.5400636772,
23.666323907,23.6964541828,23.5374133203,
23.6661374081,23.6973140662,23.5348096866,
23.6659827944,23.6981279471,23.5322521412,
23.6658835868,23.6989003481,23.529740216,
23.6777569172,23.7001113517,23.5261371306,
23.6688070639,23.7008057828,23.5225714567,
23.6700135968,23.701528896,23.5191095769,
23.6690649846,23.7021426376,23.5157353833,
23.6681719142,23.7026544476,23.5124476561,
23.6672911438,23.7030695871,23.5092449121,
23.6665955663,23.7034004011,23.5061268363,
23.665915374,23.7036514628,23.5030919984,
23.6654254744,23.7038345466,23.5001401488,
23.6650012405,23.7039555969,23.4972702195,
23.6647276751,23.7040238844,23.494481723,
23.6644904594,23.7040434033,23.4917734259,
23.6661569072,23.7041132644,23.4889552663,
23.6645938291,23.7040942394,23.486194856,
23.6646656016,23.7040597566,23.4835019445,
23.664438016,23.7039978462,23.480873334,
23.6641782501,23.7039084196,23.4783076485,
23.6639714906,23.7037950031,23.4758040995,
23.6638252503,23.7036612773,23.4733619623,
23.6637738873,23.7035122082,23.4709807523,
23.6636095874,23.7033437223,23.4686586212,
23.6635970699,23.7031631559,23.4663955024,
23.6635810879,23.7029709239,23.4641903051,
23.6635442833,23.7027666863,23.462041844,
23.6483353859,23.7013239983,23.4820466438,
23.6684944707,23.7013350863,23.4940340629,
23.6648503733,23.7009408513,23.5058118369,
23.6667568787,23.7006873284,23.5174204079,
23.6688355775,23.7005023666,23.5288639743,
23.6710338641,23.7003856617,23.5401463113,
23.6733670737,23.7003395983,23.551271227,
23.6758016748,23.7003650396,23.5622422391,
23.6782884244,23.7004607643,23.5730624766,
23.6808806701,23.7006278875,23.5837353642,
23.6835591152,23.7008666697,23.594264137,
23.6862992966,23.7011763336,23.6046518104,
23.711427547,23.7021415571,23.6374174408,
23.706045681,23.7033034972,23.6450077956,
23.7054129927,23.7043418833,23.652473715,
23.7065645437,23.7053933585,23.6598292311,
23.7072730428,23.7066334914,23.6670864898,
23.7078909024,23.7078433891,23.6742347854,
23.7089982564,23.7091314193,23.6812842887,
23.7102825208,23.7105014471,23.6882379554,
23.7117850272,23.7119589101,23.6950989604,
23.7136271577,23.7135141379,23.7018712228,
23.7155826365,23.7151671484,23.7085570966,
23.71789665,23.7169290721,23.7151605122,
23.7375403221,23.7195485263,23.7189720077,
23.7314973811,23.7217756498,23.7226807954,
23.7374454825,23.7243793981,23.726367907,
23.7403783229,23.7270932238,23.7300138256,
23.7429009193,23.7298946194,23.7336165881,
23.7454288462,23.7327783592,23.7371770103,
23.7475646073,23.735676421,23.7406906636,
23.7494251411,23.7385778653,23.7441565768,
23.7510664035,23.7414732953,23.7475741661,
23.7524911953,23.7443540127,23.7509428764,
23.753721253,23.7472127111,23.7542623065,
23.7548443885,23.7500426161,23.7575326419,
23.7563255517,23.7529051505,23.7606635075,
23.7567909178,23.7557255289,23.7637130355,
23.7576711045,23.7585485531,23.7666854367,
23.7583110161,23.7613534814,23.76958052,
23.7589053502,23.7641411773,23.7723993835,
23.7594957918,23.7669120295,23.7751433806,
23.7599642967,23.7696313319,23.7778112171,
23.7604079659,23.7723005964,23.7804041071,
23.7608470571,23.7749220414,23.7829233763,
23.7612597935,23.7774968192,23.7853701828,
23.7616672019,23.7800267905,23.7877458026,
23.7620833471,23.7825145245,23.7900515813,
23.7524644615,23.7839490888,23.8331461492,
23.7707122982,23.7867159541,23.8406732702,
23.7694076726,23.7890412161,23.8445785924,
23.773467813,23.7915819236,23.8484246885,
23.7774443042,23.7942154496,23.8522120776,
23.7815413424,23.7969439839,23.8559426181,
23.7857276604,23.7997549201,23.8596171965,
23.7899704867,23.8026465671,23.8632371985,
23.7942782849,23.8056178742,23.8668040407,
23.7986622952,23.8086689733,23.870319188,
23.8031248305,23.8117987615,23.8737840943,
23.8076482004,23.8150061978,23.8772000704,
23.8181123643,23.8186965379,23.879938831,
23.8176159807,23.8220036185,23.8826257352,
23.8229328468,23.8255013045,23.8853001044,
23.826843689,23.8289873154,23.8879528816,
23.8308617383,23.832493917,23.8905851656,
23.8348842454,23.8360193193,23.8931973565,
23.8388673978,23.8395469538,23.8957886591,
23.8428659583,23.8430776652,23.8983595529,
23.8468188487,23.8466096635,23.9009101059,
23.8507851463,23.8501435266,23.9034407744,
23.8547178531,23.8536780834,23.9059516966,
23.8586319032,23.857212509,23.9084431064,
23.8553270616,23.8601801616,23.9265577029,
23.870775351,23.8640998955,23.932048987,
23.8696329895,23.8675443694,23.9374021356,
23.8735935376,23.8711256164,23.9426533412,
23.8774457319,23.8747364263,23.9478037326,
23.8814220064,23.8783851928,23.9528559534,
23.885443173,23.8820653335,23.9578117257,
23.8894958243,23.8857764414,23.9626730024,
23.8935386187,23.8895160348,23.9674414284,
23.8975703235,23.8932821303,23.9721186104,
23.9015735715,23.8970718841,23.9767060114,
23.9055199821,23.9008815712,23.9812048806,
23.9304369851,23.9053079458,24.007887283,
23.9270219641,23.909823778,24.0094989144,
23.9278566638,23.9141999674,24.0110695435,
23.9304480637,23.9185229672,24.012611511,
23.9313838162,23.9226901145,24.0141144038,
23.9321746319,23.9267071657,24.015577972,
23.932635003,23.9305254864,24.0169981397,
23.9328356056,23.9341431346,24.0183739771,
23.9327805943,23.9375599493,24.0197045984,
23.932501682,23.9407764565,24.0209893435,
23.9319955943,23.9437927518,24.0222275424,
23.9313180982,23.9466112197,24.0234189057,
23.9228875074,23.9484390283,24.0385789383,
23.9359872146,23.9511205434,24.0416182544,
23.9323526321,23.9532438573,24.0445757004,
23.9332281601,23.9553460504,24.0474825365,
23.9338138311,23.9573269268,24.0503377646,
23.9343779386,23.959196114,24.053142176,
23.9350556388,23.9609977987,24.0558996192,
23.9358306227,23.9627387182,24.0586115863,
23.9366755867,23.9644245762,24.0612793622,
23.9376285805,23.9660624512,24.0639044598,
23.9385964894,23.9676549168,24.0664877496,
23.9396525203,23.9692078097,24.0690305702,
23.9407412996,23.970724188,24.0715338698,
23.9419237149,23.9722114472,24.0739989818,
23.9432395975,23.973676438,24.0764274785,
23.944663588,23.9751246376,24.078820736,
23.9461880183,23.9765610109,24.0811800553,
23.947788648,23.9779890917,24.0835065535,
23.9491754349,23.979337333,24.0857954508,
23.9503875876,23.9806028274,24.0880462746,
23.9514555799,23.9817832944,24.0902587619,
23.9523343733,23.9828745408,24.0924323571,
23.9530699319,23.9838748198,24.0945668182,
23.9536363442,23.9847809723,24.0966617364,
23.9676284223,23.9863260711,24.0973902865,
23.9576663301,23.9870658126,24.0980522945,
23.9591048819,23.9879314473,24.0987242392,
23.9573748786,23.9885597255,24.0993850199,
23.9555110542,23.9889888121,24.100033955,
23.9535485426,23.9892236983,24.1006706072,
23.9513977304,23.9892616439,24.1012937269,
23.9491045484,23.9891057268,24.101902619,
23.9466406475,23.9887577075,24.1024964137,
23.9441829614,23.9882307048,24.1030754251,
23.941767755,23.987533753,24.1036402012,
23.939371493,23.9866767356,24.1041911248,
23.9264898358,23.9847140768,24.1207733959,
23.9394561581,23.983790262,24.1238947682,
23.9350241791,23.9823941609,24.1269568212,
23.9338142424,23.9807760263,24.1299691945,
23.9330360758,23.9791710095,24.1329532367,
23.9327059217,23.977597753,24.1359124185,
23.9327499129,23.976069724,24.1388496602,
23.9331038059,23.9745972766,24.1417674047,
23.9337408787,23.9731892503,24.1446678747,
23.9345581864,23.97184983,24.1475525728,
23.9355866913,23.9705844222,24.1504231788,
23.9367589365,23.9693953594,24.1532808967,
23.955965152,23.969177417,24.1426388959,
23.945749322,23.968352623,24.1321390747,
23.9496715318,23.9678776371,24.1218722097,
23.9500838527,23.9674228303,24.111810911,
23.9503917189,23.9669828371,24.1019507697,
23.9507754282,23.9665601832,24.0922886467,
23.9510744299,23.9661504719,24.0828203999,
23.9515203852,23.9657593302,24.0735434916,
23.9518948098,23.9653828626,24.0644539877,
23.9523264724,23.965022813,24.0555488751,
23.9527753733,23.9646791484,24.0468249313,
23.953169681,23.9643487931,24.038278518,
23.963195476,23.9634165976,24.0273343191,
23.9630792441,23.9624984438,24.0166186848,
23.9612279562,23.9615089773,24.0061160234,
23.9593317297,23.9604496096,23.9958221848,
23.9574374743,23.9593236745,23.9857334036,
23.9555191459,23.9581332471,23.9758458107,
23.9535756659,23.9568802604,23.9661555998,
23.9515710287,23.9555650311,23.9566587956,
23.9495270209,23.9541887848,23.9473516389,
23.9474892799,23.9527546244,23.9382307395,
23.9454253187,23.9512641317,23.9292925544,
23.9433480964,23.949719364,23.9205336899,
23.9422274319,23.9492062103,23.9141379657,
23.9468773715,23.9489732658,23.9078573537,
23.9448257314,23.9486997307,23.9016455229,
23.9444074197,23.9484567229,23.895512013,
23.9439521562,23.9482412568,23.8894551629,
23.9436240688,23.948057442,23.8834744253,
23.943360807,23.9479065546,23.8775688511,
23.9430466085,23.9477849043,23.871736744,
23.9429402134,23.9476999396,23.8659781467,
23.9426766687,23.9476432935,23.8602906915,
23.9425724904,23.9476204043,23.8546741436,
23.9425169246,23.9476317627,23.8491275409,
23.9532262365,23.9481159039,23.8426132416,
23.9448714496,23.9482427896,23.8361445665,
23.9457121837,23.9484187952,23.8297814053,
23.9448309242,23.9485686478,23.823510479,
23.9437134886,23.9486835529,23.8173285594,
23.9426952761,23.9487693414,23.8112346911,
23.9417438394,23.9488301975,23.805227722,
23.9407877879,23.9488670851,23.7993060491,
23.9398286277,23.9488809868,23.7934681087,
23.9389326722,23.9488756506,23.787712803,
23.9380319588,23.9488517694,23.7820386055,
23.9372913223,23.9488169906,23.7764451055,
23.9428835592,23.9480540638,23.7685281051,
23.9325359455,23.9469304343,23.7606547183,
23.9286115424,23.9457282524,23.7528665664,
23.923472442,23.9443996846,23.7451540869,
23.9184095319,23.9429538373,23.7375164138,
23.9134892604,23.9414022099,23.7299531353,
23.9086871605,23.9397547302,23.7224636855,
23.9040344146,23.9380221859,23.7150477149,
23.8995078716,23.9362138817,23.707704727,
23.8950823963,23.9343376245,23.7004340689,
23.8907921114,23.9324023043,23.6932353243,
23.8865949664,23.9304146154,23.6861078071,
23.8813837649,23.9282984726,23.6775792635,
23.8691625544,23.9257627219,23.6691243395,
23.8605332788,23.9229791236,23.6607654194,
23.8512915747,23.9199332442,23.6524967225,
23.8421770213,23.9166426694,23.6443174559,
23.8331309372,23.9131216799,23.6362264536,
23.8242820883,23.9093893502,23.6282234207,
23.8154621532,23.9054567333,23.6203069566,
23.806846057,23.9013417825,23.6124768407,
23.7982689922,23.897054631,23.6047317684,
23.7898120873,23.8926083793,23.5970709944,
23.7814685923,23.8880152327,23.5894937421,
23.7730003846,23.8832961204,23.5817313344,
23.76350175,23.878413224,23.5740295813,
23.7547081487,23.8734040433,23.5663920404,
23.7458283192,23.8682707957,23.5588169806,
23.7371351908,23.8630271639,23.5513045042,
23.7284618337,23.857679119,23.5438536092,
23.7199107159,23.8522366973,23.5364639885,
23.7114132439,23.8467065614,23.5291348878,
23.7030446705,23.8410982536,23.521866063,
23.6947176606,23.8354171705,23.514656698,
23.6864832886,23.8296706229,23.5075063285,
23.6783320035,23.8238651766,23.5004144358,
23.6702965174,23.818005248,23.493258941,
23.661850526,23.8120759708,23.4861629164,
23.6539665792,23.8061043927,23.4791289969,
23.6461485448,23.8000952744,23.472156494,
23.6385307637,23.7940588496,23.4652456186,
23.6310918866,23.788003971,23.458396437,
23.6238218262,23.7819386524,23.4516089475,
23.6167189475,23.7758704652,23.4448831377,
23.609806996,23.7698076357,23.4382191522,
23.6030198888,23.7637552063,23.4316166967,
23.5964134899,23.757720353,23.4250758512,
23.5899366039,23.7517077479,23.4185963559,
23.5842219453,23.7457325106,23.4134426837,
23.584233586,23.7400356193,23.408382337,
23.5812191113,23.7344758652,23.4033936468,
23.5786130623,23.729064183,23.3984780132,
23.5759186226,23.7237899408,23.3936335307,
23.5730484927,23.7186393005,23.388857752,
23.570029553,23.7136002073,23.3841484514,
23.5668891663,23.7086623263,23.3795036241,
23.5636163612,23.7038153385,23.3749212293,
23.5602084047,23.6990492887,23.3703992451,
23.556674639,23.6943550807,23.3659357476,
23.5529888393,23.6897229297,23.3615286749,
23.5499152252,23.6851758981,23.3579288386,
23.5503592802,23.6808591283,23.3543970683,
23.5491213409,23.6766906196,23.3509210269,
23.5481590727,23.6726751626,23.3475015262,
23.5472657697,23.6688085633,23.3441379984,
23.5463094421,23.6650812284,23.3408290148,
23.5454234091,23.6614896616,23.3375740525,
23.5444998668,23.6580259596,23.3343718864,
23.543589968,23.6546847549,23.3312216514,
23.5426869143,23.6514606415,23.328122453,
23.541793009,23.6483485623,23.3250734281,
23.5408972599,23.6453432296,23.3220736569,
23.5396989348,23.6424268544,23.3186840391,
23.5363161733,23.6395027104,23.3153334165,
23.5339572221,23.6366145541,23.3120278434,
23.531339621,23.6337497491,23.308764797,
23.5286575204,23.6309044755,23.3055430819,
23.5260154173,23.6280795204,23.3023622143,
23.5232397209,23.6252682766,23.2992205732,
23.5205437515,23.6224734857,23.2961179751,
23.517754489,23.6196904283,23.2930530977,
23.5149729912,23.616918888,23.2900253097,
23.5121861818,23.6141581041,23.287033905,
23.5093411903,23.6114051103,23.2840778411,
23.5097797277,23.6087457052,23.2841212376,
23.5355506,23.6083184589,23.2843482382,
23.5307671113,23.6076895247,23.2845537804,
23.5375598912,23.60736425,23.2848146867,
23.541842518,23.6072194709,23.2851133816,
23.5459807919,23.6072406758,23.2854482283,
23.5498656593,23.6074094054,23.2858168996,
23.5535261841,23.6077092907,23.2862173021,
23.5570146817,23.6081269412,23.2866477259,
23.5603670933,23.6086511126,23.2871067292,
23.563542891,23.6092693658,23.2875926289,
23.5666464269,23.6099742628,23.2881044611,
23.5570581354,23.610045773,23.2899667794,
23.5714828254,23.610848486,23.2919219549,
23.5736318398,23.6116694223,23.2938872551,
23.5779824454,23.6126010515,23.2958770332,
23.5825370031,23.613646871,23.297892193,
23.5870115492,23.6147981795,23.2999317469,
23.5914448701,23.6160483244,23.3019949813,
23.5957909697,23.6173890126,23.3040808919,
23.6001513268,23.6188166383,23.3061891625,
23.6044387189,23.620324066,23.3083189068,
23.6086802682,23.6219056418,23.3104694335,
23.612913029,23.6235575452,23.3126403087,
23.6304751657,23.6258576407,23.3134716758,
23.623867678,23.6277513297,23.3142614525,
23.6289745419,23.6297540366,23.3150877373,
23.6317701972,23.6317627287,23.3159346096,
23.6344711594,23.6339069305,23.3168087815,
23.637165526,23.6360584098,23.3177027065,
23.6405653819,23.6383903325,23.318628959,
23.6444862371,23.6409163912,23.3195903941,
23.6488255711,23.6436452959,23.3205891383,
23.653710025,23.6465907199,23.3216281159,
23.6589072092,23.6497558502,23.3227086636,
23.6644057901,23.6531432454,23.3238320194,
23.6824690779,23.6573849855,23.3236749544,
23.6787251973,23.6615170213,23.3234252839,
23.6860181886,23.6660122644,23.3231575564,
23.6913420089,23.6707703599,23.3228590966,
23.6965598767,23.6757745941,23.3225297613,
23.7019944118,23.681022705,23.3221715394,
23.7066483515,23.6863631598,23.3217736288,
23.7111150255,23.691783727,23.3213355111,
23.7151029724,23.6972598194,23.3208547528,
23.7190029984,23.7027778915,23.3203315451,
23.7225256015,23.7083198423,23.3197641638,
23.7261130461,23.7138871984,23.3191538365,
23.7185114143,23.7188465968,23.3197531748,
23.7317506914,23.7243845958,23.320369264,
23.734552276,23.7298695991,23.3209328841,
23.7394570307,23.7354228827,23.3214588711,
23.7445809029,23.7410460107,23.3219493526,
23.7497969266,23.7467393252,23.3224055796,
23.7550691919,23.7524818907,23.3228272327,
23.7604107,23.7582757889,23.3232153948,
23.7658948784,23.7641248558,23.3235716138,
23.7714763801,23.7700306643,23.3238971102,
23.7771559177,23.7759948056,23.3241930874,
23.7829369003,23.7820189572,23.3244607491,
23.8031533621,23.7887743119,23.3232209444,
23.7975224007,23.7950487929,23.3218881838,
23.8044021645,23.801449428,23.3205467533,
23.8085977748,23.8078359444,23.3191790872,
23.8128116724,23.8142128115,23.317785781,
23.8169284182,23.8205765222,23.3163666571,
23.8211463333,23.8269176624,23.3149219669,
23.8252374046,23.833232162,23.3134513355,
23.8293511455,23.8395223,23.311955382,
23.8335222079,23.8457917253,23.3104349429,
23.8376105834,23.8520379795,23.3088899154,
23.841829974,23.8582677764,23.3073216094,
23.8300501105,23.8634936396,23.3075907586,
23.8483531511,23.8695705704,23.3079309522,
23.8515857489,23.8755256102,23.3082413996,
23.8576897293,23.8815257222,23.3085415977,
23.8641092822,23.8875772752,23.3088338157,
23.8707040599,23.8936848004,23.3091193548,
23.8770911324,23.8997749504,23.3093931095,
23.8832153865,23.9058366595,23.3096535578,
23.8892129141,23.9118676129,23.3099001036,
23.8949534182,23.9178590302,23.3101313015,
23.9005847032,23.9238084882,23.3103467081,
23.9060359353,23.9297098006,23.3105454201,
23.9138407911,23.9346866517,23.3081544782,
23.9103575796,23.9392219989,23.305763474,
23.9125573025,23.9436466052,23.3034099312,
23.9130092539,23.9478433727,23.3010816321,
23.9131237884,23.9518162375,23.298775892,
23.9129121552,23.9555623085,23.2964901491,
23.9121677843,23.9589934742,23.2942156636,
23.9108852461,23.9621006518,23.2919486784,
23.9090193227,23.9648731782,23.289685206,
23.9066230043,23.9673042658,23.2874216806,
23.9037056785,23.9693880166,23.2851546632,
23.9005703102,23.971137182,23.2828827773,
23.8994435576,23.9725432966,23.2822737444,
23.8996492193,23.9737603605,23.281686062,
23.9141976817,23.9764228266,23.2812140447,
23.9051119888,23.9784159855,23.280699551,
23.9061097536,23.9802210735,23.2802099272,
23.9047330009,23.9817437683,23.2797290453,
23.9038082756,23.9831948584,23.279271266,
23.903147103,23.9845879209,23.2788379115,
23.9027711664,23.9859332265,23.2784304232,
23.9026379101,23.9872459055,23.2780499354,
23.9028801976,23.9885437329,23.2776984392,
23.903331775,23.9898356008,23.2773767919,
23.9078794675,23.9913313818,23.2766582085,
23.9052617397,23.992677536,23.2759387712,
23.9063388225,23.9940671016,23.2752428911,
23.9068206146,23.9954630781,23.2745662115,
23.9075353182,23.9968763931,23.2739099228,
23.9082740714,23.9983071535,23.2732738148,
23.9088348641,23.9996474116,23.2726501002,
23.909136324,24.0008924423,23.2720368424,
23.909277793,24.0020402124,23.2714327959,
23.9092756672,24.0030894881,23.270836846,
23.909154,24.0040400376,23.2702480567,
23.9088407911,24.0048885343,23.2696650339,
23.8946706705,24.0048151598,23.2706787092,
23.9067386516,24.0054419796,23.2717509056,
23.9053068855,24.0059026901,23.2727914297,
23.9063021375,24.0063462165,23.2738168795,
23.9077611603,24.0067923733,23.2748305897,
23.9090622906,24.0072309366,23.2758317304,
23.9104998595,24.0076862117,23.2768226029,
23.9120017209,24.0081597738,23.2778038177,
23.9134551805,24.0086486004,23.2787752299,
23.9149560817,24.0091539882,23.2797373301,
23.9164894309,24.0096764186,23.280690501,
23.9180760765,24.0102172872,23.2816352561,
23.9090972283,24.0097605015,23.2850401665,
23.9283066863,24.0105692214,23.2885542022,
23.927522812,24.0110547395,23.2920433793,
23.9314581495,24.0116967045,23.2955393069,
23.9353909692,24.0124017053,23.2990418462,
23.9393717571,24.013169586,23.3025511945,
23.9433840883,24.0140013619,23.3060676347,
23.9474011549,24.0148938141,23.3095910699,
23.9514350923,24.0158441989,23.3131214849,
23.955231913,24.0168355562,23.3166571877,
23.9590842755,24.0178734849,23.3201984495,
23.9630429226,24.0189613245,23.3237458715,
23.975239297,24.0194825388,23.3246769968,
23.9754029859,24.0208328342,23.3256392987,
23.9711782384,24.0219277345,23.3266032377,
23.9749026041,24.022889784,23.3276094152,
23.9757307375,24.0237885546,23.3286512458,
23.9765379631,24.024626122,23.3297279466,
23.9774197184,24.02540821,23.3308393787,
23.9781927869,24.0261317748,23.331984196,
23.979128346,24.026806425,23.3331628674,
23.9800093148,24.0274321214,23.3343744198,
23.9808604004,24.0280098736,23.3356180611,
23.9817293011,24.0285426663,23.3368933282,
23.9892814455,24.0283073411,23.3353564514,
23.9846385483,24.0278443078,23.3338651174,
23.9798533543,24.0271450569,23.3324175627,
23.973605005,24.0261585552,23.3310033345,
23.9673597144,24.0248982896,23.3296218499,
23.9612559577,24.0233829894,23.3282734509,
23.9552468588,24.0216285261,23.326958164,
23.9493431436,24.0196504878,23.3256760858,
23.9435439682,24.0174637018,23.3244273057,
23.937806728,24.0150805004,23.3232116302,
23.9321761822,24.0125145391,23.3220291647,
23.926635858,24.0097781408,23.3208799041,
23.920458703,24.0068716226,23.3186825937,
23.9094272618,24.0035971407,23.3164835153,
23.9009412817,24.000079698,23.3142995076,
23.8921114483,23.9963160177,23.3121280276,
23.8834581619,23.9923250331,23.3099700143,
23.8748119649,23.9881176146,23.307825271,
23.8663905184,23.9837133527,23.3056950414,
23.8580058315,23.979122959,23.3035793056,
23.8497617208,23.9743610471,23.3014787296,
23.8415913316,23.9694387175,23.2993935259,
23.833529937,23.9643680497,23.2973241359,
23.8255786978,23.9591606105,23.2952710009,
23.8183373333,23.9538883871,23.2939549927,
23.8146865349,23.9487065824,23.2926386908,
23.8094888926,23.943545427,23.2913118872,
23.8047086657,23.9384216534,23.289977528,
23.800004518,23.9333367479,23.2886362522,
23.7954316049,23.9282944658,23.2872890514,
23.7909606538,23.9232971468,23.2859367062,
23.7865468422,23.918345122,23.2845796868,
23.7822078548,23.9134394567,23.2832185719,
23.7779847665,23.9085829077,23.2818542007,
23.773786299,23.9037742345,23.2804867949,
23.7697258828,23.8990170625,23.2791173208,
23.7642823241,23.8942859091,23.2758982111,
23.7505964644,23.8892302051,23.2726156719,
23.7412312997,23.8840481799,23.2692993788,
23.7312149557,23.8787181066,23.2659456431,
23.7212918397,23.873250821,23.2625557578,
23.7115495361,23.8676603676,23.2591315709,
23.7019491285,23.8619584881,23.2556746399,
23.6925603197,23.8561593329,23.2521869543,
23.6833065911,23.8502731508,23.2486699625,
23.674202968,23.844310351,23.2451251859,
23.6652423312,23.8382805569,23.2415540713,
23.6564463661,23.8321938637,23.2379581826,
23.6575801267,23.8263820359,23.2365991265,
23.6606449673,23.8209232098,23.2353304411,
23.6582365192,23.8155644457,23.2341143528,
23.6569725843,23.810349602,23.2329574669,
23.6557036605,23.805271775,23.2318586792,
23.6544052493,23.8003233434,23.2308167438,
23.6530976243,23.7954978997,23.2298305712,
23.6517595395,23.7907884338,23.2288989514,
23.6504285549,23.7861898536,23.2280209441,
23.6490278242,23.7816940467,23.2271951188,
23.6476501901,23.7772972128,23.2264206839,
23.646239251,23.7729933382,23.2256964896,
23.659395217,23.7698761435,23.2281428204,
23.6730170908,23.7680090529,23.2306519082,
23.6746493819,23.7662785852,23.2331434541,
23.6816084127,23.7649041673,23.2356529462,
23.6871244318,23.763808079,23.2381705321,
23.6924039937,23.7629673551,23.240694504,
23.6975036165,23.7623624942,23.2432235585,
23.7022730464,23.7619685329,23.2457554232,
23.7069893155,23.761773411,23.2482896965,
23.7113628638,23.7617533555,23.2508240717,
23.7156262734,23.7618955576,23.25335782,
23.7196697801,23.7621831512,23.2558895006,
23.7265363171,23.7627322637,23.2578638633,
23.7279976097,23.7633016269,23.2598263836,
23.7320164044,23.7639987017,23.2617941621,
23.7353701095,23.7647893588,23.2637627124,
23.7386844929,23.7656675799,23.2657317609,
23.7419105765,23.7666255506,23.2677007156,
23.7450388731,23.7676554176,23.2696689324,
23.748219106,23.7687560391,23.2716367677,
23.7512853774,23.7699192946,23.2736034758,
23.7542774318,23.7711391257,23.2755685872,
23.7572945375,23.7724139635,23.2775322962,
23.760241764,23.7737382882,23.2794941668,
23.7748373091,23.7745926606,23.2785428265,
23.7717305463,23.7752684111,23.2776052656,
23.768588174,23.7757601612,23.2766809996,
23.7638763042,23.776009942,23.275759425,
23.7593920958,23.7760386549,23.2748419964,
23.7550467669,23.7758624663,23.2739295556,
23.7508102863,23.7754955179,23.2730227312,
23.7468249384,23.7749573247,23.2721230796,
23.7429419328,23.7742601876,23.2712311469,
23.7392504307,23.7734196147,23.2703480577,
23.7356718862,23.7724470637,23.2694743979,
23.7322413894,23.7713549468,23.2686109744,
23.7275989967,23.770116841,23.2659876765,
23.7149171956,23.7683987752,23.2633281097,
23.7063135288,23.7663959244,23.2606598569,
23.6970481139,23.7640934822,23.2579787059,
23.6878378582,23.7615077179,23.2552852542,
23.678717027,23.7586555965,23.252580315,
23.6697087589,23.7555542749,23.2498648392,
23.6607533126,23.75221758,23.2471393662,
23.6519103241,23.7486612234,23.2444048196,
23.6431206284,23.7448976784,23.2416617152,
23.634415164,23.7409401497,23.2389107642,
23.6257609713,23.7367998308,23.236152447,
23.6319326851,23.733087399,23.2361786031,
23.6378952589,23.7297942563,23.2362578874,
23.6368853905,23.7265952886,23.2363433019,
23.6372441514,23.7235441277,23.2364437723,
23.6375240964,23.7206305598,23.2365585059,
23.6377218596,23.7178447033,23.2366867018,
23.6378137249,23.715176131,23.2368274173,
23.6378062321,23.7126151777,23.2369797699,
23.6376841339,23.7101519812,23.2371427922,
23.63749387,23.7077791067,23.2373158412,
23.6371702015,23.7054866995,23.2374978547,
23.6367831374,23.7032683308,23.2376882517,
23.6384088433,23.7011966083,23.2358465929,
23.6261489631,23.6986882208,23.2339743874,
23.6191274983,23.6959794776,23.2321067754,
23.6109248788,23.6930296307,23.2302358752,
23.6026187617,23.6898455048,23.2283610628,
23.5943351085,23.6864389461,23.2264825573,
23.5859341994,23.6828153279,23.2245996514,
23.5775189065,23.6789841339,23.2227123297,
23.5689645327,23.6749491215,23.2208197538,
23.5603871014,23.670718791,23.2189218666,
23.5516761227,23.6662965643,23.2170178822,
23.5427577669,23.6616825747,23.2151065419,
23.5354663405,23.6569740833,23.2140229398,
23.5328799424,23.6523749124,23.2129418669,
23.5280818123,23.6477862317,23.211848674,
23.5237547459,23.6432275201,23.2107466906,
23.5194835738,23.6386997531,23.209636445,
23.5152522496,23.6342031808,23.2085183497,
23.5110255169,23.6297365471,23.2073925769,
23.5068394784,23.6253001849,23.2062595345,
23.5026582018,23.6208928883,23.2051193852,
23.4985029597,23.6165144092,23.2039724297,
23.4943843709,23.6121649611,23.202819033,
23.4902903505,23.6078442356,23.2016594739,
23.4870774201,23.6035688584,23.2594434874,
23.483762535,23.5993323992,23.3161771702,
23.4810877158,23.5951601783,23.3718837527,
23.4786200872,23.5910579906,23.4265831869,
23.4764475729,23.5870350882,23.4802956443,
23.4744816946,23.5830965429,23.5330403473,
23.4728339049,23.5792519145,23.5848369063,
23.4714205731,23.5755067736,23.6357040248,
23.470179182,23.5718637819,23.6856596549,
23.4692273841,23.568330464,23.7347222009,
23.46850177,23.5649113072,23.7829093153,
23.4679121963,23.5616067691,23.8302377361,
23.4806408509,23.5589774892,23.8307411362,
23.4895735427,23.5568670185,23.8312944076,
23.4993809182,23.555270383,23.8319024234,
23.522674938,23.5557307951,23.8326532409,
23.5218924073,23.5561797491,23.8333886587,
23.5310949482,23.557018237,23.8341718363,
23.5378627506,23.558128926,23.8349869309,
23.5443222747,23.5594860918,23.8358313294,
23.5506502583,23.5610726975,23.8367036332,
23.5567768854,23.5628695394,23.8376020078,
23.5627940516,23.5648622017,23.8385252587,
23.5686665912,23.5670354484,23.839471981,
23.5689600341,23.5686484156,23.8510090126,
23.5961656837,23.5718373394,23.8523399197,
23.6089900595,23.5752602141,23.8542999737,
23.6243877467,23.5792829102,23.8544338858,
23.6394099908,23.5838151095,23.8546962533,
23.6539921531,23.5888137759,23.8551358466,
23.6681153997,23.5942202185,23.8557382424,
23.6817836148,23.59999654,23.8564903829,
23.6950533833,23.6061086525,23.8573803168,
23.7076357804,23.6125134723,23.8583953869,
23.7199095357,23.6191833857,23.8595264822,
23.7318728277,23.6260926975,23.8607650495,
23.7318853226,23.6323658667,23.8752364345,
23.7528880309,23.6395909913,23.8782066055,
23.7630830035,23.6467441675,23.8847595227,
23.7755387908,23.6541375807,23.8898523431,
23.7877973269,23.6617120818,23.8949045352,
23.7995792076,23.6694405549,23.8999729181,
23.8111951839,23.6773006875,23.9050541177,
23.8226406541,23.6852787686,23.9101543099,
23.8339513989,23.6933636684,23.9152737382,
23.8451019714,23.7015437119,23.920412101,
23.8560791873,23.7098069026,23.925568896,
23.8669310264,23.7181441846,23.9307436928,
23.8754645246,23.7264294712,23.9382327413,
23.8878410833,23.7349534688,23.9429348548,
23.8981158885,23.743516977,23.9489829754,
23.9087645782,23.7521755907,23.9547308006,
23.9193245854,23.7609128441,23.9604410383,
23.9298024353,23.7697219588,23.9661286709,
23.9402393104,23.7786097006,23.971793705,
23.950597397,23.7875688663,23.977436384,
23.9609077652,23.7965942729,23.9830571712,
23.9711667203,23.805680549,23.9886563162,
23.98135338,23.8148216618,23.9942339095,
23.9914922209,23.8240131857,23.9997907561,
24.0113842285,23.8338960922,23.9977611549,
24.0129432956,23.8430932295,24.0054821798,
24.0239397146,23.8524971956,24.0068648825,
24.0325641856,23.8618008449,24.0096545633,
24.0410723749,23.8710429968,24.0125251113,
24.0495014921,23.880221946,24.0154268174,
24.0578041965,23.8893401464,24.0183633136,
24.0660117035,23.8983963177,24.0213377758,
24.074138389,23.9073901566,24.0243500786,
24.0821454825,23.9163195189,24.0273993408,
24.0900842477,23.925184357,24.0304850691,
24.0979147965,23.9339832731,24.0336063087,
24.1008411292,23.9425947629,24.0547793393,
24.0911722231,23.9504452278,24.0521620632,
24.0996663389,23.9586323049,24.0483873083,
24.1028392161,23.9665377112,24.0446714501,
24.1060932124,23.9742652347,24.0410139586,
24.1092532821,23.9818157821,24.0374131577,
24.1122278958,23.9891644349,24.0338652885,
24.1150347735,23.9963134633,24.0303682859,
24.1177340793,24.0032677898,24.0269205192,
24.1203000477,24.0100311291,24.0235202172,
24.1227313597,24.0166065238,24.020165632,
24.1250962866,24.0230000445,24.0168554981,
24.1353657267,24.0295851832,24.0116854493,
24.1334267672,24.035555044,24.0100501974,
24.1376067278,24.0414954892,24.0050511389,
24.1401535877,24.0472123119,24.0004572458,
24.142498483,24.0527314793,23.9960441898,
24.1446848772,24.0580551738,23.9918419358,
24.1467144004,24.0631866998,23.9878235022,
24.1485655902,24.0681273808,23.9839838625,
24.1502966939,24.072881031,23.9803434734,
24.1518843067,24.0774505712,23.9768277465,
24.1533252567,24.0818382964,23.9734882028,
24.1546478227,24.0860475952,23.9703269572,
24.1408398012,24.0889835221,23.9851543603,
24.1553842751,24.0928812331,23.9860474746,
24.1557664037,24.0963651047,23.9900080922,
24.1592364861,24.0998574336,23.9920466913,
24.162680561,24.1033090219,23.994005783,
24.1660781104,24.1067186337,23.9959924718,
24.1693696957,24.1100812826,23.9980019214,
24.172622332,24.1133972176,24.0000371352,
24.1757732217,24.1166644288,24.0020982586,
24.1788644264,24.1198824673,24.0041854625,
24.1818569818,24.1230494195,24.00629848,
24.1847747533,24.1261645676,24.0084370909,
24.1781585049,24.1285240483,24.0207503072,
24.188528393,24.1314707594,24.0213475826,
24.1901794781,24.134163615,24.0277192586,
24.1936146495,24.1368617816,24.0329589303,
24.1969945843,24.1395309122,24.0381064356,
24.2002595959,24.1421672628,24.0433060322,
24.2037146942,24.1447702521,24.0484106611,
24.2069833128,24.1473334673,24.0535406473,
24.2101445398,24.1498540624,24.0586567258,
24.2131905894,24.1523293931,24.0637638917,
24.2160859771,24.1547552681,24.0688620632,
24.2187841173,24.1571247311,24.073950355,
24.2065833293,24.158371623,24.0950251142,
24.2209132343,24.1606452197,24.097777011,
24.2222343284,24.1626261876,24.1094627053,
24.2267217821,24.1647413863,24.1193867559,
24.2314116692,24.1669364043,24.1290327462,
24.2363349506,24.169217007,24.1385598098,
24.2413445435,24.1715937541,24.1479621538,
24.2465197287,24.1740689124,24.157247764,
24.2518567144,24.1766447529,24.1664213475,
24.2571292737,24.1793135912,24.1755411606,
24.2626021429,24.182079573,24.1844722498,
24.2680477025,24.1849371569,24.1933339675,
24.2830016725,24.1888879457,24.1945883057,
24.2694688119,24.1916642698,24.1982787563,
24.2712468535,24.1946263767,24.1979500768,
24.2695474727,24.1972683005,24.1976129241,
24.2682128323,24.1997343771,24.1972730595,
24.2671511714,24.2020419883,24.1969323345,
24.2662576712,24.2042057432,24.1965918749,
24.2655134717,24.2062384283,24.1962526618,
24.2649682272,24.2081545192,24.1959159862,
24.2644384298,24.2099599244,24.1955819042,
24.2640827717,24.2116671104,24.1952515186,
24.2637812789,24.2132828419,24.1949251203,
24.2580341104,24.2145656104,24.1961457396,
24.2574859312,24.2158299763,24.1973577331,
24.2547497456,24.2168624911,24.1985468102,
24.2528472279,24.217758571,24.1997188899,
24.2511523916,24.2185240099,24.2008756511,
24.2496751493,24.2191737564,24.2020188076,
24.2483836864,24.2197210644,24.2031498322,
24.2473062305,24.2201804145,24.2042703574,
24.2463989499,24.2205621466,24.2053816969,
24.2456127048,24.2208749084,24.206484816,
24.2449281772,24.2211261597,24.2075805351,
24.2443609584,24.2213236726,24.2086697625,
24.258830321,24.222228183,24.2082316847,
24.2466389607,24.2223865916,24.2077381167,
24.2470611582,24.2227040569,24.2072733458,
24.2444731779,24.2228526588,24.2068169759,
24.2418761794,24.2228641212,24.2063687952,
24.2393489271,24.2227481613,24.2059291163,
24.2368550682,24.2225123139,24.2054980056,
24.2344771798,24.2221671943,24.205076074,
24.2321504042,24.221719995,24.2046634928,
24.2297961861,24.221174377,24.2042599116,
24.2274892574,24.220537013,24.2038654799,
24.2252266229,24.2198139773,24.2034803245,
24.2318309719,24.2184352486,24.2483914365,
24.2307094089,24.2170734457,24.2450943013,
24.2423275606,24.2172628755,24.2419335343,
24.2285205027,24.2168180288,24.2387387934,
24.2251004136,24.2162891432,24.2355792751,
24.2193172655,24.2155397259,24.2324387398,
24.2135806941,24.2145820058,24.2293171514,
24.2077579534,24.2134220168,24.2262135982,
24.2021777301,24.2120794439,24.2231293551,
24.1966046587,24.2105630805,24.22006412,
24.1910955911,24.2088837209,24.2170179714,
24.1857072495,24.2070540616,24.2139913613,
24.1850665171,24.2053017091,24.2104996769,
24.1761803166,24.2032735749,24.2069954178,
24.1713388601,24.2011539243,24.2035055179,
24.1657776251,24.1989165042,24.2000249648,
24.1601707668,24.196564857,24.1965532881,
24.1546915943,24.1941097066,24.1930911703,
24.1492531475,24.1915575922,24.1896387075,
24.1438252322,24.188913469,24.1861957943,
24.1384775959,24.1861850181,24.1827627881,
24.1331776721,24.1833781834,24.1793398246,
24.1280098086,24.180502207,24.1759275942,
24.1228365332,24.1775600749,24.1725258668,
24.129726772,24.17502742,24.1564218657,
24.1134148979,24.1719017531,24.1405186214,
24.1082498668,24.1686831215,24.1248861006,
24.1006875608,24.1652742368,24.1095035765,
24.0928881598,24.1616738963,24.0943649603,
24.0849816594,24.1578864634,24.0794651316,
24.077036686,24.1539190073,24.0647995159,
24.0690126257,24.1497765469,24.0503633533,
24.0607909378,24.1454588434,24.0361511871,
24.0526506141,24.1409774945,24.0221595018,
24.0442424681,24.1363287578,24.0083825397,
24.0357370291,24.131516293,23.9948157733,
24.0284989873,24.126640203,23.9813865491,
24.0181004194,24.1215694838,23.9681145709,
24.0093871649,24.1163846197,23.955008121,
24.0003154394,24.1110757244,23.9420618376,
23.9914141617,24.1056557901,23.929273948,
23.9824969992,24.1001293067,23.9166414816,
23.9737424515,24.0945081216,23.9041626998,
23.9649591958,24.0887954216,23.8918346324,
23.9562072278,24.0829967883,23.8796547589,
23.9476409525,24.0771240885,23.8676216241,
23.9389661709,24.0711761673,23.8557318566,
23.9303871973,24.0651605833,23.8439834948,
23.8894641344,24.0567660889,23.8353229484,
23.9184141292,24.050913091,23.8270102503,
23.9041206128,24.0446423205,23.8187535836,
23.9005931145,24.0385977217,23.810623019,
23.8964062473,24.0326567357,23.8026119214,
23.8922300865,24.0268149981,23.7947181997,
23.888211704,24.0210745814,23.7869407721,
23.8842787237,24.0154343941,23.7792780981,
23.8804937403,24.0098960483,23.7717290787,
23.8768656002,24.0044614565,23.764292693,
23.8732027116,23.9991243211,23.7569666737,
23.8698002535,23.9938911489,23.7497507433,
23.8656624545,23.988745322,23.7426832916,
23.8626839984,23.9837319188,23.7357069708,
23.8592604297,23.9788259148,23.7288171932,
23.855807231,23.9740210602,23.7220121972,
23.8524620394,23.9693172293,23.715291162,
23.8491432504,23.9647108436,23.7086527428,
23.8457506799,23.9601942445,23.7020949575,
23.8424316658,23.9557663747,23.6956168328,
23.8390726009,23.9514214106,23.6892166631,
23.8357223121,23.9471558689,23.6828930957,
23.8324865215,23.9429709097,23.6766455006,
23.8292732237,23.9388637392,23.6704726517,
23.8289540994,23.9349340284,23.6640978056,
23.8236465768,23.9309620863,23.6578032597,
23.8208218071,23.9270551111,23.651603954,
23.8176576086,23.9231956947,23.6454959241,
23.8144259767,23.9193787673,23.6394770731,
23.8113665115,23.9156096506,23.6335469244,
23.8082451431,23.9118834975,23.6277034642,
23.8053131636,23.9082063378,23.6219463745,
23.8024295343,23.9045779424,23.6162744118,
23.799652687,23.9010005701,23.6106867408,
23.7969207193,23.8974737503,23.6051821328,
23.7943331455,23.8940012528,23.5997600382,
23.803548083,23.8900504744,23.5917097568,
23.7964855659,23.8859801685,23.5837755818,
23.7891351309,23.8817681932,23.5759535113,
23.7801264392,23.8773508493,23.5682305681,
23.7710884104,23.8727364431,23.5606047649,
23.7619995861,23.867931985,23.5530740086,
23.7528756986,23.8629448263,23.545636348,
23.7437051887,23.8577814867,23.5382897908,
23.7345506787,23.8524508368,23.5310327944,
23.7253440672,23.8469584483,23.5238633941,
23.716097382,23.8413101436,23.5167797405,
23.7068410959,23.8355127659,23.5097802187,
23.6976645901,23.8295960135,23.5028467542,
23.6885678497,23.8235688182,23.4959786783,
23.6795246161,23.8174385837,23.4891751613,
23.6705868084,23.81121457,23.4824357311,
23.6616520719,23.804901268,23.4757592485,
23.6528507589,23.798508485,23.4691454554,
23.6440737448,23.7920409469,23.4625933781,
23.6353364733,23.7855038143,23.4561021622,
23.6266935668,23.7789043233,23.4496713296,
23.6180803008,23.7722466299,23.4432999835,
23.6095495672,23.7655369387,23.4369875925,
23.6010300932,23.758778145,23.4307331642,
23.6030453996,23.7524136997,23.4265681916,
23.6069500915,23.7465160712,23.4225043599,
23.6052464851,23.7408204771,23.4185028093,
23.60469238,23.7353662455,23.4145700027,
23.6041274154,23.7301416926,23.4107046246,
23.6034933514,23.7251332094,23.4069049987,
23.6028820214,23.720331712,23.4031700854,
23.6021950522,23.7157243695,23.3994982144,
23.6014463987,23.711299539,23.3958878378,
23.6007158397,23.7070495004,23.3923379624,
23.5998831717,23.7029617979,23.3888468192,
23.5990200553,23.6990275921,23.3854131447,
23.6073463484,23.6966247082,23.3952552765,
23.6012479335,23.6940117704,23.4048790625,
23.6006206323,23.6915570483,23.4143245774,
23.5986279862,23.6891320119,23.4235860318,
23.5966072619,23.6867340906,23.4326665707,
23.5946385856,23.6843642296,23.4415698111,
23.5926194896,23.6820189871,23.4502986281,
23.5907123748,23.6797019646,23.4588569171,
23.5888317277,23.6774129718,23.4672479381,
23.5868571349,23.6751467234,23.4754740976,
23.5850099897,23.6729075636,23.4835392198,
23.5829479602,23.6706851248,23.4914447997,
23.5715013141,23.6675265972,23.5411375435,
23.5937171192,23.6660108401,23.5536033126,
23.5926914465,23.6643075374,23.5623888181,
23.5973930742,23.6630287304,23.5710497574,
23.6017702534,23.6620006197,23.5795832252,
23.606210136,23.6612158055,23.5879919419,
23.6107279641,23.6606742759,23.5962791669,
23.6152660333,23.660365232,23.6044472322,
23.6197822327,23.6602769808,23.6124981493,
23.6242839434,23.660398501,23.6204339423,
23.6288504461,23.6607226873,23.6282571219,
23.6333375442,23.6612372665,23.6359692015,
23.6353134848,23.661208559,23.6563366378,
23.6569163036,23.6624443941,23.6655626807,
23.6680339686,23.6639409095,23.6789739392,
23.6810450496,23.6659676804,23.6910891368,
23.6936189399,23.6684438628,23.7030966405,
23.7057725145,23.6713315761,23.7150687868,
23.7172713092,23.6745887527,23.726990493,
23.7284195446,23.6781849015,23.7388532009,
23.7393721288,23.6820949106,23.7506501634,
23.7500761958,23.6862937802,23.7623756493,
23.7606027793,23.6907604225,23.7740254944,
23.771036455,23.6954786899,23.7855967141,
23.7954481827,23.7014267302,23.7870441508,
23.7938822946,23.7066400839,23.80085067,
23.8055871843,23.7123728554,23.8057078579,
23.8138153088,23.7181680755,23.8124517174,
23.8219969911,23.7240783193,23.8192212871,
23.8300025283,23.7300883224,23.8259558732,
23.8378669032,23.7361823343,23.8326603062,
23.8455575061,23.742349267,23.8393299136,
23.8531588678,23.7485821731,23.8459632329,
23.860611624,23.7548715728,23.8525584556,
23.8679858523,23.7612117027,23.8591145359,
23.8752201639,23.7675944075,23.8656301489,
23.897768101,23.7750781358,23.8638971434,
23.8912114064,23.7814871482,23.8734884088,
23.8999451714,23.7882499716,23.8730554285,
23.9048714485,23.7948728106,23.8748073861,
23.9097921505,23.8014248834,23.8766562081,
23.9145833197,23.8079016705,23.8785284904,
23.9192424813,23.8142974492,23.8804310672,
23.9238399523,23.8206137114,23.8823581277,
23.9282984814,23.8268483258,23.8843063942,
23.9326896716,23.8330022192,23.886273049,
23.937010674,23.8390764385,23.8882553458,
23.9412321302,23.8450704464,23.890250158,
23.9430225898,23.8506108054,23.9124348591,
23.9615589332,23.8569970781,23.9125863693,
23.9617921121,23.8628199939,23.9243786402,
23.967608104,23.8687473614,23.9331173356,
23.9732201021,23.8746612732,23.9416916333,
23.9788833081,23.8805692168,23.9500798926,
23.9845528343,23.8864645667,23.9583916848,
23.9902064608,23.8923472938,23.9665958773,
23.9958718107,23.898218365,23.9747005333,
24.0014998988,23.9040764795,23.9827085564,
24.0071173629,23.9099215817,23.9906224665,
24.0127441218,23.9157545706,23.9984447356,
24.015547517,23.9215661646,24.0062791642,
24.0071974212,23.9267030738,24.0141105127,
24.0143820034,23.9321588285,24.0116793239,
24.0167377708,23.9373834382,24.0100265094,
24.0192240799,23.9424754316,24.0084447046,
24.0215744491,23.9474309368,24.0069559974,
24.0238349522,23.9522437788,24.0055391787,
24.0259829578,23.9569160452,24.0041943423,
24.0280518198,23.9614511469,24.0029195403,
24.0299995768,23.9658501578,24.0017122093,
24.0318956424,23.9701173747,24.0005998564,
24.0337772011,23.9742600015,23.9995075809,
24.0268435883,23.9775120423,24.0123800957,
24.0384185002,23.981459284,24.012796681,
24.0406333279,23.9851743198,24.0193175102,
24.0448695678,23.9889406832,24.0246048044,
24.0490400136,23.9927177251,24.0297614206,
24.0531690266,23.9965036885,24.0349342108,
24.0572100153,24.0002878557,24.0399763487,
24.0611850065,24.0040674682,24.0450070836,
24.0650849925,24.0078397995,24.0500434034,
24.0689361527,24.0116029593,24.0549512354,
24.0727259931,24.015354698,24.0598483632,
24.0764550543,24.0190932261,24.0646963931,
24.0845316971,24.023124131,24.0646914767,
24.0848398837,24.0268617069,24.0701405423,
24.0891186165,24.0306795145,24.0728436879,
24.092331873,24.0344458322,24.0760965428,
24.0954754302,24.0381764335,24.0793565516,
24.0985360308,24.0418691576,24.0825958347,
24.101496133,24.0455188821,24.0858165402,
24.1043763453,24.0491244339,24.0890170537,
24.1072122005,24.0526860493,24.092196906,
24.1099359714,24.0562009131,24.0953552203,
24.1126329435,24.0596703019,24.0984917681,
24.1152354474,24.063092203,24.1016059011,
24.119437632,24.0665611823,24.1029290351,
24.1206684879,24.0698578741,24.1062838158,
24.12338053,24.0731250185,24.1086344623,
24.1256626588,24.0763155538,24.1112509267,
24.1282161614,24.0794504164,24.1137987859,
24.1306620711,24.0825274931,24.1163826057,
24.1330662769,24.0855443321,24.1189645007,
24.1354012374,24.0885006679,24.1215479724,
24.1376996508,24.0913979989,24.1241325934,
24.1399294348,24.0942361382,24.1267174829,
24.1421502496,24.0970175417,24.1293022592,
24.1444654448,24.0997489828,24.1318872098,
24.1382775416,24.1018158503,24.1439813349,
24.1475106563,24.1044295875,24.1454575129,
24.1488649751,24.1068335137,24.1520500839,
24.1520379815,24.109271806,24.1575735712,
24.1553871097,24.1117206375,24.1629642905,
24.1588449866,24.1141830924,24.1683574306,
24.1622499991,24.1166645463,24.1736120363,
24.1657884635,24.1191698886,24.1788477791,
24.1694366403,24.1217025956,24.1840289012,
24.1730353239,24.1242589418,24.1891614028,
24.1765542916,24.1268346366,24.1942463945,
24.1802588747,24.1294368583,24.1992862463,
24.1858263777,24.1325955191,24.1970812934,
24.1757098788,24.1348908891,24.1962260712,
24.1743731965,24.1371349191,24.194033775,
24.1713602461,24.1390877741,24.1918777062,
24.1684948181,24.1407689359,24.1897562788,
24.1658679777,24.1422430349,24.1876729706,
24.1634306976,24.1435277075,24.1856283436,
24.1612097759,24.1446405703,24.1836231263,
24.1591296996,24.1455956177,24.1816575357,
24.1571793796,24.1464053637,24.1797317115,
24.155384258,24.1470832118,24.177845959,
24.1537218379,24.14764065,24.1760004292,
24.140504724,24.1472695105,24.1921754367,
24.1508744367,24.1477873894,24.1935117552,
24.1445459828,24.1477231379,24.1947963427,
24.1433189928,24.1476766768,24.1960638185,
24.1422895617,24.1475746627,24.1973157966,
24.1415370815,24.1474332297,24.1985543861,
24.1410351814,24.1472644731,24.1997814836,
24.1407643529,24.1470791157,24.200998823,
24.1406317912,24.1468835226,24.2022074935,
24.1406750231,24.1466855076,24.2034088128,
24.1408840267,24.1464918914,24.2046040085,
24.1412517508,24.1463092058,24.2057942392,
24.1467076193,24.1464667562,24.2064694265,
24.14311758,24.1462807857,24.207140005,
24.1443590215,24.1462003237,24.2078379587,
24.1445061114,24.146077333,24.2085555668,
24.1447325079,24.145935874,24.2092929973,
24.1449971762,24.1457780169,24.2100501442,
24.1453134331,24.145606636,24.2108269913,
24.1456479087,24.145423256,24.2116233026,
24.1460432427,24.1452310103,24.2124391276,
24.1464717676,24.1450315655,24.2132743325,
24.1468880926,24.1448248532,24.214128486,
24.1473975353,24.1446151642,24.2150018601,
24.1390532012,24.1438640395,24.2191212898,
24.1449382421,24.1436313398,24.2210482851,
24.1439364822,24.143255281,24.2229337997,
24.1446695658,24.1429565198,24.2247900389,
24.1456042157,24.1427138545,24.2266188631,
24.1465959664,24.1425268955,24.2284211455,
24.1477345193,24.1423990221,24.2301983356,
24.1489822698,24.1423321101,24.2319516083,
24.1502989031,24.1423260284,24.2336818513,
24.1517495016,24.142383606,24.2353903657,
24.1532528939,24.1425041224,24.2370778933,
24.1548275954,24.1426874486,24.2387452847,
24.1708500263,24.1438296038,24.2388791636,
24.1612947089,24.1442992717,24.2388962922,
24.1644593291,24.1451416513,24.2388827686,
24.1646946718,24.1459683773,24.2388198062,
24.1650504214,24.1468305448,24.2387090947,
24.1654389648,24.1477273733,24.2385517146,
24.1659353928,24.1486620256,24.2383492225,
24.1665161827,24.149636398,24.2381029917,
24.1671795861,24.1506521433,24.2378143591,
24.1679172225,24.1517105674,24.237484582,
24.1687516725,24.1528138143,24.2371150441,
24.1696704449,24.1539634416,24.2367070216,
24.158100203,24.1543146311,24.2261565679,
24.1694026035,24.1555574365,24.215820399,
24.1695233184,24.1566322199,24.2056208088,
24.1723251557,24.1578770386,24.1955730286,
24.1752133646,24.1592473587,24.1856748819,
24.1782236922,24.160741949,24.1759244675,
24.1812809629,24.1623567458,24.1663194225,
24.1844332407,24.1640900451,24.1568577438,
24.1876597415,24.1659393666,24.1475373276,
24.1909125745,24.1679003363,24.1383557916,
24.1942747306,24.1699723156,24.129311345,
24.1976480103,24.1721505449,24.1204015807,
24.2179773477,24.1753158834,24.1100104282,
24.2073119686,24.1777268996,24.099685632,
24.2112840929,24.1804655402,24.0895226383,
24.2119469393,24.183122689,24.0794966693,
24.2125611636,24.1857393429,24.0696049248,
24.2132194417,24.1883209165,24.059845267,
24.214002706,24.1908740239,24.0502161313,
24.2147601741,24.1933990461,24.0407149856,
24.2156192207,24.1959016474,24.0313401848,
24.2165220167,24.1983847654,24.0220897319,
24.2175014146,24.2008525847,24.0129618827,
