,t4,t5,t6
0,23.3997848318,23.7074591871,23.3998660835
1,23.4000081496,23.6934000574,23.4001142982
2,23.4001562629,23.684264242,23.4001685124
3,23.3999859229,23.6763868957,23.4001323905
4,23.3999836128,23.6688602205,23.400247351
5,23.4000374565,23.6617310172,23.4001404983
6,23.3998836429,23.6550694773,23.4000856737
7,23.3999815006,23.6488143539,23.3998193522
8,23.502196778,23.638900312,23.5074416206
9,23.5092292454,23.6415583279,23.5097813328
10,23.5098971318,23.6518317813,23.5097768173
11,23.5099458305,23.6600023212,23.5098096041
12,23.5097853795,23.6637101793,23.5097953912
13,23.5099506896,23.6645645346,23.5097882642
14,23.5100071602,23.6645616791,23.509781856
15,23.509835931,23.664618375,23.5097755935
16,23.5098936844,23.6648556212,23.5097694678
17,23.5098570881,23.6651390346,23.509763456
18,23.5098820373,23.66538548,23.509757553
19,23.5098960945,23.6656218907,23.5097517509
20,23.6403918636,23.6698238338,23.6475054594
21,23.6491202178,23.6907503277,23.6497509864
22,23.6498969487,23.7136890194,23.6496972168
23,23.6498023666,23.7275481238,23.649759151
24,23.6498563457,23.7324172448,23.649741362
25,23.6498407466,23.7324453295,23.6497355355
26,23.6498056622,23.7308706023,23.6497306034
27,23.6497864988,23.72903867,23.6497257146
28,23.6498222635,23.7272011899,23.6497209226
29,23.6498027828,23.7253184411,23.6497162066
30,23.6497497295,23.723356292,23.6497115645
31,23.6498233079,23.7213355589,23.6497070192
32,23.3449113884,23.7053148177,23.3372998018
33,23.3300161659,23.6489059424,23.3298381
34,23.3298770812,23.5855016312,23.3297933762
35,23.3298379026,23.5484640115,23.3296179235
36,23.3298291433,23.5350688835,23.3296444978
37,23.3297020579,23.5326039237,23.329644621
38,23.3297686274,23.5327919209,23.3296426183
39,23.3298399234,23.5330529145,23.3296407061
40,23.3298185742,23.533487717,23.3296387291
41,23.3298146793,23.5343048586,23.3296367386
42,23.3298210363,23.5354752541,23.329634756
43,23.3297218187,23.5368807321,23.3296327906
44,23.7655496898,23.5801180271,23.7012201874
45,23.7700403147,23.6708734122,23.7696719704
46,23.7698360877,23.7469763015,23.7695662314
47,23.76989884,23.7899832124,23.7697089752
48,23.7697402816,23.8098453664,23.7697009973
49,23.7698403962,23.8199025346,23.7696868654
50,23.7697617334,23.8274383514,23.7696828284
51,23.7697201972,23.8345953012,23.7696791197
52,23.7698918097,23.841463461,23.7696755514
53,23.769750841,23.8479450324,23.7696720892
54,23.7699393505,23.8538852311,23.7696687042
55,23.7697583008,23.8594554017,23.7696653995
56,23.5702864289,23.8603887229,23.5587751214
57,23.5513851146,23.8342599294,23.5503114574
58,23.5499875286,23.7959136803,23.5497957207
59,23.5497925929,23.7686698311,23.5496783668
60,23.5498969827,23.7558313438,23.5497020746
61,23.5498398979,23.751493439,23.5497040357
62,23.5498071555,23.7500783493,23.5497040933
63,23.5498534782,23.7490912017,23.5497040993
64,23.5497796643,23.7480820796,23.5497040349
65,23.5498482972,23.7471824571,23.5501044355
66,23.549789972,23.7464979397,23.5497144837
67,23.5497439218,23.7459679936,23.5497035313
68,23.5315141897,23.7424288914,23.5304070053
69,23.5299572506,23.7369386591,23.5296324562
70,23.529840029,23.7322167465,23.5296277374
71,23.5298182442,23.7298724106,23.5303929
72,23.5296616945,23.7293756845,23.5296399623
73,23.5298045575,23.7297056987,23.5296116274
74,23.5297465669,23.7303617373,23.5303891973
75,23.5297732717,23.7311357071,23.5296346666
76,23.5297347972,23.7319804019,23.529606283
77,23.529757145,23.7328805997,23.5296051708
78,23.5297869498,23.7338371337,23.5296029431
79,23.5297372689,23.7348317008,23.5296013935
80,23.7356172966,23.7457112817,23.7457725802
81,23.7483978992,23.7841395384,23.7496067412
82,23.7496706455,23.8257414487,23.7495203716
83,23.749863966,23.8532529627,23.7496624632
84,23.7498514131,23.8668970278,23.7496331317
85,23.7496980928,23.8730292846,23.749628571
86,23.7497646599,23.8766432735,23.7496259889
87,23.7497226384,23.8798478971,23.7496233636
88,23.7497372029,23.882974195,23.749620863
89,23.7497166075,23.8859011541,23.7496184344
90,23.7498956307,23.888566859,23.7496160696
91,23.7498861088,23.891060775,23.7496137631
92,23.2876673553,23.868602905,23.3159509555
93,23.2700262531,23.7887430319,23.2698103635
94,23.2698298509,23.6879960837,23.2697225165
95,23.2696830974,23.6275219913,23.2702421406
96,23.2697301845,23.6047228171,23.2695388219
97,23.269791606,23.5994467105,23.270281042
98,23.2697268595,23.5980531723,23.2695540882
99,23.2697406176,23.596059157,23.2695258858
100,23.2697683897,23.5937176574,23.2695288665
101,23.2696991679,23.591821387,23.269530838
102,23.2696931256,23.5905016336,23.2695333015
103,23.2698470441,23.589514463,23.2695356156
104,23.3246569711,23.5924919863,23.32742777
105,23.3292294416,23.6012119211,23.3295157012
106,23.3296796009,23.6112500785,23.3295371294
107,23.329834555,23.6169087629,23.3295776429
108,23.3297376962,23.6184185102,23.3295773519
109,23.329850436,23.6178239951,23.3295818834
110,23.3298553511,23.6166238635,23.3295869082
111,23.3298962616,23.6153366982,23.32959185
112,23.3298466969,23.6139611499,23.3295967173
113,23.3298404633,23.6125064058,23.3296015056
114,23.3297934863,23.611005113,23.3296062182
115,23.3298510204,23.6094653135,23.329610852
116,23.2655775686,23.6152746059,23.2616373902
117,23.2604421444,23.6183179977,23.2601579361
118,23.2599591863,23.6161680297,23.2598178658
119,23.2597925651,23.6148438073,23.2597773425
120,23.2598974297,23.6161281589,23.2597882754
121,23.2599274983,23.6192137183,23.2597919786
122,23.2599209221,23.6229321438,23.2597951751
123,23.2599114176,23.6266724506,23.2597981561
124,23.2600009646,23.6302860197,23.2598009542
125,23.2598497523,23.6338331687,23.2598035988
126,23.2599068242,23.6373187397,23.259806121
127,23.2598507424,23.6407855331,23.2598085359
128,23.4973257595,23.6647800486,23.5051985585
129,23.5090523634,23.7054248572,23.5097247913
130,23.5100600178,23.747046908,23.5098922049
131,23.5099158761,23.7731147191,23.5099688981
132,23.5100313591,23.7844230775,23.5102770223
133,23.5100887027,23.7876163443,23.5103181615
134,23.5100015783,23.7877424079,23.5103428159
135,23.5100000677,23.7868865028,23.5101189429
136,23.5099729081,23.7855223836,23.5105018504
137,23.510114091,23.7836672572,23.5104654883
138,23.51000934,23.7813977017,23.5103895089
139,23.5100789337,23.778795202,23.5101861594
140,23.5382054437,23.7785571376,23.5397240729
141,23.539830557,23.781337317,23.5402085061
142,23.5398906102,23.7854837162,23.5402385212
143,23.5399990837,23.7885110636,23.5402874751
144,23.5398621969,23.7900937721,23.5398838228
145,23.5400698365,23.7907807798,23.540162532
146,23.5398763052,23.7911486541,23.5398467576
147,23.5400067823,23.7914076215,23.5404768929
148,23.540172445,23.7916363386,23.5401670072
149,23.5399289429,23.7918559511,23.5401350627
150,23.539865485,23.7920135373,23.5403589172
151,23.5399188848,23.7921171078,23.540145387
152,23.7673360429,23.7973213861,23.7754505159
153,23.7792570827,23.8261921667,23.780194936
154,23.7796730811,23.8598801423,23.7803016173
155,23.7802195332,23.8829197706,23.7803587863
156,23.7801134031,23.894257802,23.7799649137
157,23.7802055167,23.898482778,23.7797807049
158,23.7802643743,23.8996508166,23.7801689876
159,23.780259442,23.8997144092,23.7803590133
160,23.7800943261,23.8992456428,23.7799233555
161,23.7800794814,23.8983305019,23.780363726
162,23.7797374785,23.8970403208,23.7801395707
163,23.7797409049,23.8954400946,23.7805613912
164,23.3945322321,23.8716238478,23.38816856
165,23.3800019352,23.8221758398,23.3803942397
166,23.3799833719,23.7593587504,23.3800505629
167,23.3800675314,23.7157265415,23.3803593596
168,23.379935227,23.6934460354,23.379769914
169,23.3800126948,23.683405774,23.3801726484
170,23.3801434828,23.6779623582,23.3798298543
171,23.3800716426,23.67361718,23.3800785862
172,23.3799060578,23.6695059314,23.3799191944
173,23.3798813729,23.6656567283,23.3801369333
174,23.3801508941,23.6621591644,23.380308576
175,23.3797342074,23.6590032856,23.380123913
176,23.2594781039,23.6499004859,23.4791961384
177,23.2505384672,23.6338070949,23.6148669218
178,23.2501113941,23.6131756411,23.7341290603
179,23.249905391,23.5984221848,23.8153204376
180,23.24982994,23.5906895964,23.8626862298
181,23.2500108217,23.5871059481,23.8883554445
182,23.2500544621,23.5851515832,23.9024571258
183,23.2500014982,23.5836582195,23.9107799691
184,23.2498273577,23.5823263973,23.9159558414
185,23.2500800986,23.5811300721,23.9190839541
186,23.2499725535,23.5801243244,23.9207208518
187,23.2499440537,23.5792411171,23.921261932
188,23.5336343008,23.5880907984,23.9176295265
189,23.5489954819,23.6269050398,23.9117721353
190,23.5497720053,23.6728868284,23.906009682
191,23.5498244471,23.7058772538,23.9012320847
192,23.5500961535,23.7240995607,23.8973719221
193,23.5499385048,23.733419329,23.8940755078
194,23.5500446216,23.739032796,23.8910553725
195,23.5499424882,23.7434522513,23.8881626209
196,23.5500291425,23.7473614496,23.8853404968
197,23.5497545314,23.7508649577,23.8825705365
198,23.5498821467,23.753969912,23.8798435869
199,23.5497634588,23.756810892,23.8771511358
200,23.274745493,23.7457289484,23.8684467672
201,23.2509137562,23.7139806368,23.8577408421
202,23.2499043739,23.6657628856,23.8484693572
203,23.2498853145,23.6280944869,23.841528459
204,23.2499178141,23.606528851,23.8363950254
205,23.2498582379,23.595664582,23.832305207
206,23.2498611743,23.5892553576,23.8287219073
207,23.2498137262,23.5839724371,23.8253763619
208,23.2500175657,23.5788880799,23.8221639781
209,23.2502371,23.5740380342,23.8190468972
210,23.2499189302,23.5695147856,23.8160047595
211,23.2500053094,23.5652079472,23.8130203517
212,23.5452816611,23.5475604441,23.8119142619
213,23.659775701,23.5926330139,23.8096317859
214,23.6599216111,23.6563081413,23.8063045185
215,23.6600397763,23.7039515915,23.8027111686
216,23.6601906772,23.729696335,23.799301977
217,23.6598066952,23.7409709358,23.7961745892
218,23.6602618231,23.7456705155,23.7932566011
219,23.659875952,23.7481293413,23.7904847035
220,23.6603718399,23.7497083259,23.7877982643
221,23.6598946211,23.7507298793,23.7851534506
222,23.6597141543,23.7511548238,23.7825314458
223,23.6601049781,23.7510796267,23.7799279448
224,23.7514409992,23.7451528559,23.7789464834
225,23.9832187927,23.7621256904,23.7769002125
226,23.9897454925,23.8052955707,23.7739091466
227,23.9898070725,23.8469567745,23.770692709
228,23.990116478,23.8747599779,23.7676459084
229,23.9906343436,23.8899947561,23.7648481783
230,23.9901402973,23.8980783343,23.7622356912
231,23.9902009459,23.9030133736,23.7597296581
232,23.9892994809,23.9067206447,23.7572824681
233,23.9902671412,23.9097001243,23.75487436
234,23.9901821886,23.9122814225,23.7524988253
235,23.9902279277,23.9145074321,23.7501531326
236,24.206996958,23.9160679269,23.7478579776
237,24.2192727922,23.9415876609,23.7455755365
238,24.2199050585,23.9738639607,23.7432997411
239,24.2196167251,23.9985388822,23.7410417984
240,24.2199365144,24.0129739371,23.7388087746
241,24.2202845341,24.0204261153,23.7366035854
242,24.2199960684,24.0244418994,23.734426351
243,24.2197663038,24.0269680186,23.7322759445
244,24.2200171964,24.0287664218,23.730150612
245,24.2201925753,24.0301314379,23.728048576
246,24.2204795543,24.0311724029,23.7259680315
247,24.2202390206,24.0319642795,23.7239281049
248,24.2104379086,24.0345749206,23.721902242
249,24.2093379537,24.0384449307,23.7198785829
250,24.2104918606,24.0437135276,23.7178632072
251,24.2102387532,24.0504622835,23.7158622961
252,24.2106280036,24.0582108744,23.7138778049
253,24.210463008,24.0665692063,23.7119090883
254,24.2104987393,24.0752244891,23.7099547109
255,24.2105967367,24.0840491845,23.7080136012
256,24.2100887082,24.0930089889,23.7060850412
257,24.2101641439,24.102020861,23.704168693
258,24.2099631468,24.1111281948,23.7022642759
259,24.2099044696,24.1203722538,23.7003664648
260,23.9203290923,24.1292130356,23.7021439841
261,23.9014282713,24.0989345698,23.7057580704
262,23.8998590989,24.0529901012,23.7088992816
263,23.8998480278,24.0147742805,23.7107053105
264,23.900360478,23.9905530737,23.7113255743
265,23.9002345195,23.9766866034,23.7111920157
266,23.8999016327,23.9679368585,23.7106462036
267,23.8995760962,23.9610831281,23.709872706
268,23.8997308111,23.9549070163,23.7089522895
269,23.8992433203,23.9492620603,23.7079337653
270,23.9003514015,23.9439824047,23.7068225483
271,23.9004419257,23.9391788878,23.7056442033
272,23.4323702797,23.9199984576,23.4140016918
273,23.4102870591,23.8602138479,23.4104205281
274,23.4099518235,23.786565332,23.40979457
275,23.4100719846,23.7370817548,23.4098036399
276,23.4100047799,23.713803628,23.4098554526
277,23.4101419046,23.7058284295,23.4100435078
278,23.4100056179,23.7037729026,23.4105097837
279,23.410162087,23.7031723822,23.4104902165
280,23.4099668992,23.7030516519,23.410463674
281,23.4099863653,23.7034491881,23.4100324052
282,23.4098989355,23.7044216173,23.4097827796
283,23.4099452401,23.7058397867,23.4100637396
284,23.456823771,23.7071827042,23.4590731828
285,23.4596336598,23.7088064335,23.4600926926
286,23.4601054399,23.7106674653,23.4599761202
287,23.4598772165,23.7104109354,23.4602471462
288,23.4602100116,23.7077727159,23.46014458
289,23.4599109828,23.7037229893,23.4598745681
290,23.4598599894,23.6990557235,23.4600701931
291,23.4599271637,23.6941947067,23.4600829929
292,23.4598235374,23.6893092698,23.4598988825
293,23.4599741449,23.6844165317,23.4600441783
294,23.4600321752,23.6795149739,23.4598883709
295,23.4600172662,23.6746636806,23.4603104718
296,23.6670724608,23.671361171,23.675555398
297,23.6789146058,23.6937808267,23.679801574
298,23.6797381055,23.723558391,23.6799162643
299,23.6799798551,23.7447154454,23.67994241
300,23.6799447735,23.7553567431,23.6799313665
301,23.6799742886,23.7597075863,23.679925757
302,23.6800718529,23.7617175925,23.679920559
303,23.6799163113,23.7632729148,23.6799155238
304,23.6800676335,23.7647944062,23.6799105476
305,23.6799716315,23.7662930514,23.6799055949
306,23.679866493,23.767694077,23.6799006286
307,23.6800007857,23.7690005094,23.6798955543
308,23.2974790148,23.7520087751,23.2901753548
309,23.2799887813,23.6900545269,23.279853978
310,23.2799609755,23.6148784747,23.2799249252
311,23.2799349263,23.569310325,23.279850997
312,23.2798661759,23.552891173,23.2798616123
313,23.279912861,23.5510313566,23.2798581961
314,23.2798112349,23.5531164623,23.2798537991
315,23.2799026927,23.5553295982,23.279849529
316,23.2799709967,23.5574321493,23.279845347
317,23.2799490786,23.5598083739,23.2798412469
318,23.2797857914,23.562564693,23.2798372255
319,23.2799106448,23.5655332345,23.2798332828
320,23.3813807582,23.5742805216,23.38706184
321,23.3890598297,23.5929112172,23.3897692178
322,23.3899025922,23.6134348126,23.3898083333
323,23.3899420952,23.626235986,23.38983814
324,23.3898628222,23.6313478141,23.3898303311
325,23.3898011525,23.6322844838,23.3898276259
326,23.3899108484,23.6318111873,23.3898253804
327,23.3898913277,23.6311203215,23.3898232054
328,23.3898235983,23.6304004699,23.3898211029
329,23.3898953645,23.6296400001,23.3898190647
330,23.3899154284,23.6287654875,23.3898170886
331,23.3898851606,23.627803111,23.389815173
332,23.4358787135,23.6307302168,23.4383571117
333,23.4395438604,23.6405681415,23.439791071
334,23.4398900124,23.6528441719,23.4398137867
335,23.4399138861,23.6621841083,23.4398312899
336,23.4399049673,23.6681388592,23.4398312132
337,23.439895114,23.6721922677,23.4398334566
338,23.4399634226,23.6756049037,23.4398359448
339,23.4399463624,23.6789235835,23.4398384934
340,23.4399319995,23.6822199153,23.4398411028
341,23.4399398141,23.6854426762,23.4398437676
342,23.4399091354,23.6885791694,23.4398464882
343,23.439891664,23.6915789787,23.4398207828
344,23.5422435357,23.7026540158,23.5478946992
345,23.5491940572,23.7230852597,23.5497560668
346,23.5497990422,23.7433162697,23.549860591
347,23.5499892848,23.754939394,23.5498427162
348,23.5499824833,23.7587048195,23.5498381989
349,23.5498640961,23.7582792763,23.5498337344
350,23.5498819935,23.7563493771,23.5498294467
351,23.5499369106,23.7540662467,23.5498253642
352,23.5500022402,23.7516974938,23.5498214924
353,23.5499189434,23.7492376277,23.5498178201
354,23.5499285519,23.7466838665,23.5498143328
355,23.5498873244,23.7440733744,23.549811024
356,23.9534633103,23.7748785925,23.8878078143
357,23.9597563372,23.8482795474,23.9596337702
358,23.9598443386,23.9123952658,23.9598140616
359,23.9598222916,23.9502613058,23.95980106
360,23.9600300298,23.9679956106,23.9597751544
361,23.9598504763,23.9762060277,23.9597575914
362,23.9599454585,23.9814127958,23.9597410434
363,23.9599654684,23.9859966358,23.9597256585
364,23.9599375651,23.9903081972,23.9597111709
365,23.9599747133,23.9941968227,23.9596973728
366,23.9599808041,23.9976954366,23.9596841434
367,23.9599121915,24.0009522942,23.9596714014
368,24.2339074901,24.0052555331,24.2442175734
369,24.2484982809,24.0521368647,24.2493653617
370,24.2497824721,24.101074659,24.2500113124
371,24.2500916881,24.133793936,24.250123707
372,24.249933934,24.1502523708,24.2501146304
373,24.2500229787,24.1570410034,24.2496917134
374,24.249996779,24.1597603325,24.249672318
375,24.2499627342,24.1612136723,24.2496610036
376,24.249965572,24.1623746235,24.250062888
377,24.2498794792,24.1633544852,24.2500614952
378,24.2498796389,24.1640763175,24.2496404819
379,24.2498925408,24.1645731199,24.2496231851
380,23.8128549652,24.1596633737,23.8013965677
381,23.7900237159,24.0954557061,23.7905611451
382,23.7898839019,24.0115820524,23.7894719674
383,23.7898812623,23.9574335856,23.7895354448
384,23.7899427587,23.935796285,23.7895371625
385,23.7899207301,23.9315902669,23.7895358863
386,23.7897947904,23.932629743,23.7895339272
387,23.7898422024,23.9341105391,23.7903342833
388,23.7898062494,23.935446171,23.7895532921
389,23.7898040332,23.937071611,23.7895308441
390,23.7897889187,23.9391826965,23.7895280151
391,23.7899480904,23.941674651,23.7895269585
392,24.2327154106,23.9767056562,24.1388612981
393,24.2397473942,24.0605847976,24.2394686676
394,24.239771772,24.1326490523,24.2396609339
395,24.2399918018,24.1757739042,24.2396802638
396,24.2399289136,24.1968930905,24.2396499795
397,24.2400215022,24.2072801417,24.2396384179
398,24.2398349929,24.2140888074,24.2396276773
399,24.2398649239,24.2199797661,24.2400347555
400,24.2399651125,24.2254397922,24.2400352412
401,24.2400058293,24.2303645221,24.2396101154
402,24.2398883359,24.2347803967,24.2400110412
403,24.2398959453,24.2388368971,24.239593883
404,24.3538714478,24.2428050034,24.3583146267
405,24.3597144861,24.2609127675,24.360542327
406,24.3602265015,24.2816380023,24.3602858606
407,24.3599645786,24.297420083,24.3603313192
408,24.3601494027,24.3073601976,24.3601727881
409,24.3602832496,24.3137071925,24.3607158668
410,24.3599241348,24.3183696572,24.3604022157
411,24.3599067768,24.3222477321,24.3606481502
412,24.360071501,24.3257245089,24.3602979446
413,24.3599484267,24.328954985,24.3608032569
414,24.360096558,24.3319662428,24.3601967466
415,24.360175906,24.3348208107,24.3602865404
416,24.237933247,24.3375431889,24.2325439753
417,24.23109277,24.325318628,24.2304170307
418,24.2305902886,24.3083758732,24.2308817556
419,24.2297854124,24.2955146933,24.2302463786
420,24.2301251665,24.2882903467,24.2302613451
421,24.2302702029,24.2848827889,24.2305713537
422,24.2301246429,24.2832369605,24.2307573542
423,24.2302122236,24.2821740956,24.2301797412
424,24.2300879026,24.2813115547,24.2299801994
425,24.2305673368,24.2805597702,24.2308063644
426,24.2299014388,24.2799691473,24.2302881162
427,24.229654242,24.279401496,24.2303790323
428,24.1455630288,24.2782678556,24.1417952676
429,24.1402982619,24.2681929995,24.1405652186
430,24.1399541,24.2556528309,24.1401279368
431,24.1401480763,24.2464934523,24.140276514
432,24.1401249194,24.2414687911,24.1401273702
433,24.139930008,24.2390247656,24.1406161683
434,24.1400097776,24.2376701661,24.140363334
435,24.1396929497,24.2366969407,24.1399547013
436,24.1405682554,24.2358505475,24.1405777426
437,24.1402860228,24.2352148511,24.140046027
438,24.1402761307,24.2346831885,24.139822126
439,24.1400941869,24.2342012527,24.1403081183
440,24.1836662819,24.2265830491,24.248295727
441,24.1516640584,24.227282525,24.4492063231
442,24.1354648513,24.221029673,24.4501890513
443,24.129588484,24.2124427841,24.4503260352
444,24.1263869022,24.2081802434,24.4501271842
445,24.1241148625,24.206958141,24.450111339
446,24.1224631844,24.2070816261,24.4501169751
447,24.1211270431,24.2079656541,24.4500475378
448,24.1199713866,24.2093475682,24.4502083427
449,24.1189566227,24.21100623,24.449988213
450,24.1179957666,24.212839171,24.4502055356
451,24.1171325308,24.2147866119,24.4502481982
452,24.1131641191,24.2152848819,24.4303268607
453,24.1110228141,24.2134065947,24.43015223
454,24.1089802489,24.2111096594,24.4301038468
455,24.107771334,24.2088346939,24.4302447428
456,24.1069833154,24.2067718752,24.4301857784
457,24.1062179946,24.2049449163,24.4301793035
458,24.1055184989,24.2032217623,24.4299234035
459,24.1048577042,24.2015478846,24.4300721734
460,24.1041914129,24.1999174934,24.4301031864
461,24.1036386387,24.1983029544,24.4300474547
462,24.1030922139,24.1967135107,24.4299994289
463,24.1025136213,24.1951350323,24.4301418692
464,24.2313154129,24.2175724866,24.369605877
465,24.2304654554,24.2500056983,24.288214879
466,24.2301478752,24.2759694918,24.2212745685
467,24.2300061885,24.2914429116,24.1777578785
468,24.230702547,24.2995101754,24.1520871085
469,24.2301029362,24.3040686085,24.1364201053
470,24.2304495113,24.3071894131,24.12551844
471,24.2300316768,24.3097261054,24.1169206253
472,24.2301868622,24.3118201721,24.1097167473
473,24.2302745713,24.3135747316,24.1035765174
474,24.2303692785,24.3150794387,24.0982936156
475,24.2302368908,24.3164237118,24.0936659571
476,24.1547340516,24.317217388,24.0861387418
477,24.1502403041,24.30928296,24.0772663128
478,24.1501323339,24.298870106,24.0691093843
479,24.1503359308,24.2910948461,24.0624097811
480,24.1498657915,24.2868085669,24.0569818325
481,24.1497769384,24.284732049,24.0523890691
482,24.1502585605,24.2836425229,24.0482877319
483,24.1500180843,24.2829726582,24.0444879637
484,24.1498085992,24.2824465028,24.0409013626
485,24.1499862053,24.2819855071,24.0374855429
486,24.150486201,24.2816209884,24.0342126574
487,24.1499663069,24.2813920124,24.0310599307
488,24.1216601018,24.2807977171,24.0219931651
489,24.1197189009,24.2765353083,24.0109970418
490,24.1198021571,24.2710530158,24.001483258
491,24.1198837453,24.2664617847,23.9943422049
492,24.1205776184,24.2631613534,23.9890534949
493,24.1200592957,24.2607829783,23.9848457875
494,24.1202419816,24.25873159,23.9811859157
495,24.1202589058,24.2568112957,23.9778408392
496,24.1204071239,24.2549217451,23.9746703688
497,24.1206370403,24.2530824054,23.9716452716
498,24.1205702085,24.2513134796,23.9687443104
499,24.1198846749,24.2495273916,23.9659052113
500,24.0634421415,24.2480242603,23.9631347478
501,24.0600327806,24.2408731643,23.9604050954
502,24.0602736143,24.2326245251,23.9577308145
503,24.0598578187,24.2268656452,23.9551120913
504,24.0604227147,24.2238554075,23.9525308219
505,24.0601015756,24.2226015573,23.9499728855
506,24.059549165,24.2220673131,23.9474318977
507,24.0596094038,24.2217201075,23.94490641
508,24.0601029034,24.221492448,23.9423963983
509,24.0598882919,24.2214624926,23.9399019784
510,24.0597741805,24.2215468148,23.9374228207
511,24.0601126333,24.2216855674,23.9349585343
512,23.9659383705,24.2202493676,23.9325085805
513,23.9598760883,24.210067794,23.9300390673
514,23.9601309778,24.1981678594,23.927563994
515,23.9604252222,24.1900897996,23.9251049929
516,23.9596559152,24.1864629783,23.922692278
517,23.9604775673,24.1854922341,23.9203183872
518,23.9604167486,24.1857356901,23.9179600335
519,23.9598897668,24.186383023,23.9156035767
520,23.9596586896,24.1871277786,23.9132460187
521,23.9598774084,24.1879676785,23.9108894297
522,23.9600190395,24.1889823223,23.9085364683
523,23.9599494624,24.1901628808,23.9061890147
524,23.875733761,24.1875200731,23.903822258
525,23.8706941779,24.1770456975,23.9014355777
526,23.8699108996,24.1643604735,23.8990559549
527,23.8699489473,24.155191066,23.8966960708
528,23.8700376838,24.1498757612,23.8943532744
529,23.8697549563,24.1467514046,23.8920148241
530,23.8704418358,24.1444434988,23.8896844362
531,23.8700392396,24.1424610216,23.887363669
532,23.8698840759,24.1405548888,23.8850497911
533,23.869966555,24.1386885518,23.8827408365
534,23.8699799767,24.1368979344,23.8804362437
535,23.8698619102,24.1351781727,23.8781363896
536,23.8697478769,24.1340183862,23.8758419475
537,23.8701279496,24.1335402289,23.873577313
538,23.8698222201,24.1336013073,23.871338577
539,23.8700873871,24.1338915988,23.8691083538
540,23.8698461402,24.1342978984,23.8668769238
541,23.8698075148,24.1347298174,23.8646431066
542,23.870465713,24.135123533,23.8623777663
543,23.8700765754,24.1356283305,23.860120432
544,23.869811267,24.1361814717,23.8578906572
545,23.8704932184,24.1367268443,23.8556793591
546,23.869764945,24.1373565928,23.8534758573
547,23.8698211702,24.1379398602,23.8512756052
548,24.0120760491,24.1389460274,23.8527135468
549,24.019696422,24.1556014637,23.8559736604
550,24.020182873,24.1770438012,23.8587771557
551,24.0201084848,24.1936513489,23.8602707222
552,24.0203526689,24.2036034546,23.8606105657
553,24.019909285,24.2091962289,23.8602236836
554,24.0203029384,24.2128114749,23.859443255
555,24.0199425402,24.2158183295,23.8584493842
556,24.0203617088,24.2185667992,23.8573215817
557,24.0199515301,24.2211677751,23.8560949985
558,24.0200203488,24.2235587401,23.8547909109
559,24.0197423196,24.2257998115,23.8534266088
560,24.1146153552,24.2270705703,24.1146893005
561,24.1198531235,24.2379466249,24.1200563826
562,24.1205073736,24.2509224816,24.1199723231
563,24.1200474976,24.2599659471,24.1198274258
564,24.1201046059,24.2642097318,24.1198458292
565,24.1204235974,24.2653635891,24.1201587677
566,24.1197341885,24.2651582481,24.1206753778
567,24.1195367045,24.264325174,24.1202903918
568,24.1202066714,24.2631313313,24.120508586
569,24.120017921,24.2617645267,24.120205022
570,24.1203057439,24.2602025606,24.1205690989
571,24.1204830062,24.2584970237,24.1203139379
572,23.8433177346,24.2500492312,23.8272569145
573,23.8214724108,24.2154949019,23.8204089073
574,23.8202014059,24.169598892,23.8199278482
575,23.819955707,24.1356581314,23.820332954
576,23.8199689455,24.1170929261,23.8200415701
577,23.8199381689,24.108492594,23.8199293488
578,23.8201757667,24.1042306913,23.8199496837
579,23.8200073646,24.1013599833,23.8199223689
580,23.820112772,24.0989233525,23.8204785694
581,23.8199894621,24.0968630811,23.8197308755
582,23.8200564367,24.0951817759,23.820413569
583,23.8200708237,24.0938206073,23.8203984692
584,23.8015815237,24.0800100041,23.8004254384
585,23.8000068427,24.0625406993,23.7998842274
586,23.7998172613,24.0488868823,23.7998425673
587,23.7997842401,24.0409710945,23.799822272
588,23.7997572552,24.0369465389,23.7998009729
589,23.7998566189,24.034664342,23.7997803742
590,23.7999341492,24.0330052515,23.7997601389
591,23.7999221475,24.0316430919,23.7997469293
592,23.7998596179,24.0305226421,23.7997331562
593,23.7998605878,24.0296232482,23.7997198173
594,23.7998997752,24.0289148524,23.7997070786
595,23.7997322868,24.0283331949,23.799694992
596,23.8182875392,24.0293204689,23.8191717364
597,23.8197008323,24.0331175316,23.8196467672
598,23.8197993491,24.0380559985,23.819666007
599,23.819668574,24.0420703947,23.8196535725
600,23.819798365,24.0449429657,23.8196442727
601,23.8198598423,24.0471999983,23.8196355524
602,23.8197520984,24.0493427521,23.8196273522
603,23.8198196077,24.051459424,23.8196196144
604,23.8197122309,24.0535704549,23.8196123259
605,23.8198068231,24.055661438,23.8196054649
606,23.81976332,24.0577652792,23.8195990076
607,23.8197960801,24.0598747899,23.819592937
608,24.0074584261,24.0708775697,24.0160824394
609,24.0186689949,24.1023899615,24.0193514059
610,24.0196632889,24.1363909257,24.0200707825
611,24.019820153,24.1583132238,24.0196147859
612,24.0198284892,24.168010754,24.0195965416
613,24.0198355117,24.1707466067,24.0200110165
614,24.0198128351,24.1708943165,24.0195904085
615,24.0199275859,24.1704195856,24.0195735716
616,24.0197398452,24.1697847208,24.0195658736
617,24.0198587933,24.1689464489,24.0195592837
618,24.0197698771,24.1678624314,24.0195528264
619,24.01987333,24.166546897,24.0203894065
620,24.1226053401,24.1690115879,24.1278866176
621,24.1291551276,24.1854595523,24.1294349308
622,24.1298249365,24.2048547145,24.1295917466
623,24.1297366564,24.2183281041,24.1295627341
624,24.1297313226,24.2253143001,24.1295559855
625,24.1296658939,24.2286098279,24.1295497951
626,24.1298413503,24.2305492847,24.1295441991
627,24.1296586988,24.232239803,24.1295388575
628,24.1298626392,24.233785982,24.1295337835
629,24.1295683748,24.2351792659,24.1295289454
630,24.1297324071,24.2363765351,24.1295243004
631,24.1295957345,24.2374831987,24.1295198468
632,24.1296953364,24.2405932624,24.1302507151
633,24.12981706,24.2445776568,24.1302468101
634,24.1299050798,24.2485112243,24.1301223118
635,24.1297254437,24.2521601128,24.1298422482
636,24.1297671047,24.2556345969,24.1300115581
637,24.1299320607,24.2590108005,24.1302270723
638,24.1298847136,24.2623558913,24.1301795622
639,24.1298847772,24.2656818805,24.1301513524
640,24.1297369263,24.268995345,24.1303422476
641,24.1298812943,24.2722830471,24.1301082218
642,24.1297032836,24.2755857819,24.1301500777
643,24.1296982867,24.2788667139,24.1298846061
644,24.1762294691,24.2800336924,24.1785483214
645,24.1793916083,24.2848968666,24.1795023182
646,24.1796730894,24.2904883664,24.1799980101
647,24.1796440257,24.2933938751,24.1795670708
648,24.179633676,24.2934077303,24.1795506081
649,24.1796655058,24.2917266807,24.1795431577
650,24.1796819788,24.2893929969,24.1795370235
651,24.1796496447,24.2868823021,24.1795310912
652,24.1797573971,24.2842977961,24.1795253663
653,24.1797284776,24.2816843379,24.1795197769
654,24.1797131963,24.2790000868,24.1795142802
655,24.1795644436,24.2762358711,24.1795088258
656,24.1245246277,24.2743926656,24.1212909072
657,24.1200753695,24.2676095783,24.1195934388
658,24.1197957276,24.2602484527,24.1194842857
659,24.1197791827,24.256881814,24.1194942075
660,24.1196716129,24.2575586062,24.1194930582
661,24.1198567299,24.260490142,24.1194916792
662,24.1197843262,24.264311983,24.1194903044
663,24.119723934,24.2683951077,24.1194890067
664,24.119811801,24.272644348,24.1194877714
665,24.1197699646,24.2770238822,24.120312794
666,24.1197808569,24.2814834477,24.119506001
667,24.1198109547,24.286025047,24.1194861347
668,23.738283914,24.2622422198,23.7298105265
669,23.7199709232,24.1978738428,23.7201602304
670,23.7196485054,24.1209746701,23.7193601731
671,23.7196047436,24.073597128,23.7194326391
672,23.7196592796,24.0542126,23.7202265678
673,23.7196543621,24.0484363273,23.7202584699
674,23.719717102,24.0461476386,23.7194821786
675,23.7196767247,24.043874886,23.7194624994
676,23.7197008064,24.0414334426,23.7194659601
677,23.7197553268,24.0391965095,23.7194707811
678,23.7196976076,24.0373429682,23.7202584958
679,23.7197380811,24.0357666827,23.719504347
680,23.6832531904,24.0322335101,23.6809216641
681,23.6800160484,24.025861764,23.6795717662
682,23.6797712214,24.0186407476,23.6794767154
683,23.6796040084,24.0143373997,23.6794846645
684,23.6795959302,24.0129544349,23.6794885258
685,23.679643357,24.0131479602,23.679492141
686,23.6796401884,24.0138191484,23.6794954842
687,23.6796705004,24.0145795198,23.6794985641
688,23.6796414707,24.0153929535,23.6802807335
689,23.6796975861,24.0162738729,23.6795299496
690,23.6796994312,24.0172240259,23.6795080799
691,23.6796445187,24.0181987947,23.6795086515
692,23.4274165805,24.0094641977,23.412125371
693,23.4017865232,23.98417987,23.4006409935
694,23.4000474649,23.9404568848,23.3997075156
695,23.3999264509,23.9080346645,23.3996789741
696,23.3998270487,23.8923966205,23.4001169271
697,23.3999598903,23.8867092018,23.3997339855
698,23.3997764125,23.8843341658,23.3997275946
699,23.3997653799,23.8822873178,23.3997307656
700,23.3999085869,23.8800558782,23.3997327648
701,23.3998353179,23.8778668969,23.3997349548
702,23.3998524861,23.8757967518,23.3997369465
703,23.3998943387,23.8738225358,23.3997388
704,23.522073773,23.8917808396,23.528290584
705,23.5294545186,23.9172982506,23.5299468678
706,23.5299284566,23.9442514756,23.530275548
707,23.529970395,23.9623458244,23.5304204331
708,23.529774986,23.9722108933,23.5304460466
709,23.5298571813,23.9777572081,23.5303174608
710,23.5299337474,23.9818259456,23.5301016272
711,23.529928064,23.9855044528,23.5299091582
712,23.5299269559,23.988973462,23.5303266585
713,23.529956229,23.9922046446,23.5300335323
714,23.5299689524,23.9952396164,23.5299598616
715,23.5299135435,23.9981385724,23.530256757
716,23.7577729737,24.0159022214,23.7658253318
717,23.7690157139,24.0461518036,23.7699091288
718,23.7698748744,24.0796224888,23.7704758819
719,23.7699293623,24.0998527456,23.7705024428
720,23.7698716537,24.1067159342,23.7704870624
721,23.7700715914,24.1059313387,23.7702104298
722,23.7701525881,24.1021086139,23.7703603476
723,23.7699113355,24.0972623266,23.7703886981
724,23.7697710841,24.091846863,23.7699125665
725,23.7699045729,24.0859298885,23.7706013652
726,23.7699400491,24.0796225008,23.7706306291
727,23.7699985794,24.0730280405,23.7705930808
728,23.3134095729,24.0294342142,23.3018965227
729,23.2899874666,23.965543827,23.2901803897
730,23.2899154427,23.882140127,23.2898121201
731,23.2898312734,23.8268020202,23.2902683958
732,23.2899787501,23.8018242095,23.2899231334
733,23.2899257545,23.7933675969,23.2898617077
734,23.2899428762,23.7903023403,23.2903415354
735,23.2897967898,23.7880879408,23.2901804919
736,23.289918606,23.7860494494,23.2900725873
737,23.2899656109,23.7844651917,23.2900244426
738,23.2900013051,23.7833723255,23.2899616263
739,23.2898806961,23.7826296568,23.2904294246
740,23.5265828711,23.8027248882,23.5356937502
741,23.5389075345,23.8347725373,23.539716605
742,23.539858241,23.8700069985,23.5404779462
743,23.5400708686,23.8913813085,23.5406015469
744,23.5399853451,23.8991716281,23.5404265586
745,23.5397949093,23.899447539,23.5401989324
746,23.5398131478,23.8968538568,23.539980261
747,23.5401063985,23.8933822108,23.5401949557
748,23.5400288249,23.8895302604,23.540058357
749,23.540025179,23.8852844597,23.5400558869
750,23.5400184088,23.8806762551,23.5405266506
751,23.5401801112,23.8758077395,23.5405832694
752,23.644232135,23.8786888012,23.6308295354
753,23.6495915336,23.8882078093,23.7556465903
754,23.6500654614,23.899176667,23.8636958742
755,23.6498712121,23.9047629017,23.9357799013
756,23.6498752642,23.9047903583,23.9768894159
757,23.649957597,23.901612621,23.998778935
758,23.649935036,23.8971368962,24.0107408735
759,23.6501527722,23.8921925314,24.0178475501
760,23.6502559271,23.8870185442,24.0222948515
761,23.6502539571,23.8816363126,24.0249641027
762,23.6503060514,23.8760499378,24.0263100417
763,23.6503162169,23.8703055024,24.0266745259
764,23.7260298096,23.8691821572,24.0229157251
765,23.7298453225,23.8763618913,24.0169746782
766,23.7300374606,23.8865400744,24.0111573706
767,23.7299950106,23.8940395437,24.0063526094
768,23.7301158636,23.8981216029,24.0024762822
769,23.7300574686,23.9001691077,23.999164326
770,23.7296844024,23.9014136363,23.9961270216
771,23.7298202942,23.9023854568,23.9932145831
772,23.7300860618,23.9032820671,23.9903692871
773,23.7303065997,23.9041530911,23.9875718963
774,23.7297602905,23.9049954235,23.984812995
775,23.7300392858,23.9057194526,23.9820842863
776,23.8518938045,23.8898463153,23.9560155643
777,23.8910241653,23.9009720767,23.9126273812
778,23.9025191605,23.9228510114,23.8820898724
779,24.1524075867,23.9474040784,23.8615184309
780,24.1594147809,23.9844033509,23.8471669752
781,24.1597645432,24.0151441809,23.8365607364
782,24.1599799614,24.0318573138,23.8282267299
783,24.1599346923,24.0372111622,23.8213444551
784,24.1597419617,24.0363317491,23.8154486731
785,24.1600399947,24.0327051675,23.8102522691
786,24.1604376999,24.0279140305,23.8055602349
787,24.1609010459,24.0224626652,23.8012347649
788,23.772512629,24.0203208422,23.7998421379
789,23.7602641633,23.9761479863,23.7969303737
790,23.7600654528,23.9228119621,23.7926191147
791,23.760457512,23.8873106698,23.7879870337
792,23.7601705464,23.8710300703,23.783648523
793,23.7599107349,23.8659861727,23.779712935
794,23.7599557195,23.8655074045,23.776076223
795,23.7602489644,23.8664689555,23.7726059702
796,23.7600939001,23.8680281913,23.7692160618
797,23.7599194939,23.8700568251,23.765869035
798,23.760278846,23.8725157222,23.7625531841
799,23.7599861352,23.8753579466,23.7592654773
800,23.2855810742,23.8499306614,23.7580462932
801,23.2606160276,23.7920473467,23.755528933
802,23.2599747356,23.7197882832,23.7518349751
803,23.2596848818,23.6721982706,23.7478188152
804,23.2599581,23.6506271796,23.7439672463
805,23.2598703868,23.6434221332,23.7403721934
806,23.2601554982,23.6413048424,23.7369611797
807,23.2601902263,23.6403172291,23.7336372366
808,23.2599750581,23.6396041595,23.7303382988
809,23.2598815666,23.6392338561,23.7270401862
810,23.2601067152,23.6392923149,23.7237386786
811,23.2598146168,23.6397494912,23.7204357247
812,23.5385876646,23.6185060124,23.7191869221
813,23.6398651778,23.6627190449,23.7166096896
814,23.6399457863,23.726670197,23.7128432794
815,23.6395573059,23.7746509057,23.7087463993
816,23.6396242345,23.7998853791,23.7048236219
817,23.6397169155,23.8101462448,23.7011933413
818,23.6397230606,23.813789769,23.6978161344
819,23.6403038639,23.8153142512,23.6945896514
820,23.6400613912,23.8161692211,23.6913964534
821,23.6402389997,23.8164219951,23.6882046593
822,23.6399743074,23.8160782708,23.6850285335
823,23.6400106991,23.8152157549,23.6818812375
824,23.8291820689,23.813344109,23.6787651956
825,23.8391801395,23.8311649925,23.6756681786
826,23.8398569941,23.8532057752,23.6726261738
827,23.8397777747,23.8677714059,23.6696053654
828,23.840100764,23.8735371056,23.666587914
829,23.8398635006,23.873771284,23.6635825167
830,23.8400369016,23.8714557778,23.6605987848
831,23.83962306,23.868154131,23.6576405954
832,23.8399941624,23.8643190451,23.6547072474
833,23.8397971255,23.8601373669,23.6517963872
834,23.8400605777,23.855587804,23.6488975679
835,23.8399171379,23.8507848783,23.6460106356
836,23.8684914092,23.8465992212,23.6431397683
837,23.8699319786,23.8464373111,23.6402867735
838,23.8703602241,23.8476947721,23.637450976
839,23.8702540998,23.8482662179,23.6346310892
840,23.8699172855,23.8476718109,23.6318260467
841,23.8695002532,23.8462535421,23.6290352742
842,23.8697562245,23.8444329378,23.6262582873
843,23.8706225065,23.8425622513,23.6235021821
844,23.8700079462,23.8408113666,23.6207647821
845,23.8701678206,23.8390000671,23.6180401646
846,23.8703498335,23.8371222551,23.6153249665
847,23.8699618564,23.8352184989,23.6126184856
848,23.3975279096,23.8235018966,23.3732808767
849,23.3703559939,23.7640624049,23.3711515854
850,23.3698559428,23.6880179592,23.3704927023
851,23.3699813027,23.6347204633,23.3704051979
852,23.3702104103,23.6073347036,23.3699822929
853,23.3700239076,23.5948567908,23.3706377473
854,23.3700092622,23.5879967415,23.370558282
855,23.3703217274,23.5825692739,23.3703562932
856,23.3700744974,23.5776064585,23.3706682615
857,23.3698326477,23.5730617605,23.370392819
858,23.369882039,23.5689499582,23.370615446
859,23.3700634911,23.5652198778,23.3707508162
860,23.6233607426,23.5539117653,23.6136022794
861,23.7201023521,23.5884455572,23.7203164679
862,23.7202793484,23.6344268484,23.7208581452
863,23.7199419278,23.6656290706,23.7208813466
864,23.7200944435,23.6792193063,23.7205094073
865,23.7199739188,23.6818212769,23.7207129192
866,23.7202732659,23.6795542731,23.7205721333
867,23.7203361881,23.6755878024,23.7207271837
868,23.7198000005,23.6709274399,23.7209416025
869,23.720424947,23.6657019674,23.7203565293
870,23.7200240218,23.6601017336,23.7205544786
871,23.7200184775,23.6541708879,23.7204671583
872,23.9557110926,23.6489455682,23.9663527517
873,23.9690729971,23.6758103018,23.9701752536
874,23.9698519045,23.7060626127,23.9708533272
875,23.9704351836,23.7255439513,23.9708933392
876,23.9697540145,23.7343792728,23.9703295613
877,23.970260309,23.7372025591,23.9700233797
878,23.9703389303,23.737889031,23.9708560782
879,23.9700293616,23.7380469984,23.9702835393
880,23.9699224475,23.7379940127,23.9702945801
881,23.9699746489,23.7377447334,23.9708239004
882,23.9699100782,23.7373390039,23.970756822
883,23.9700847028,23.7369522673,23.9702730055
884,23.9792704048,23.7385735169,23.9803957609
885,23.9799977383,23.7446679044,23.9803239131
886,23.9799045174,23.7530897538,23.9805000451
887,23.9800806642,23.762212189,23.980278838
888,23.979774411,23.7713719351,23.9804230673
889,23.9799028136,23.7804266361,23.9806859978
890,23.9799176712,23.7894267718,23.9801542145
891,23.9799107388,23.7984077311,23.980506004
892,23.9800463083,23.8073741206,23.9805951071
893,23.9800692986,23.8163364216,23.9802875019
894,23.979820202,23.8252787167,23.9804153886
895,23.9798553011,23.8341496034,23.9800136228
896,23.5872726558,23.8389116621,23.5451588938
897,23.5698666954,23.7904470937,23.5715277519
898,23.5699071514,23.7241026969,23.5702509519
899,23.56987472,23.6784355174,23.5703184769
900,23.5698633294,23.6567931732,23.5705188335
901,23.5697817757,23.648640054,23.5704252436
902,23.5698777166,23.6451022055,23.5701102138
903,23.5699335126,23.6424287265,23.5702282034
904,23.5698770104,23.6399189984,23.5701421802
905,23.5698246067,23.6377224038,23.5699437792
906,23.5699252503,23.6359206286,23.5702851634
907,23.5699672748,23.6344615842,23.5704895234
908,23.6710262412,23.6353947613,23.6781221782
909,23.678916599,23.6515320087,23.6803648202
910,23.6797813504,23.6703729725,23.6806572471
911,23.6797697026,23.6835096226,23.6804556726
912,23.6798352102,23.6904438616,23.6806440638
913,23.6799230499,23.6938622632,23.6805209742
914,23.6798037952,23.6960154971,23.6804876951
915,23.6799261961,23.6978631528,23.6799845155
916,23.6798711263,23.6996537945,23.6804505924
917,23.6799572659,23.701358139,23.6799664248
918,23.679970499,23.7029521435,23.6800532195
919,23.6799292146,23.7044619298,23.6799736222
920,23.3572355141,23.6909880441,23.346232123
921,23.3405667144,23.6418615795,23.3406330877
922,23.3399561568,23.583048725,23.3403013263
923,23.339867406,23.5456891616,23.3402701604
924,23.3398816376,23.529533254,23.3406557316
925,23.3399109256,23.5241048627,23.3406223144
926,23.3398608372,23.5217481378,23.3402808428
927,23.3398846673,23.519667972,23.3399363848
928,23.3398516555,23.5176033737,23.340209707
929,23.339835234,23.515799722,23.3404696938
930,23.3398993986,23.5143240074,23.3403114884
931,23.3398738514,23.5130992407,23.340567177
932,23.6350696318,23.5144728406,23.606000888
933,23.729496904,23.5759377231,23.7301540063
934,23.7299354261,23.646009888,23.7303725072
935,23.7300035327,23.6926809127,23.7308388391
936,23.72991348,23.7159058729,23.7300013103
937,23.7299078059,23.7264045539,23.7301483982
938,23.7298307007,23.732446059,23.7299677351
939,23.7298756573,23.7374276833,23.7303245179
940,23.7299419436,23.7420809486,23.7304857752
941,23.7300069945,23.7463768082,23.7305821763
942,23.7299179152,23.7502936754,23.7307864061
943,23.7299910654,23.753896895,23.7305102732
944,23.4090574432,23.7405481694,23.3958364144
945,23.3907067272,23.6909936488,23.3906884197
946,23.3900133942,23.634349929,23.3904772678
947,23.3899755088,23.5998833079,23.3902421949
948,23.3899216293,23.5862329518,23.3905613602
949,23.3899317043,23.5827933391,23.3899732593
950,23.3898832121,23.5821470493,23.3902715331
951,23.3899073795,23.5816921378,23.3900326402
952,23.3898728903,23.5812315503,23.3899686014
953,23.3900480625,23.5810099214,23.3898366419
954,23.38992671,23.5811173858,23.3902380356
955,23.3899185267,23.5814216693,23.390619954
956,23.3899543585,23.5827166022,23.3905990535
957,23.3898539324,23.5851115659,23.3901321106
958,23.3898886099,23.5882046178,23.3901532322
959,23.3899744758,23.5916307912,23.3902647035
960,23.3899832132,23.5952017618,23.3900918549
961,23.3899842507,23.5988284203,23.3903608173
962,23.3899950512,23.6026610156,23.3906208281
963,23.3898871844,23.606748808,23.3905187143
964,23.390014516,23.6110097547,23.3899988733
965,23.3900126264,23.6153938272,23.3899683795
966,23.3900521549,23.6198469021,23.3900155611
967,23.3900571555,23.6243372963,23.390567858
968,23.6028867169,23.6340351276,23.6152635958
969,23.6179686517,23.668688,23.6202984545
970,23.6199960122,23.7078665485,23.6207125376
971,23.6198814911,23.7350892348,23.6206471623
972,23.6198036062,23.7493097034,23.6204360269
973,23.6199192401,23.7558109576,23.620262123
974,23.6199420589,23.7591797598,23.6201208196
975,23.6199803692,23.7615581727,23.6206024856
976,23.6199650251,23.7635304017,23.6198756363
977,23.6197756418,23.7652312364,23.6204363859
978,23.6200622437,23.7666451259,23.6202665745
979,23.6199759468,23.7678844503,23.6200625039
980,23.2644390874,23.7449851188,23.256683435
981,23.2500749855,23.7032230124,23.2504463183
982,23.2499864083,23.6564402644,23.2499488709
983,23.2499492715,23.631240415,23.2501725829
984,23.2501062281,23.6251910199,23.2498547712
985,23.2500845921,23.6285071119,23.2500884264
986,23.2500326893,23.6346215183,23.250040503
987,23.2498858524,23.6411685675,23.2500144926
988,23.2500704292,23.6478438934,23.2503682642
989,23.2500036609,23.6548415582,23.2503000357
990,23.2499781935,23.6621845926,23.2501946706
991,23.2499918821,23.6697879429,23.2503948272
992,23.5156472013,23.6826557863,23.3068002736
993,23.5289564999,23.7182152907,23.3829643594
994,23.5300873871,23.7602432786,23.4461036313
995,23.5301156362,23.7913337105,23.4867030678
996,23.5298456764,23.8085201955,23.5091665768
997,23.5303732203,23.8162982417,23.5208583262
998,23.5299442067,23.8195500182,23.5270932657
999,23.5302986112,23.8208851838,23.5306154363
1000,23.5302676745,23.8213633006,23.5325771705
1001,23.5302694093,23.8212552256,23.5334547535
1002,23.5303541617,23.8206660801,23.5335193688
1003,23.5296820711,23.8197151863,23.5329854172
1004,23.6466745022,23.7880939692,23.5264581432
1005,23.6768571998,23.7799300236,23.5156158329
1006,23.6868533658,23.7943075988,23.5077088548
1007,23.6902116562,23.8035180282,23.5021605563
1008,23.6918767316,23.8071400272,23.4978532632
1009,23.6925443751,23.8086006179,23.4942906597
1010,23.6928611823,23.8088991345,23.4912159998
1011,23.6928638344,23.8084727011,23.4884473475
1012,23.6927480702,23.807647084,23.4858775501
1013,23.6924581044,23.8066197063,23.4834444792
1014,23.692086117,23.8053942146,23.4810930132
1015,23.6917681087,23.80407395,23.4787975679
1016,23.614419005,23.8233642846,23.4765472147
1017,23.6100162673,23.8336244318,23.4743181363
1018,23.6097508255,23.8342097174,23.4720887586
1019,23.6102594675,23.8311073876,23.4698663528
1020,23.6100795057,23.8282315646,23.4676578281
1021,23.6098451139,23.8264343045,23.46547014
1022,23.6101348799,23.8252570692,23.4632980527
1023,23.6093499673,23.8242513032,23.4611331305
1024,23.6101883394,23.8231038591,23.4589707016
1025,23.6096376729,23.8219455195,23.4568096626
1026,23.6097306734,23.8207225451,23.4546506003
1027,23.6097207887,23.8194423227,23.4524883132
1028,23.780300568,23.8181211399,23.4503311021
1029,23.7895608974,23.8357740256,23.4481766426
1030,23.789706064,23.8584298439,23.4460310313
1031,23.7906743955,23.8749183764,23.4438973003
1032,23.7902164403,23.8837095066,23.4417755102
1033,23.7900010294,23.8874108233,23.4396664771
1034,23.7902215886,23.8887203387,23.437571438
1035,23.7904861826,23.8891473526,23.4354911926
1036,23.7900519434,23.889221521,23.4334257708
1037,23.7898817049,23.8889735206,23.4313746551
1038,23.7893369214,23.8884436349,23.4293370541
1039,23.790047526,23.8876659903,23.4273121713
1040,23.8248194016,23.8775560773,23.4265545515
1041,23.7469653354,23.8647374739,23.4249925473
1042,23.6779928757,23.8430336587,23.4227070075
1043,23.6417421724,23.8090749189,23.4202341112
1044,23.629850633,23.7739576841,23.417870572
1045,23.6277401492,23.7483636295,23.4156694199
1046,23.6268318739,23.7343585068,23.4135902548
1047,23.6250727117,23.7275879145,23.4115756752
1048,23.6229141087,23.723276745,23.4095863242
1049,23.6208144266,23.7191296833,23.4076050795
1050,23.6191504277,23.7147996467,23.405627436
1051,23.6176820292,23.7106122681,23.4036532775
1052,23.6550430032,23.7072238956,23.4016829442
1053,23.6564628671,23.7134003964,23.3997109154
1054,23.6555224292,23.7210257801,23.3977439083
1055,23.6542478415,23.7248606076,23.395779566
1056,23.6533906462,23.7250723018,23.3938233634
1057,23.6521845396,23.723733953,23.3918770585
1058,23.6514380854,23.7221106211,23.3899385628
1059,23.6504244775,23.7206571041,23.3880062971
1060,23.6496436207,23.7192796334,23.3860797773
1061,23.6487330009,23.7179140547,23.3841591094
1062,23.6477447771,23.7165135622,23.3822444567
1063,23.6469638338,23.7150632161,23.380335892
1064,23.6522167297,23.7136853991,23.3784335055
1065,23.6510982293,23.7137877719,23.376537261
1066,23.6498512158,23.7139325328,23.3746470349
1067,23.648357476,23.713346985,23.3727627769
1068,23.647613538,23.7121026031,23.3708844988
1069,23.6466934658,23.710725295,23.369012264
1070,23.6458019052,23.7094204236,23.3671460896
1071,23.6447701855,23.708187431,23.3652859733
1072,23.6440392686,23.7069448331,23.3634318616
1073,23.6431979521,23.7057339549,23.3615837115
1074,23.6423346129,23.7045454971,23.3597414582
1075,23.6415986323,23.7033592113,23.3579050653
1076,23.6440522367,23.7007110772,23.3560744116
1077,23.6432607601,23.6972788298,23.3542494488
1078,23.6427095179,23.6930399678,23.3524301541
1079,23.6418645075,23.6882469899,23.3506165616
1080,23.6409213819,23.6831319339,23.3488086979
1081,23.6400089124,23.677849385,23.3470066028
1082,23.6391229156,23.6725014328,23.3452102667
1083,23.6382508705,23.6671425402,23.3434196743
1084,23.637520171,23.6617934006,23.3416347664
1085,23.6366023666,23.6564896358,23.3398554972
1086,23.6357357002,23.651189598,23.3380817965
1087,23.6348340364,23.6458892417,23.3363136225
1088,23.602110626,23.6430933702,23.3345509826
1089,23.599038413,23.63559082,23.3327889067
1090,23.5978995917,23.6287523475,23.3310332652
1091,23.5969253299,23.6257352931,23.3292861873
1092,23.5962076382,23.6258093234,23.3275452355
1093,23.5953262619,23.6272842219,23.3258080188
1094,23.5943742198,23.6290656536,23.3240733593
1095,23.5934611731,23.6308156012,23.3223410561
1096,23.5926919963,23.6325637244,23.3206113093
1097,23.5918288806,23.6344048833,23.318884428
1098,23.5908809299,23.636326237,23.3171606628
1099,23.5898495945,23.6382705492,23.315440235
1100,23.5698107549,23.6384271739,23.3137232439
1101,23.5675699194,23.6323510192,23.3120049729
1102,23.5667402773,23.6248064703,23.3102914044
1103,23.5656840366,23.6190193666,23.3085849638
1104,23.564796284,23.6149940683,23.3068836766
1105,23.5635837395,23.6117540942,23.3051855795
1106,23.5627468898,23.6085614198,23.3034897847
1107,23.5617970882,23.6053124408,23.3017962322
1108,23.560781879,23.6020489798,23.300105157
1109,23.5598462819,23.5987901428,23.2984168452
1110,23.5588285124,23.595555064,23.2967315045
1111,23.5578260424,23.5923218888,23.2950493087
1112,23.5684558913,23.5900191027,23.2933703784
1113,23.5682065083,23.5913468113,23.2916948357
1114,23.5674665349,23.5934885329,23.2900228007
1115,23.566598294,23.5946327869,23.2883545022
1116,23.5655468758,23.5947379272,23.286690233
1117,23.5648910168,23.5943352249,23.2850303023
1118,23.563743365,23.5939112521,23.2833749148
1119,23.5630268936,23.5934899238,23.2817241917
1120,23.562133673,23.5931218676,23.2800781516
1121,23.5612647759,23.5927662018,23.2784367872
1122,23.5605349765,23.5924036779,23.2768000493
1123,23.5596671307,23.5920675046,23.2751679059
1124,23.528283883,23.5941665322,23.2745503063
1125,23.7526818387,23.6046514985,23.2732777536
1126,23.7595340046,23.6349225421,23.2714175703
1127,23.7605916335,23.6674572754,23.2693998988
1128,23.7596074693,23.6915776128,23.2674724025
1129,23.760129919,23.7065149767,23.2656909207
1130,23.7603113849,23.7159084434,23.2640179293
1131,23.7600679826,23.7229435505,23.2624047024
1132,23.7596421304,23.7291266424,23.2608218801
1133,23.7596728139,23.7348964379,23.2592576498
1134,23.7598717284,23.7403973242,23.2577085711
1135,23.7604019477,23.745733735,23.2561692518
1136,23.5355175677,23.750202217,23.2613426657
1137,23.5209133513,23.7273930951,23.2688421597
1138,23.5202107663,23.6960304445,23.2748199192
1139,23.5194077813,23.6723048337,23.278225223
1140,23.5199270646,23.6590824567,23.2796043287
1141,23.5201226184,23.6528763487,23.2798069845
1142,23.5201142509,23.6498733493,23.2794274866
1143,23.5198214409,23.6479928599,23.2787595929
1144,23.5197320207,23.6465143435,23.2779194109
1145,23.5198284424,23.6453356236,23.2769526578
1146,23.5197382001,23.6444707428,23.2758867655
1147,23.5200121378,23.6438545272,23.2747453713
1148,23.7376218266,23.6427796343,23.2735488033
1149,23.7492621613,23.6656214983,23.2723087412
1150,23.7499796328,23.6946487158,23.271041205
1151,23.7504364071,23.7156787291,23.2697574023
1152,23.7501542318,23.726698716,23.2684590879
1153,23.7497778704,23.7308983607,23.2671583842
1154,23.7501630074,23.7317196037,23.2658590552
1155,23.750549404,23.7312366079,23.2645658474
1156,23.7498921843,23.730246505,23.2632855126
1157,23.7499295494,23.7288381215,23.2620236929
1158,23.7501145686,23.7271245645,23.2607847594
1159,23.7495718512,23.7252417912,23.2595724888
1160,23.9481174734,23.7231423506,23.2583903968
1161,23.9590879706,23.7436487993,23.257241951
1162,23.9600271337,23.7707572111,23.256131019
1163,23.9604757088,23.7911397051,23.2550629894
1164,23.9597487594,23.8023031201,23.2540445254
1165,23.9607319584,23.8070155487,23.2530826306
1166,23.9596597816,23.8087022003,23.2521841602
1167,23.9599744225,23.8091317024,23.2513556642
1168,23.9597427335,23.8091737287,23.2506029431
1169,23.9605574225,23.8092243597,23.2499307565
1170,23.9597383859,23.8095002911,23.2493422309
1171,23.9599095486,23.8098347888,23.2488391375
1172,23.7643132176,23.8123841924,23.2484218042
1173,23.7509422254,23.7875604033,23.2480896095
1174,23.7499405926,23.7530304965,23.247840216
1175,23.7496990025,23.7253073681,23.2476686036
1176,23.7494147779,23.7081150566,23.2475660275
1177,23.7495239835,23.6982632554,23.2475182159
1178,23.7498336502,23.6919900977,23.2475055845
1179,23.7498024969,23.6871485889,23.2475434057
1180,23.7498548533,23.6829115836,23.2476503012
1181,23.750192373,23.6791068381,23.2478369884
1182,23.7501873886,23.675750208,23.248105742
1183,23.7502849761,23.6727661496,23.248454166
1184,23.9833960013,23.6716230693,23.248877706
1185,23.9982431974,23.7040000898,23.2493716429
1186,24.0004245227,23.7460571565,23.2499317901
1187,24.0000764833,23.7794428505,23.2505560727
1188,24.0002073487,23.8007070418,23.2512436982
1189,23.9999852581,23.8139237736,23.2519937864
1190,24.0004434112,23.8234252934,23.2528037273
1191,24.0002384951,23.8316809806,23.2536694854
1192,24.0000195972,23.8394459691,23.2545857034
1193,24.0003613894,23.8468295444,23.2555466825
1194,23.9999822184,23.8539279607,23.2565464878
1195,24.00020589,23.8607171479,23.2575796593
1196,23.7218834196,23.8715526585,23.2586410714
1197,23.6937765885,23.8370311987,23.2597262704
1198,23.6908966921,23.7864922463,23.2608304435
1199,23.6903913288,23.7487136338,23.2619472095
1200,23.6900677091,23.7294592508,23.2630684988
1201,23.6901169827,23.7222806743,23.264186915
1202,23.6902786904,23.7202604788,23.2652971485
1203,23.6901369496,23.7197710996,23.2663963646
1204,23.6901953433,23.7196747409,23.2674827147
1205,23.6898886276,23.7198914938,23.2685543095
1206,23.6897946698,23.7203987018,23.2696077633
1207,23.6898147688,23.7211759708,23.2706403659
1208,23.7830568181,23.7274676261,23.2710155033
1209,23.7390914142,23.7479636037,23.2717801827
1210,23.6782408591,23.7547774364,23.2728877645
1211,23.6521668647,23.740156783,23.2740661295
1212,23.6434117764,23.7181683214,23.2751604347
1213,23.6418623106,23.70257583,23.2761420913
1214,23.6382151678,23.6960280186,23.2770363724
1215,23.6338050407,23.6946741922,23.2778707127
1216,23.6293558524,23.6946425967,23.2786586702
1217,23.6250724389,23.6943228111,23.2794020853
1218,23.6209215166,23.6936794332,23.280096908
1219,23.6150733011,23.6927445675,23.2807375954
1220,23.6072845595,23.6957024603,23.2809290496
1221,23.6273814038,23.6897740435,23.2815697919
1222,23.8434277505,23.7075631231,23.2821881842
1223,23.8497927159,23.7506199198,23.282650457
1224,23.8499684084,23.7912330891,23.2829658177
1225,23.849602351,23.8167205843,23.2831737089
1226,23.8501259082,23.8288830432,23.2832995997
1227,23.8498307358,23.8337505535,23.2833522107
1228,23.8499921032,23.8355930426,23.2833341755
1229,23.8498611134,23.8363304513,23.2832505069
1230,23.8500585589,23.8364757863,23.2831110985
1231,23.8498903297,23.8361683483,23.2829288547
1232,23.9157654957,23.8357488451,23.2827170685
1233,23.9197364772,23.8436393652,23.2824875475
1234,23.9201663418,23.8537296562,23.2822505048
1235,23.9200118908,23.8612042635,23.2820145839
1236,23.9204252268,23.8652987853,23.2817872359
1237,23.9199630606,23.8672700712,23.2815744841
1238,23.9200885989,23.8681648394,23.2813806932
1239,23.9200302089,23.868626756,23.2812083417
1240,23.9199149529,23.8688901195,23.2810573845
1241,23.9199034929,23.8690106672,23.280924891
1242,23.9202847378,23.8690228171,23.2808056036
1243,23.9201978607,23.86900136,23.2806931181
1244,23.6723192387,23.8709159967,23.2805809866
1245,23.6521300949,23.8408497273,23.2804632958
1246,23.6505191352,23.8009904155,23.2803347545
1247,23.649821315,23.7717320934,23.2801891599
1248,23.6503420059,23.7562771493,23.2800193165
1249,23.6500559738,23.7497413639,23.2798189884
1250,23.6499851407,23.747018279,23.2795839812
1251,23.6502850801,23.7454752066,23.2793121684
1252,23.65018272,23.7443414178,23.2790032624
1253,23.6499283128,23.7434645821,23.278658257
1254,23.649891518,23.7427906968,23.2782789636
1255,23.6503270635,23.7422833105,23.2778678437
1256,23.2655739548,23.7207292611,23.2776833412
1257,23.2498086484,23.6690428161,23.2773035894
1258,23.249996202,23.6102798564,23.2767458443
1259,23.2498895857,23.573375557,23.2761172526
1260,23.249900613,23.5569224197,23.2754749791
1261,23.2499464934,23.5509087971,23.2748253918
1262,23.2499154175,23.5482423866,23.2741555557
1263,23.2498497543,23.5461897597,23.2734536502
1264,23.2500005467,23.544291443,23.2727148139
1265,23.2500183821,23.5425157101,23.2719393475
1266,23.2498588515,23.5410928262,23.2711300454
1267,23.2499478689,23.5400619205,23.2702902889
1268,23.4215425152,23.5157830554,23.2699443214
1269,23.6773742144,23.556733842,23.268884291
1270,23.6800539713,23.626981587,23.2677428711
1271,23.6803311623,23.6846799679,23.2666928563
1272,23.6803754432,23.7187682369,23.2657235237
1273,23.680110655,23.7361906783,23.2647873237
1274,23.6804185884,23.7457937979,23.2638559476
1275,23.6795288575,23.7527041874,23.2629219778
1276,23.6798610346,23.7586061773,23.2619872719
1277,23.6800429033,23.7639460763,23.2610553889
1278,23.6800472785,23.7688340897,23.2601273484
1279,23.6797682592,23.7733616205,23.2592023478
1280,23.6950778381,23.7644948864,23.2524866541
1281,23.6053032979,23.7535630128,23.2412223269
1282,23.5570237584,23.7258486616,23.2321182159
1283,23.544092256,23.6936376759,23.2262879883
1284,23.5447202511,23.6700155499,23.2227554183
1285,23.5462669226,23.6586759004,23.2203767319
1286,23.5453807766,23.6552663117,23.2184704818
1287,23.5432680587,23.6542417888,23.2167611435
1288,23.5413524126,23.6528507225,23.2151723617
1289,23.539745129,23.650876466,23.2136857065
1290,23.5386816897,23.6488538028,23.2122860554
1291,23.5375273545,23.6471410344,23.2109502306
1292,23.5637205,23.6457572682,23.209663461
1293,23.5647815855,23.6507789224,23.208409515
1294,23.5640263601,23.6566004699,23.2071817531
1295,23.5629749843,23.6596393324,23.2059749412
1296,23.5624770496,23.6600862243,23.2047839293
1297,23.5614089001,23.659489929,23.2036052662
1298,23.560786589,23.658670475,23.2024368978
1299,23.5600205259,23.6579422472,23.2012774701
1300,23.5592412574,23.6572630198,23.2001259094
1301,23.5585178245,23.6565574072,23.1989812455
1302,23.5577999074,23.6558225084,23.1978426137
1303,23.5572227659,23.6550773944,23.1967092426
1304,23.5374366227,23.6536521656,23.1955805228
1305,23.5351827965,23.6471006502,23.194452599
1306,23.5344092092,23.6396186281,23.1933289482
1307,23.5338229999,23.6340218221,23.1922107139
1308,23.5328830637,23.6302627232,23.1910961658
1309,23.5321514179,23.6272466337,23.1899836218
1310,23.5316565402,23.6243335067,23.1888722333
1311,23.5309727624,23.6214204142,23.1877617505
1312,23.5301060617,23.6184991838,23.186652207
1313,23.5294499818,23.6155386851,23.1855436776
1314,23.5286828887,23.6125881915,23.1844362381
1315,23.5280653554,23.6096400399,23.183329925
1316,23.5733817444,23.6066728927,23.182224736
1317,23.5763657265,23.6141210859,23.1811165214
1318,23.5765485594,23.6228160479,23.180010476
1319,23.5760594068,23.6268938416,23.1789092572
1320,23.5755375203,23.6266384018,23.1778090617
1321,23.5750076844,23.6243899345,23.1767132308
1322,23.5743876343,23.621737374,23.1756235432
1323,23.5739290446,23.6191464654,23.174539299
1324,23.5733560993,23.6166267143,23.1734597293
1325,23.5728136378,23.6140786552,23.1723844844
1326,23.5721364621,23.6114843224,23.1713134973
1327,23.5715916469,23.608839852,23.1702467526
1328,23.5162973899,23.604486521,23.1698453702
1329,23.5123271881,23.5889988892,23.1690179066
1330,23.5112693365,23.573967758,23.1678074149
1331,23.5103992253,23.5649091909,23.1664931244
1332,23.5096515023,23.5605451764,23.1652354087
1333,23.5089026586,23.5580764361,23.1640642886
1334,23.5083711954,23.5558719807,23.1629533313
1335,23.5077426148,23.5535805401,23.1618717536
1336,23.5073269754,23.5512672706,23.1608012832
1337,23.5065709114,23.5490568968,23.1597345702
1338,23.5059801777,23.5468778454,23.1586696209
1339,23.5053381838,23.5447148574,23.1576059983
1340,23.5789939023,23.5534415433,23.1572060034
1341,23.6700865848,23.5805066956,23.1563799993
1342,23.6697648249,23.6091758431,23.1551687551
1343,23.6698237805,23.630142791,23.1538513326
1344,23.6698668819,23.643472681,23.1525900954
1345,23.6701489468,23.6523532328,23.1514198154
1346,23.670448842,23.6594171381,23.1503172395
1347,23.670063564,23.6659126594,23.1492525775
1348,23.6704470329,23.672123728,23.1482073971
1349,23.6702562818,23.6781738625,23.1471737427
1350,23.670100086,23.6840526505,23.1461517915
1351,23.670128779,23.6898007162,23.1451398194
1352,23.717476791,23.6938392219,23.1645146694
1353,23.7196944076,23.7011959081,23.1913202463
1354,23.7202058592,23.7084896024,23.2137254988
1355,23.7202320813,23.7133069484,23.2283069067
1356,23.7205172854,23.7155724762,23.2366318975
1357,23.7204044919,23.716248696,23.2412929366
1358,23.7198153457,23.7161326036,23.2441338326
1359,23.7201951868,23.7155914909,23.2460751642
1360,23.7205136315,23.714889934,23.2474826177
1361,23.7198847376,23.7141239829,23.2484987129
1362,23.7200323967,23.7132039209,23.2492071465
1363,23.7198902411,23.7121962075,23.2496793847
1364,23.7270020776,23.7145166615,23.2497049578
1365,23.6261310565,23.711453493,23.2499615523
1366,23.5718877194,23.6826673309,23.2501576857
1367,23.5568528118,23.6445509353,23.2502218696
1368,23.5582114731,23.6148269011,23.2501784664
1369,23.5606943205,23.599254289,23.2500663807
1370,23.559903207,23.59332959,23.2499109976
1371,23.5581270199,23.5903782885,23.2497223805
1372,23.55628378,23.5870061261,23.249503567
1373,23.5550737546,23.5828197444,23.2492563239
1374,23.5540782676,23.5785146972,23.2489831502
1375,23.5532051088,23.5745095585,23.2486869197
1376,23.5972906028,23.5721754897,23.2483705438
1377,23.5997911717,23.5816743968,23.2480348721
1378,23.5993967525,23.5932547207,23.2476841811
1379,23.5988739948,23.6005100142,23.2473217157
1380,23.5983597621,23.6035781409,23.2469495903
1381,23.5979431523,23.6047653416,23.2465696872
1382,23.5975673097,23.6056536879,23.246183746
1383,23.5971292786,23.6067064655,23.2457930735
1384,23.5967038813,23.6078451373,23.2453986202
1385,23.5962833722,23.6089568774,23.2450009836
1386,23.595948587,23.6100186625,23.244600619
1387,23.5955068188,23.6110739011,23.2441978414
1388,23.5269762118,23.6082794001,23.2440408018
1389,23.5216912714,23.5920475433,23.2437178048
1390,23.5211603715,23.5768268647,23.2432470633
1391,23.5204774846,23.5691671615,23.2427354594
1392,23.5198048532,23.5671551142,23.2422417296
1393,23.5192521773,23.5673461437,23.2417770004
1394,23.5188364578,23.5678413044,23.2413299498
1395,23.5183304731,23.5682107601,23.2408875234
1396,23.5177176758,23.5685413597,23.2404425897
1397,23.517232964,23.5689153154,23.2399929501
1398,23.5166032705,23.5693753387,23.2395387234
1399,23.5161143182,23.5698706656,23.2390805252
1400,23.5744540689,23.5757807919,23.2389009535
1401,23.5726075617,23.5921843204,23.2385316482
1402,23.5719129436,23.6081563287,23.2379937861
1403,23.5713082675,23.6185807122,23.2374124035
1404,23.5707746081,23.6247765005,23.2368575894
1405,23.5705749688,23.6294277561,23.2363403314
1406,23.5701645153,23.634054746,23.2358510102
1407,23.5699795353,23.6389122872,23.235377368
1408,23.569495802,23.6439071506,23.2349112681
1409,23.5692837322,23.648868071,23.2344491226
1410,23.5689871024,23.6538268083,23.2339898215
1411,23.5685329933,23.6588197754,23.2335315944
1412,23.5453247971,23.6618780857,23.2367927874
1413,23.5465197349,23.6575677606,23.2419040378
1414,23.5486554212,23.6521762435,23.2465214754
1415,23.5496837468,23.6494659968,23.2497807755
1416,23.5500674456,23.6489867227,23.2518408942
1417,23.550250852,23.6491732947,23.2531437078
1418,23.5502588155,23.6491745427,23.2540368207
1419,23.5502817245,23.6488634625,23.254706414
1420,23.5502162494,23.6484052439,23.2552326017
1421,23.5501449217,23.6479125048,23.2556493539
1422,23.550128306,23.6474211065,23.2559771757
1423,23.5501928992,23.6469440756,23.2562331872
1424,23.5610961375,23.6472582447,23.4486752693
1425,23.5704530216,23.6501262643,23.6737092446
1426,23.5766909106,23.6542403934,23.8208931778
1427,23.5793177737,23.6584440111,23.8811971949
1428,23.5799944189,23.6615678387,23.8946761222
1429,23.5798289511,23.6632034491,23.8958315021
1430,23.5798982943,23.6636481604,23.8987304856
1431,23.5802844614,23.6635372537,23.9044087521
1432,23.5802102421,23.6633546979,23.9104450493
1433,23.5803593001,23.6631333628,23.9154105692
1434,23.5807138305,23.6628911987,23.9192584254
1435,23.5806070954,23.6626850835,23.9224535377
1436,23.5865282551,23.6624654056,23.900121039
1437,23.6382282175,23.6618813909,23.9001689553
1438,23.6638090981,23.6779651209,23.9000408793
1439,23.8924080967,23.7048501113,23.9004302087
1440,23.8994361356,23.745791675,23.9001026495
1441,23.9006160025,23.7812003531,23.9006337041
1442,23.9007627911,23.8024081323,23.9004387552
1443,23.9001977922,23.8112311656,23.9001411448
1444,23.9000862483,23.8125530557,23.9002399503
1445,23.900113976,23.8102513643,23.9007345322
1446,23.900060885,23.8063425282,23.9006472868
1447,23.900102627,23.8016001326,23.900398256
1448,23.6271160324,23.8056311256,23.6116246425
1449,23.6016443595,23.7707176731,23.6006395489
1450,23.600100998,23.7176956324,23.5999354862
1451,23.5999265903,23.6766230512,23.5998863001
1452,23.5999597627,23.6544442061,23.5998940926
1453,23.5997552696,23.6450281545,23.599889392
1454,23.5997788349,23.6411649197,23.5998837977
1455,23.5998037122,23.6389993476,23.5998782351
1456,23.5999398434,23.6373511236,23.599872733
1457,23.5999272804,23.6361378225,23.59986729
1458,23.5998174722,23.6353699038,23.5998618989
1459,23.5997556422,23.6349560412,23.5998565518
1460,23.4006670319,23.6327961703,23.3894467541
1461,23.3814779474,23.6017196958,23.3804824972
1462,23.3800574336,23.5591047866,23.3798852503
1463,23.3798988758,23.5283240141,23.3797837203
1464,23.3799561924,23.5127564728,23.3797902043
1465,23.3799915357,23.5063360539,23.3797834105
1466,23.3798746927,23.5032924602,23.3797774213
1467,23.3797588615,23.5009222146,23.3797732491
1468,23.3798832055,23.4986349116,23.3797684563
1469,23.3800283302,23.4965620256,23.3797634772
1470,23.379961223,23.4947878225,23.3797584363
1471,23.3799025468,23.4932230759,23.3797533832
1472,23.3433256374,23.4912523873,23.3411140904
1473,23.3400770931,23.4847082718,23.3397606445
1474,23.3399309976,23.4770950858,23.339756424
1475,23.3398983658,23.4720994221,23.3397341756
1476,23.3399459122,23.4698998187,23.3397342389
1477,23.3399357374,23.4692660579,23.3397313852
1478,23.3399549775,23.4691710649,23.3397282246
1479,23.3398304955,23.4691903193,23.3397251636
1480,23.3397385877,23.4692330178,23.3397222389
1481,23.3397522908,23.4693223849,23.3397193452
1482,23.3398287803,23.4694904076,23.3397164897
1483,23.339920861,23.4697676129,23.3397136751
1484,23.5079767118,23.475415694,23.516682082
1485,23.5187778046,23.5054704639,23.5196859519
1486,23.5196908309,23.5385518259,23.5196355083
1487,23.5200028979,23.5605441351,23.5197335248
1488,23.5198679296,23.5714630373,23.5197086654
1489,23.5198716172,23.5763224567,23.5197007932
1490,23.5198314547,23.5790800374,23.5196964486
1491,23.5197595064,23.5813908872,23.5196950217
1492,23.5198218228,23.5835731598,23.5196926199
1493,23.5197431376,23.5856012699,23.5196898665
1494,23.519795378,23.5874374197,23.5196869491
1495,23.5198047963,23.5891439479,23.5196839405
1496,23.9137045625,23.6165383034,23.8279907471
1497,23.9196622418,23.6883031988,23.9197574852
1498,23.9199333068,23.7506046894,23.9202845586
1499,23.9200011278,23.7902892447,23.9201595703
1500,23.919820079,23.8124471065,23.9203506601
1501,23.9198962951,23.825761616,23.9199110378
1502,23.9199295481,23.835828554,23.9199336962
1503,23.9197657119,23.844851065,23.9204146775
1504,23.9199062643,23.8532934483,23.9199355816
1505,23.9199198054,23.8611772884,23.9201667939
1506,23.9197624611,23.868580292,23.9203087339
1507,23.9199079292,23.8756289618,23.9202488274
1508,24.0418699301,23.8812223783,24.0475977682
1509,24.0491786555,23.9057362554,24.0497293753
1510,24.0496065978,23.9326093491,24.0501816922
1511,24.0498271287,23.9525274372,24.0497850715
1512,24.0497142311,23.9647155592,24.0497681554
1513,24.049703436,23.9720159354,24.0497627341
1514,24.0498151441,23.9772039228,24.0497568594
1515,24.0496795131,23.9817721278,24.0501577886
1516,24.0497810325,23.9861449002,24.0497545113
1517,24.0499173448,23.9903836695,24.0497402551
1518,24.0498380873,23.9944883726,24.0501434937
1519,24.0498873125,23.998444865,24.0497387725
1520,23.7704802889,24.00515965,23.7543452347
1521,23.7421193696,23.968300912,23.7404955611
1522,23.7398687188,23.9120713044,23.7397545346
1523,23.7397260768,23.8709059336,23.7395918796
1524,23.739810083,23.8514650045,23.7396289565
1525,23.7398975178,23.8455893518,23.739631445
1526,23.73971387,23.8448143091,23.7396303286
1527,23.7397804605,23.8450191824,23.739628999
1528,23.7397628509,23.8453181051,23.7396278403
1529,23.7398392361,23.8458488579,23.739626587
1530,23.7398146013,23.8467507342,23.7396252699
1531,23.7397501556,23.8479529171,23.7396239039
1532,23.5770082648,23.8461962253,23.567566885
1533,23.5610224619,23.8241206791,23.5596351956
1534,23.5599238544,23.7946206628,23.559695748
1535,23.5597386257,23.7760862058,23.559577415
1536,23.5598623528,23.7703490969,23.5604085906
1537,23.5598427578,23.7719983494,23.5596247776
1538,23.5599671453,23.7762760361,23.5595988953
1539,23.5598340961,23.7811122322,23.5595998604
1540,23.5597857758,23.7860473421,23.5595991178
1541,23.5598723709,23.7911696486,23.5595990846
1542,23.559786489,23.7965677442,23.5595989313
1543,23.5597999022,23.8021439322,23.5604073906
1544,23.3196808226,23.7895340961,23.3044204786
1545,23.2923179809,23.7480247573,23.2899485505
1546,23.2899977248,23.6911030157,23.2897671062
1547,23.2898013476,23.6513477863,23.2895207885
1548,23.2897165003,23.6321719031,23.2895436822
1549,23.289840483,23.624184506,23.2895488133
1550,23.2897488369,23.619596799,23.2895504598
1551,23.2896748513,23.615265043,23.2895521422
1552,23.2898742846,23.6107855596,23.2903399874
1553,23.2897865547,23.6064731587,23.2895842862
1554,23.2897859117,23.6024072244,23.2895565985
1555,23.2897724942,23.5985390471,23.2903443422
1556,23.556012238,23.624373888,23.5659539582
1557,23.5687834932,23.6791831449,23.5696532888
1558,23.5698661314,23.7348053097,23.5700468363
1559,23.5699780202,23.7711687262,23.570309387
1560,23.5698878377,23.7896695902,23.5702813422
1561,23.5700029161,23.7984571329,23.5700708956
1562,23.5700121545,23.8036489653,23.5698822608
1563,23.5697534502,23.8077793176,23.5704006656
1564,23.5700257889,23.8113622254,23.5702888736
1565,23.5698832363,23.8144686283,23.5699617722
1566,23.5700478773,23.8171008406,23.5704514399
1567,23.5698797398,23.8193930542,23.5700021165
1568,23.5232824805,23.8204311374,23.5209370084
1569,23.5202571402,23.8171985848,23.5204252846
1570,23.5200405211,23.8102654083,23.5199947447
1571,23.5201416687,23.8037669584,23.5202324928
1572,23.5199971216,23.7989150277,23.5200045353
1573,23.5199744339,23.7951597448,23.5205428231
1574,23.5198892614,23.7917815581,23.5199846378
1575,23.5199178679,23.7884238287,23.5200193069
1576,23.520096653,23.784999114,23.520038342
1577,23.5199981876,23.781520008,23.5203635681
1578,23.5200027601,23.777918314,23.5203589854
1579,23.5199412573,23.7742373537,23.5206004934
1580,23.7660512855,23.7766586141,23.7751111847
1581,23.7789361184,23.8081150034,23.7799774323
1582,23.7801651774,23.8469622912,23.7805093891
1583,23.7803603842,23.8758009367,23.7805426743
1584,23.7800843399,23.8924918574,23.7801929902
1585,23.7800688167,23.9015584245,23.7804004176
1586,23.7799736491,23.9073302938,23.7800838628
1587,23.7800328641,23.9119985481,23.7800449803
1588,23.7802579318,23.9162049708,23.7800926925
1589,23.7801841852,23.9200807171,23.7799784116
1590,23.7799012354,23.9236256963,23.7803389955
1591,23.7799476073,23.9268761733,23.7800292534
1592,23.8878495604,23.9149497138,23.943521798
1593,23.9218345405,23.9294874525,24.1690347235
1594,24.1624962292,23.9615248052,24.1702864824
1595,24.1695771455,24.010281551,24.1704704114
1596,24.1701275367,24.0521894209,24.1706571017
1597,24.1700861625,24.0783699486,24.1703333466
1598,24.1708280953,24.091467992,24.1700539317
1599,24.1699979908,24.0971416554,24.1700987859
1600,24.1702525993,24.0993812216,24.1704122851
1601,24.1705363142,24.1002519389,24.1699116915
1602,24.1701651932,24.1004678389,24.1700844831
1603,24.1700541167,24.1001441381,24.1707208381
1604,24.245688692,24.1002931849,24.2486230097
1605,24.2501219765,24.1099938846,24.2498562763
1606,24.2500273691,24.1229395205,24.2505796041
1607,24.250215375,24.1334895148,24.2499356479
1608,24.2498066833,24.1405637131,24.2507157809
1609,24.2500074713,24.145205532,24.2507020764
1610,24.2502478145,24.1486907671,24.2502346366
1611,24.2501784603,24.1517475197,24.2498916567
1612,24.25021288,24.1545983055,24.249859557
1613,24.2499710929,24.1572987561,24.2500534394
1614,24.2502924494,24.1598513898,24.2503369699
1615,24.2502662571,24.1623291057,24.2506224345
1616,24.4577442567,24.1653712987,24.1762340986
1617,24.4691778014,24.1933681785,24.0796335445
1618,24.4703373514,24.2296593781,24.0014083926
1619,24.4705866625,24.2600512387,23.9515790439
1620,24.470322005,24.2801449262,23.9231123416
1621,24.4695981508,24.2926441879,23.9064293542
1622,24.4695105632,24.3012894703,23.8952210733
1623,24.470107178,24.3084706907,23.8865822481
1624,24.4696863817,24.3152061319,23.8794835626
1625,24.4704572591,24.3216153221,23.8735672602
1626,24.4698178894,24.3278167195,23.8686071799
1627,24.4697901679,24.3337656213,23.8643776243
1628,24.4986999706,24.3383719025,23.8572538024
1629,24.5002529306,24.3447250882,23.8488449794
1630,24.5005010297,24.3508163869,23.8412564757
1631,24.4997073503,24.3552045297,23.8351949729
1632,24.4995422697,24.3578136282,23.8304228071
1633,24.4994136329,24.359318824,23.8264759082
1634,24.5001116635,24.3603096989,23.8230065628
1635,24.5003334647,24.3611719788,23.8198311698
1636,24.4997975464,24.3619651674,23.8168681911
1637,24.500568905,24.3625811828,23.8140792216
1638,24.5002062688,24.3631458131,23.8114378526
1639,24.4996980389,24.3636090397,23.8089213612
1640,23.9176481343,24.3469201801,23.8021821682
1641,24.0037064885,24.265936092,23.7923633331
1642,24.0095502498,24.1872404953,23.7829370194
1643,24.0098126688,24.1396840442,23.7756260592
1644,24.0102381111,24.1167270886,23.7703600215
1645,24.0101108305,24.1052310322,23.7664295015
1646,24.0101217348,24.0970465148,23.763212357
1647,24.0098731972,24.0893287307,23.7603473611
1648,24.0097550064,24.0817320589,23.7576724815
1649,24.0102239582,24.0745002659,23.7551256118
1650,24.0097589372,24.0677956362,23.7526785925
1651,24.0104165578,24.0614415466,23.750311476
1652,24.000495589,24.0565313194,23.7480067364
1653,23.9995980743,24.0520181069,23.7457442171
1654,23.9999440621,24.0482553317,23.7435209917
1655,23.9994614422,24.0454978191,23.7413270801
1656,23.9997691413,24.0435174342,23.7391626372
1657,24.0003635224,24.0420820485,23.7370251394
1658,24.0002661451,24.041014869,23.7349089205
1659,24.0003465863,24.0401041963,23.7328100096
1660,23.9999950645,24.0392655235,23.7307262671
1661,23.9996453507,24.0384285714,23.7286567801
1662,23.999810039,24.0375606757,23.7265951183
1663,24.0004027572,24.0367499853,23.7245478241
1664,24.0468751632,24.0349003955,23.7225170943
1665,24.0498815514,24.0370185996,23.7205211275
1666,24.0498990079,24.0396278947,23.7185322238
1667,24.0499507406,24.0399457443,23.7165390678
1668,24.0497246231,24.0377174222,23.7145436066
1669,24.0504577793,24.0338140078,23.7125597905
1670,24.0497123865,24.0291938048,23.7105929757
1671,24.0496343079,24.0241792106,23.7086410175
1672,24.0499075962,24.0189513599,23.70670088
1673,24.0501686249,24.0136358163,23.7047708458
1674,24.0501077159,24.0082812117,23.7028501529
1675,24.0504127298,24.002861851,23.7009385721
1676,24.0390006204,24.0105032568,23.7002099441
1677,23.9202431393,24.0084016983,23.6979238315
1678,23.8575018696,23.9766459693,23.6955077877
1679,23.8406548445,23.9354376563,23.6933499842
1680,23.8418527931,23.9052694052,23.6914097879
1681,23.843763018,23.8920928851,23.6895591549
1682,23.842310731,23.8901082483,23.6877233186
1683,23.8390137767,23.8915644729,23.6858761034
1684,23.8361856387,23.8924341846,23.6840155265
1685,23.833872643,23.892386031,23.6821472329
1686,23.8320552994,23.8922396938,23.6802761656
1687,23.8304617709,23.8925323587,23.6784050026
1688,23.8290432539,23.8923426906,23.6765545827
1689,23.8276303164,23.8914468582,23.6747220982
1690,23.8261768396,23.8901089989,23.6728933372
1691,23.8248935624,23.8886060971,23.6710605665
1692,23.8233085446,23.8871127217,23.669223125
1693,23.8220859547,23.8855905684,23.6673834292
1694,23.8209133804,23.8840966223,23.6655439468
1695,23.8194798856,23.8826598806,23.6637063449
1696,23.8183315225,23.8812048721,23.6618714951
1697,23.8170590948,23.8797708454,23.6600399173
1698,23.8160640641,23.87834702,23.6582119167
1699,23.8148130486,23.876985355,23.6563877839
1700,23.7612188661,23.8726501794,23.6591555652
1701,23.7610366676,23.8577057419,23.6630614948
1702,23.7618669193,23.8438255879,23.6659755584
1703,23.7616570855,23.8360652274,23.6674309035
1704,23.7609739876,23.8326250719,23.6677891634
1705,23.7598982285,23.8305809001,23.6675197895
1706,23.7591752995,23.828430114,23.6669324304
1707,23.7584577534,23.8260357991,23.6661704377
1708,23.7575369806,23.8236039359,23.6652875253
1709,23.7568929694,23.821200887,23.6643068801
1710,23.7559479341,23.818884265,23.6632460054
1711,23.7548389494,23.8165714427,23.6621214283
1712,23.9204191066,23.8381358205,23.91554772
1713,23.920009616,23.8728120181,23.9201278117
1714,23.9199399751,23.9027732883,23.9209417539
1715,23.9202824874,23.9229319493,23.9201007843
1716,23.9202388797,23.9358941093,23.9204596947
1717,23.9204341296,23.9452909797,23.9198866771
1718,23.9198327528,23.9533466577,23.9199407517
1719,23.9200264701,23.9608209399,23.9205557743
1720,23.9205462682,23.9679831864,23.9203413535
1721,23.9200492359,23.9749626692,23.920700751
1722,23.9203164898,23.9817097819,23.9204573145
1723,23.919611794,23.9883452186,23.919902428
1724,23.4771730709,23.9658305103,23.4216345373
1725,23.4601629811,23.904664754,23.4595875252
1726,23.459931314,23.8288030882,23.460187924
1727,23.4599633153,23.7737443708,23.4599284239
1728,23.4599830253,23.741594146,23.4605475117
1729,23.4598758919,23.7225247278,23.4605725764
1730,23.459989812,23.7083733312,23.4599264887
1731,23.4600693443,23.6954566849,23.4601914477
1732,23.4599711689,23.6828817941,23.4603880366
1733,23.4597766332,23.6706511792,23.460193941
1734,23.4602392583,23.6588040031,23.460501481
1735,23.4600799223,23.6473753232,23.4600825048
1736,23.2801788525,23.6232133982,23.269200409
1737,23.261488183,23.5786991002,23.2599318947
1738,23.2600009476,23.5303243325,23.259843055
1739,23.2599493562,23.4982577271,23.2597625078
1740,23.2597979412,23.4827152605,23.2597670544
1741,23.2598625177,23.4761681872,23.259762002
1742,23.2598923458,23.4725794116,23.2597559317
1743,23.2597874909,23.4695974814,23.2597500411
1744,23.2598680663,23.4668512367,23.2597443116
1745,23.2597951733,23.4644948658,23.2597387409
1746,23.2598530365,23.4625260196,23.2597333202
1747,23.2598696364,23.4608675438,23.259728041
1748,23.4942965477,23.4708389517,23.5053621244
1749,23.5083119158,23.5131651391,23.5096450619
1750,23.5097474419,23.5582090864,23.5096436572
1751,23.5099072639,23.5870698151,23.5097635532
1752,23.5098668939,23.6004301836,23.5097362909
1753,23.5098231899,23.6056187199,23.5097302468
1754,23.5099083012,23.6081554595,23.5097256472
1755,23.5097750274,23.6102579359,23.5097212214
1756,23.5098176333,23.6122475708,23.5097169557
1757,23.5097661506,23.6140300869,23.5097127652
1758,23.5099201991,23.6155667945,23.5097086486
1759,23.5097681193,23.616958721,23.5097046031
1760,23.7835480272,23.6249926279,23.7944987414
1761,23.7984768935,23.6743707195,23.7995887481
1762,23.7999188861,23.7257637816,23.7995947139
1763,23.7999625052,23.7595765001,23.7997603674
1764,23.7998738476,23.7764933357,23.799724081
1765,23.7998505586,23.7840670858,23.7997172301
1766,23.7997168529,23.788240834,23.799712381
1767,23.7999271473,23.7915970937,23.7997074473
1768,23.7998369185,23.7947565532,23.7997025943
1769,23.7998251649,23.7976430735,23.7996977329
1770,23.7998837766,23.8002183057,23.7996928091
1771,23.7998291284,23.8025651058,23.7996876938
1772,23.4177615703,23.7909552836,23.41037778
1773,23.4000396971,23.7293848893,23.4000229913
1774,23.3998010262,23.6553431597,23.3997980369
1775,23.3997358785,23.6099821476,23.4003769765
1776,23.3997798843,23.5928067816,23.3996543443
1777,23.3997994246,23.5896411091,23.3996298161
1778,23.3998568042,23.5902337408,23.3996296148
1779,23.3997963219,23.5909632603,23.3996283988
1780,23.3998262971,23.5915814349,23.3996277024
1781,23.3997769846,23.5925136223,23.3996269217
1782,23.3997122009,23.5938720176,23.3996261314
1783,23.3998217124,23.595530289,23.3996253483
1784,23.7348787499,23.6261621387,23.7384105557
1785,23.7396962579,23.6909076296,23.7402150739
1786,23.7398318272,23.7479876045,23.7402185145
1787,23.7400150049,23.7813327931,23.739781189
1788,23.7400677501,23.7965219807,23.739758873
1789,23.7398554331,23.8031180434,23.7397575199
1790,23.7397987401,23.8069640069,23.7397558064
1791,23.7398515658,23.8102193797,23.7397544034
1792,23.7399480027,23.8132508867,23.7397530111
1793,23.7397967522,23.8159811829,23.740173441
1794,23.7398138782,23.8183577871,23.7397596442
1795,23.7398864787,23.8205475616,23.739748748
1796,23.5685661528,23.818025679,23.5583506506
1797,23.5513582177,23.7910091395,23.5497121972
1798,23.5500394972,23.75554353,23.5497263707
1799,23.5497999038,23.7319428373,23.5496146302
1800,23.5497214413,23.7219852969,23.5504269932
1801,23.5497377273,23.7195801941,23.5496570536
1802,23.5497263616,23.7196443293,23.5496295345
1803,23.5497746452,23.7200961947,23.550424592
1804,23.5496928268,23.7206397494,23.5496527997
1805,23.5497183297,23.7213802534,23.5496253581
1806,23.5498048608,23.7223673392,23.5496247047
1807,23.5498048211,23.7235573469,23.5496228064
1808,23.6235935389,23.7286876532,23.6275585454
1809,23.629266599,23.7450214411,23.6296247921
1810,23.6297277633,23.7639650628,23.6295926253
1811,23.6297273759,23.7778940518,23.6296412673
1812,23.6297572052,23.786542743,23.629630854
1813,23.6298273226,23.7924025507,23.6296286585
1814,23.6298103419,23.7974045279,23.6296272729
1815,23.6297392906,23.8022763556,23.6296258969
1816,23.6299046688,23.8070927758,23.6296245782
1817,23.6298271544,23.8118335685,23.6296232994
1818,23.6299027867,23.816456306,23.6296220582
1819,23.629815634,23.8209938097,23.6296208527
1820,23.6573602252,23.8257715506,23.6587376869
1821,23.659514592,23.8330769669,23.659616686
1822,23.6598218296,23.8406078182,23.6604036399
1823,23.6597796151,23.8459644646,23.6596458951
1824,23.65983381,23.8491917856,23.6596146677
1825,23.6597853397,23.8512720472,23.6596129444
1826,23.6598440822,23.8529837182,23.6596101295
1827,23.6598527984,23.8546158093,23.6596080474
1828,23.6598687728,23.8561857308,23.6596059487
1829,23.6597508582,23.8576727423,23.6596038905
1830,23.6597556002,23.8590610049,23.6596018786
1831,23.6598638587,23.8603920425,23.6595999107
1832,23.5155288966,23.8546199913,23.5068939355
1833,23.5011525451,23.8310688627,23.4996476443
1834,23.4999912696,23.8006778003,23.499648964
1835,23.4998097655,23.7805889679,23.4995496536
1836,23.4998339564,23.7721097412,23.5003501374
1837,23.499909004,23.7699565289,23.4995961164
1838,23.4997263645,23.7698179791,23.4995690028
1839,23.4997160522,23.7699074378,23.4995701899
1840,23.4996964355,23.7699911575,23.4995700987
1841,23.4998327888,23.7701896352,23.4995706625
1842,23.4997477295,23.7705868796,23.4995711395
1843,23.4998780209,23.7711132811,23.4995715928
1844,23.6507660794,23.791181934,23.6578273674
1845,23.6593132969,23.8266882884,23.6597146241
1846,23.659937471,23.8620951685,23.660377451
1847,23.6599184018,23.885362161,23.6600641266
1848,23.6599866163,23.897596455,23.6601546231
1849,23.6600237586,23.9038830546,23.6602980895
1850,23.6598129522,23.9079094849,23.6602027983
1851,23.6599009989,23.9111576011,23.6599071855
1852,23.6599714257,23.9140121495,23.6601252309
1853,23.6598503636,23.9165092839,23.660099962
1854,23.6599066184,23.9186631512,23.6599624595
1855,23.6598705151,23.9205636361,23.6599595603
1856,23.322889839,23.8906590093,23.3169289228
1857,23.3100034955,23.8461278427,23.3105633205
1858,23.3100480787,23.7903881885,23.3102041178
1859,23.3099540232,23.752750958,23.3100789295
1860,23.3099852348,23.73412129,23.3102016189
1861,23.3099571313,23.725807605,23.3099538193
1862,23.3099036243,23.7208651078,23.3103073594
1863,23.3099596595,23.7164071871,23.3102242994
1864,23.31000579,23.7119579584,23.3102771573
1865,23.3099635213,23.7076782273,23.3104245643
1866,23.309974057,23.7036197974,23.3100722175
1867,23.3099705691,23.6997767151,23.3101460436
1868,23.3946000221,23.7046256926,23.3983110934
1869,23.3994689306,23.7152703086,23.4000509681
1870,23.400002144,23.7284715547,23.400201864
1871,23.4000695637,23.737400015,23.3999044642
1872,23.4000151194,23.7416307625,23.4000517824
1873,23.399993253,23.743183741,23.3998682758
1874,23.4001166561,23.7437417611,23.3998625376
1875,23.4000008463,23.7440645772,23.4003806085
1876,23.4000524613,23.7442855394,23.4004550303
1877,23.4001763136,23.7444023813,23.4001162527
1878,23.3998350853,23.7444395362,23.4001003243
1879,23.3999570682,23.7443660666,23.4002413913
1880,23.2708312814,23.7342140729,23.2631324687
1881,23.2607997609,23.716630943,23.2604138468
1882,23.2601625115,23.6932256552,23.260223559
1883,23.2598080946,23.6762831529,23.2598984642
1884,23.2600670588,23.6672560989,23.2601653604
1885,23.2599482262,23.6629229408,23.2602066816
1886,23.2598902085,23.6603032586,23.260102339
1887,23.2599530919,23.6580765325,23.2600859821
1888,23.2598548233,23.6559741037,23.2602762196
1889,23.2600629475,23.6540045313,23.2601811549
1890,23.2600706147,23.6522188199,23.2601166768
1891,23.259931054,23.6505497549,23.260328163
1892,23.4961706307,23.6620164312,23.5059719459
1893,23.5091271787,23.6934797599,23.509866836
1894,23.5100252487,23.730353608,23.5102332974
1895,23.5100281428,23.7550734496,23.5103035254
1896,23.5101584666,23.7666140237,23.5104947107
1897,23.5098613061,23.7703685223,23.5104899219
1898,23.5097316918,23.7709904846,23.5100596878
1899,23.5098807386,23.7706957637,23.5100480134
1900,23.5100777542,23.7700769522,23.5100023498
1901,23.5100743732,23.769097148,23.5103901471
1902,23.5099336613,23.7677903661,23.5101928295
1903,23.5100305938,23.7661738546,23.5105859593
1904,23.2982009548,23.7529379402,23.583074852
1905,23.2814118537,23.7259948454,23.6811872
1906,23.2800626515,23.6883585783,23.7623680414
1907,23.2800771244,23.6599167387,23.8141545378
1908,23.2800288205,23.6442218147,23.8424114049
1909,23.2800635652,23.6366677455,23.8568494052
1910,23.2799287169,23.632387982,23.8644951745
1911,23.2798946089,23.6288979058,23.8689219404
1912,23.2800891255,23.6255719853,23.8715551589
1913,23.2798662378,23.6224709231,23.8729323523
1914,23.280092274,23.619600815,23.8733493047
1915,23.2800093806,23.6169646607,23.8730525012
1916,23.5630865464,23.6228622632,23.868816688
1917,23.5788567134,23.658547503,23.8625432052
1918,23.579264623,23.7013648068,23.8565230242
1919,23.579906044,23.7312688059,23.8516077828
1920,23.5801405829,23.7463016189,23.8476912757
1921,23.5798361107,23.752210641,23.8443908601
1922,23.5802004781,23.7541876724,23.8414016079
1923,23.5799164205,23.7548671035,23.8385654136
1924,23.5798804669,23.7549616893,23.8358205267
1925,23.5797297852,23.7545948595,23.8331452801
1926,23.5798092552,23.753818708,23.8305279705
1927,23.5798680636,23.7527647292,23.8279579751
