,b1,b2,b3
0,-0.667920407567,0.403033277324,0.110073224883
1,-0.671224128747,0.403350317108,0.110073224883
2,-0.629071033285,0.403915375864,0.110073224883
3,-0.706800279234,0.404480434621,0.110073224883
4,-0.680249821892,0.405045493377,0.110073224883
5,-0.639623815248,0.405610552133,0.110073224883
6,-0.717781458243,0.406175610889,0.110073224883
7,-0.673377991757,0.406740669645,0.110073224883
8,-0.677993217955,0.40740947187,0.110073224883
9,-1.01409672037,0.408078274095,0.110073224883
10,-0.663138893037,0.408747076321,0.110073224883
11,-0.685830860207,0.409415878546,0.110073224883
12,-1.06753979484,0.410084680771,0.110073224883
13,-0.772241524792,0.410753482996,0.110073224883
14,-0.813886303221,0.410736099401,0.110073224883
15,-0.674040391197,0.410718715805,0.110073224883
16,-0.73535319561,0.410701332209,0.110073224883
17,-0.790343043641,0.410683948613,0.110073224883
18,-0.580412664837,0.410666565018,0.110073224883
19,-0.607943797085,0.410649181422,0.110073224883
20,-1.39091303479,0.410320567419,0.110073224883
21,-0.697522997964,0.409991953415,0.110073224883
22,-0.66588018191,0.409663339412,0.110073224883
23,-1.17912123653,0.409334725409,0.110073224883
24,-0.979990884763,0.409006111405,0.110073224883
25,-0.901138191445,0.408677497402,0.110073224883
26,-0.638646100118,0.408628318107,0.110073224883
27,-0.741043789203,0.408579138811,0.110073224883
28,-0.834004110633,0.408529959516,0.110073224883
29,-0.734148888569,0.40848078022,0.110073224883
30,-0.828885605982,0.408431600925,0.110073224883
31,-0.851050175591,0.408382421629,0.110073224883
32,-0.757701629483,0.408540729272,0.110073224883
33,-0.706458235615,0.408699036915,0.110073224883
34,-1.16493756427,0.408857344558,0.110073224883
35,-0.797568140666,0.409015652201,0.110073224883
36,-0.941406473016,0.409173959844,0.110073224883
37,-1.17875632318,0.409332267487,0.110073224883
38,-0.562588361705,0.409440971335,0.110073224883
39,-0.705432288531,0.409549675184,0.110073224883
40,-0.654481849554,0.409658379033,0.110073224883
41,-0.730836830541,0.409767082881,0.110073224883
42,-0.873484275455,0.40987578673,0.110073224883
43,-0.91301954344,0.409984490578,0.110073224883
44,-0.682187419592,0.410149781774,0.110073224883
45,-0.794447807019,0.410315072969,0.110073224883
46,-1.08930890206,0.410480364165,0.110073224883
47,-0.756521653293,0.41064565536,0.110073224883
48,-0.845585453097,0.410810946555,0.110073224883
49,-0.797071005045,0.410976237751,0.110073224883
50,-0.648905843489,0.41154001276,0.110073224883
51,-1.02979227605,0.41210378777,0.110073224883
52,-0.716739403196,0.41266756278,0.110073224883
53,-0.804070269581,0.413231337789,0.110073224883
54,-0.61114098904,0.413795112799,0.110073224883
55,-0.808614391735,0.414358887808,0.110073224883
56,-0.749076793603,0.414913231593,0.110073224883
57,-0.963474558043,0.415467575379,0.110073224883
58,-1.06048836331,0.416021919164,0.110073224883
59,-0.791618613266,0.416576262949,0.110073224883
60,-0.505140643372,0.417130606734,0.110073224883
61,-0.856898543308,0.417684950519,0.110073224883
62,-0.664947524989,0.418249215063,0.110073224883
63,-0.994024508299,0.418813479607,0.110073224883
64,-0.977642169907,0.419377744151,0.110073224883
65,-0.720673252863,0.419942008695,0.110073224883
66,-0.60767690311,0.420506273239,0.110073224883
67,-0.657920069778,0.421070537783,0.110073224883
68,-0.706711261775,0.421644233551,0.110073224883
69,-0.622702511714,0.42221792932,0.110073224883
70,-0.942125583087,0.422791625088,0.110073224883
71,-0.986543028457,0.423365320856,0.110073224883
72,-0.862382272557,0.423939016625,0.110073224883
73,-0.501224199148,0.424512712393,0.110073224883
74,-0.967369087267,0.424163777588,0.110073224883
75,-0.733055263645,0.423814842783,0.110073224883
76,-0.651229076289,0.423465907977,0.110073224883
77,-0.71428838282,0.423116973172,0.110073224883
78,-1.21202899802,0.422768038366,0.110073224883
79,-1.08706112179,0.422419103561,0.110073224883
80,-0.552817574424,0.42180609447,0.110073224883
81,-0.818776486285,0.42119308538,0.110073224883
82,-0.682961821075,0.420580076289,0.110073224883
83,-0.882175872767,0.419967067199,0.110073224883
84,-0.7692529426,0.419354058108,0.110073224883
85,-0.900440023906,0.418741049018,0.110073224883
86,-1.27429023725,0.419113501974,0.110073224883
87,-0.745127656707,0.41948595493,0.110073224883
88,-0.844468741395,0.419858407886,0.110073224883
89,-0.784962378411,0.420230860842,0.110073224883
90,-0.91370956856,0.420603313798,0.110073224883
91,-0.928654366288,0.420975766754,0.110073224883
92,-1.09374200672,0.421451963179,0.110073224883
93,-1.16337960856,0.421928159604,0.110073224883
94,-0.427564000928,0.422404356029,0.110073224883
95,-1.34135780334,0.422880552454,0.110073224883
96,-0.693366008509,0.42335674888,0.110073224883
97,-1.01516612979,0.423832945305,0.110073224883
98,-0.581824794901,0.423627916288,0.110073224883
99,-0.866504307723,0.423422887272,0.110073224883
100,-1.05694761701,0.423217858256,0.110073224883
101,-0.931716031551,0.423012829239,0.110073224883
102,-0.619690913581,0.422807800223,0.110073224883
103,-0.645944559761,0.422602771206,0.110073224883
104,-0.945941155827,0.422237411374,0.110073224883
105,-0.778518510542,0.421872051542,0.110073224883
106,-1.02911804218,0.421506691709,0.110073224883
107,-0.970184456138,0.421141331877,0.110073224883
108,-0.709493836557,0.420775972044,0.110073224883
109,-0.650790211037,0.420410612212,0.110073224883
110,-0.859674371416,0.419974153608,0.110073224883
111,-0.917347040117,0.419537695004,0.110073224883
112,-1.20729703188,0.419101236399,0.110073224883
113,-0.926067990518,0.418664777795,0.110073224883
114,-1.00709492944,0.418228319191,0.110073224883
115,-0.97317198282,0.417791860587,0.110073224883
116,-0.856609081645,0.41730824586,0.110073224883
117,-0.902708862485,0.416824631133,0.110073224883
118,-1.14247122971,0.416341016407,0.110073224883
119,-0.894062768794,0.41585740168,0.110073224883
120,-0.75057389608,0.415373786954,0.110073224883
121,-0.829666116301,0.414890172227,0.110073224883
122,-0.763165538936,0.414036182503,0.110073224883
123,-0.884032069268,0.413182192779,0.110073224883
124,-0.831244691159,0.412328203055,0.110073224883
125,-1.3119505245,0.411474213331,0.110073224883
126,-0.888737313607,0.410620223607,0.110073224883
127,-1.05884126623,0.409766233883,0.110073224883
128,-0.775611078832,0.408959400282,0.110073224883
129,-1.11634954501,0.40815256668,0.110073224883
130,-0.933280340951,0.407345733079,0.110073224883
131,-0.850352671205,0.406538899477,0.110073224883
132,-0.836825439545,0.405732065875,0.110073224883
133,-0.82352268202,0.404925232274,0.110073224883
134,-0.974316154403,0.404497040969,0.110073224883
135,-1.00929255494,0.404068849664,0.110073224883
136,-1.25070816712,0.403640658358,0.110073224883
137,-0.938658806748,0.403212467053,0.110073224883
138,-0.838795364199,0.402784275748,0.110073224883
139,-0.814298584967,0.402356084443,0.110073224883
140,-1.00244020404,0.402041067831,0.110073224883
141,-0.994614286955,0.40172605122,0.110073224883
142,-0.834667903471,0.400508245552,0.110073224883
143,-1.22315357632,0.40046108943,0.110073224883
144,-1.03724862564,0.400413933307,0.110073224883
145,-0.925777012378,0.400366777185,0.110073224883
146,-0.824112329761,0.400319621063,0.110073224883
147,-0.87317678759,0.40027246494,0.110073224883
148,-0.874369580942,0.400225308818,0.110073224883
149,-1.06927918251,0.400178152696,0.110073224883
150,-0.919521105697,0.400130996573,0.110073224883
151,-0.830470813331,0.400083840451,0.110073224883
152,-0.829106399051,0.400027253104,0.110073224883
153,-0.886208931627,0.399970665757,0.110073224883
154,-0.943284604031,0.39991407841,0.110073224883
155,-0.835901374351,0.399857491064,0.110073224883
156,-1.1776345201,0.399800903717,0.110073224883
157,-0.860438510434,0.39974431637,0.110073224883
158,-0.827513678911,0.399687729023,0.110073224883
159,-0.86517297529,0.399631141676,0.110073224883
160,-0.940864022432,0.39957455433,0.110073224883
161,-0.855395067221,0.399517966983,0.110073224883
162,-0.918444110565,0.399461379636,0.110073224883
163,-0.838024033251,0.399404792289,0.110073224883
164,-0.858104097436,0.399357636167,0.110073224883
165,-0.955696768321,0.399310480044,0.110073224883
166,-0.883787447601,0.399263323922,0.110073224883
167,-0.902742542131,0.3992161678,0.110073224883
168,-0.884612078125,0.399169011677,0.110073224883
169,-0.933619264434,0.399121855555,0.110073224883
170,-0.952591919127,0.399074699433,0.110073224883
171,-1.09858000189,0.39902754331,0.110073224883
172,-0.883276152658,0.398980387188,0.110073224883
173,-0.863388799886,0.398933231066,0.110073224883
174,-0.858193683726,0.398886074943,0.110073224883
175,-0.955787245026,0.398838918821,0.110073224883
176,-0.858063471489,0.398735175352,0.110073224883
177,-1.14737264171,0.398631431882,0.110073224883
178,-0.869797085109,0.398527688413,0.110073224883
179,-0.870813246639,0.398423944944,0.110073224883
180,-0.881818494209,0.398320201475,0.110073224883
181,-0.892684642879,0.398216458006,0.110073224883
182,-0.889825466259,0.398112714537,0.110073224883
183,-0.946833443512,0.398008971067,0.110073224883
184,-0.872125526069,0.397905227598,0.110073224883
185,-0.909300419417,0.397801484129,0.110073224883
186,-0.890014971543,0.39769774066,0.110073224883
187,-0.886415644449,0.397593997191,0.110073224883
188,-0.876288006144,0.397537409844,0.110073224883
189,-0.910102505327,0.397480822497,0.110073224883
190,-0.872498764664,0.39742423515,0.110073224883
191,-0.907824838254,0.397367647803,0.110073224883
192,-0.900644868754,0.397311060457,0.110073224883
193,-0.896180663784,0.39725447311,0.110073224883
194,-0.947690407728,0.397197885763,0.110073224883
195,-0.897824641904,0.397141298416,0.110073224883
196,-0.884170763334,0.397084711069,0.110073224883
197,-0.883084225444,0.397028123722,0.110073224883
198,-0.900235130094,0.396971536376,0.110073224883
199,-0.913978035954,0.396914949029,0.110073224883
200,-0.871583208844,0.396914949029,0.110073224883
201,-0.879858403274,0.396914949029,0.110073224883
202,-0.909365423944,0.396914949029,0.110073224883
203,-0.902940315374,0.396914949029,0.110073224883
204,-0.861167978024,0.396914949029,0.110073224883
205,-0.885963464014,0.396914949029,0.110073224883
206,-0.906327461544,0.396914949029,0.110073224883
207,-0.886352806854,0.396914949029,0.110073224883
208,-0.93254506716,0.396914949029,0.110073224883
209,-0.92494727053,0.396914949029,0.110073224883
210,-0.877346365024,0.396914949029,0.110073224883
211,-0.922302778894,0.396914949029,0.110073224883
212,-0.894294575224,0.396858361682,0.110073224883
213,-0.936375958777,0.396801774335,0.110073224883
214,-0.890809120474,0.396745186988,0.110073224883
215,-0.912488781584,0.396688599641,0.110073224883
216,-0.898949415504,0.396632012295,0.110073224883
217,-0.937618859411,0.396575424948,0.110073224883
218,-0.870095419384,0.396518837601,0.110073224883
219,-0.909389829194,0.396462250254,0.110073224883
220,-1.02538239471,0.396405662907,0.110073224883
221,-0.911948430424,0.396349075561,0.110073224883
222,-1.00436872322,0.396292488214,0.110073224883
223,-0.929819473514,0.396235900867,0.110073224883
224,-0.913653668394,0.396132157398,0.110073224883
225,-0.912295496784,0.396028413929,0.110073224883
226,-0.961991760982,0.395924670459,0.110073224883
227,-0.921217310174,0.39582092699,0.110073224883
228,-0.920053898324,0.395717183521,0.110073224883
229,-0.894426000814,0.395613440052,0.110073224883
230,-0.913084367664,0.395509696583,0.110073224883
231,-0.924749184314,0.395405953113,0.110073224883
232,-0.905785470084,0.395302209644,0.110073224883
233,-0.881494263544,0.395198466175,0.110073224883
234,-0.898163330054,0.395094722706,0.110073224883
235,-0.890043400734,0.394990979237,0.110073224883
236,-0.918934502964,0.395047566584,0.110073224883
237,-0.898074736464,0.39510415393,0.110073224883
238,-0.880401273034,0.395160741277,0.110073224883
239,-0.919062157934,0.395217328624,0.110073224883
240,-1.09096312423,0.395273915971,0.110073224883
241,-0.929791098474,0.395330503318,0.110073224883
242,-0.898478584734,0.395387090665,0.110073224883
243,-0.921589793464,0.395443678011,0.110073224883
244,-0.905084124524,0.395500265358,0.110073224883
245,-0.920723716094,0.395556852705,0.110073224883
246,-0.894808689864,0.395613440052,0.110073224883
247,-0.891740085474,0.395670027399,0.110073224883
248,-0.871625743179,0.395670027399,0.110073224883
249,-0.893328119919,0.395670027399,0.110073224883
250,-0.910251958149,0.395670027399,0.110073224883
251,-0.866266358429,0.395670027399,0.110073224883
252,-0.878999048809,0.395670027399,0.110073224883
253,-1.02753421729,0.395670027399,0.110073224883
254,-0.902909838069,0.395670027399,0.110073224883
255,-0.898117504889,0.395670027399,0.110073224883
256,-0.866633122438,0.397520248926,0.110073224883
257,-0.849081561044,0.397998098811,0.110073224883
258,-0.863598950984,0.398475948696,0.110073224883
259,-0.988825131176,0.398953798581,0.110073224883
260,-0.860797323915,0.399591979282,0.110073224883
261,-0.802339082887,0.400230159983,0.110073224883
262,-0.821097067737,0.400868340684,0.110073224883
263,-0.811711428477,0.401506521385,0.110073224883
264,-0.778450622591,0.402144702086,0.110073224883
265,-0.80000814277,0.402782882787,0.110073224883
266,-0.772700147102,0.403222648311,0.110073224883
267,-0.78644630237,0.403662413835,0.110073224883
268,-0.94417008502,0.404102179358,0.110073224883
269,-0.756621839142,0.404541944882,0.110073224883
270,-0.76326118812,0.404981710406,0.110073224883
271,-0.753353475211,0.40542147593,0.110073224883
272,-0.725135963962,0.405851810229,0.110073224883
273,-0.755432316467,0.406282144529,0.110073224883
274,-0.890841116959,0.406712478828,0.110073224883
275,-0.721103110272,0.407142813127,0.110073224883
276,-0.726323354622,0.407573147427,0.110073224883
277,-0.819377667676,0.408003481726,0.110073224883
278,-0.720333561616,0.407855105092,0.110073224883
279,-0.699589562992,0.407706728458,0.110073224883
280,-0.99281281323,0.407558351824,0.110073224883
281,-0.727896417582,0.40740997519,0.110073224883
282,-0.815085838326,0.407261598556,0.110073224883
283,-0.740367437432,0.407113221922,0.110073224883
284,-0.607419169138,0.406870533043,0.110073224883
285,-0.697422779025,0.406627844164,0.110073224883
286,-0.628512984701,0.406385155286,0.110073224883
287,-0.841016727203,0.406142466407,0.110073224883
288,-0.659219106045,0.405899777528,0.110073224883
289,-0.75780506021,0.40565708865,0.110073224883
290,-0.611567180843,0.406262624653,0.110073224883
291,-0.900034069974,0.406868160657,0.110073224883
292,-0.630920756104,0.40747369666,0.110073224883
293,-0.645863721109,0.408079232664,0.110073224883
294,-0.641172917637,0.408684768668,0.110073224883
295,-1.0611571645,0.409290304671,0.110073224883
296,-0.900058299782,0.409942996797,0.110073224883
297,-0.621847589856,0.410595688923,0.110073224883
298,-0.523407556335,0.411248381049,0.110073224883
299,-0.676110728779,0.411901073175,0.110073224883
300,-0.689080436577,0.412553765301,0.110073224883
301,-0.483518720805,0.413206457427,0.110073224883
302,-0.87554698304,0.413793011161,0.110073224883
303,-0.513701841761,0.414379564895,0.110073224883
304,-0.981594545782,0.414966118628,0.110073224883
305,-0.67791498397,0.415552672362,0.110073224883
306,-1.08760169033,0.416139226096,0.110073224883
307,-0.511278603623,0.416725779829,0.110073224883
308,-0.923610647267,0.41736892091,0.110073224883
309,-0.531622886224,0.41801206199,0.110073224883
310,-1.01375445504,0.41865520307,0.110073224883
311,-0.804492389587,0.419298344151,0.110073224883
312,-0.911370538864,0.419941485231,0.110073224883
313,-0.440459204413,0.420584626312,0.110073224883
314,-0.875289088318,0.420604413044,0.110073224883
315,-0.755671518007,0.420624199776,0.110073224883
316,-0.667283154482,0.420643986508,0.110073224883
317,-0.642217622595,0.42066377324,0.110073224883
318,-0.910153434392,0.420683559973,0.110073224883
319,-0.529762354359,0.420703346705,0.110073224883
320,-1.15981334749,0.420609958743,0.110073224883
321,-0.598838610462,0.420516570782,0.110073224883
322,-0.665216938308,0.42042318282,0.110073224883
323,-0.767162644564,0.420329794859,0.110073224883
324,-0.812374524604,0.420236406897,0.110073224883
325,-0.794221958777,0.420143018936,0.110073224883
326,-0.802971120203,0.41999837372,0.110073224883
327,-0.746962690447,0.419853728505,0.110073224883
328,-0.715006939255,0.419709083289,0.110073224883
329,-0.916489270752,0.419564438074,0.110073224883
330,-0.919405887885,0.419419792858,0.110073224883
331,-0.635093849457,0.419275147643,0.110073224883
332,-1.07968775311,0.419139933651,0.110073224883
333,-1.07888315464,0.41900471966,0.110073224883
334,-0.824713417992,0.418869505669,0.110073224883
335,-0.889090861434,0.418734291678,0.110073224883
336,-0.959616588137,0.418599077687,0.110073224883
337,-0.676770546776,0.418463863696,0.110073224883
338,-0.679963368918,0.41889082604,0.110073224883
339,-1.23882249785,0.419317788384,0.110073224883
340,-1.01583954529,0.419744750729,0.110073224883
341,-0.738804147112,0.420171713073,0.110073224883
342,-0.917119661674,0.420598675417,0.110073224883
343,-0.541851663316,0.421025637761,0.110073224883
344,-1.0783507809,0.421499756228,0.110073224883
345,-0.785503844489,0.421973874694,0.110073224883
346,-0.451023236277,0.422447993161,0.110073224883
347,-1.04832965701,0.422922111627,0.110073224883
348,-0.653248460901,0.423396230094,0.110073224883
349,-0.585623280099,0.42387034856,0.110073224883
350,-0.703633656066,0.42379882529,0.110073224883
351,-0.771919546907,0.423727302019,0.110073224883
352,-0.718406919102,0.423655778749,0.110073224883
353,-1.08749966035,0.423584255478,0.110073224883
354,-0.649315873306,0.423512732207,0.110073224883
355,-0.743840594715,0.423441208937,0.110073224883
356,-0.497235956262,0.423265942197,0.110073224883
357,-0.517565188645,0.423090675457,0.110073224883
358,-0.570387880833,0.422915408717,0.110073224883
359,-1.13162311827,0.422740141977,0.110073224883
360,-0.543073484129,0.422564875237,0.110073224883
361,-0.831263520662,0.422389608498,0.110073224883
362,-0.877245396126,0.422374727359,0.110073224883
363,-1.04013465031,0.422359846221,0.110073224883
364,-0.527613275472,0.422344965083,0.110073224883
365,-0.924226545563,0.422330083944,0.110073224883
366,-0.466478057072,0.422315202806,0.110073224883
367,-1.2566661142,0.422300321668,0.110073224883
368,-0.884915896333,0.42218169706,0.110073224883
369,-0.759570719459,0.422063072453,0.110073224883
370,-0.583834754837,0.421944447845,0.110073224883
371,-0.807267614706,0.421825823238,0.110073224883
372,-1.26379422318,0.421707198631,0.110073224883
373,-0.87716455515,0.421588574023,0.110073224883
374,-0.587515919956,0.421030129106,0.110073224883
375,-0.941616283916,0.420471684189,0.110073224883
376,-0.720883241735,0.419913239273,0.110073224883
377,-1.23750316748,0.419354794356,0.110073224883
378,-1.18465898354,0.418796349439,0.110073224883
379,-1.24497728167,0.418237904522,0.110073224883
380,-1.04308256313,0.417783203074,0.110073224883
381,-0.931624462407,0.417328501627,0.110073224883
382,-0.868368990803,0.416873800179,0.110073224883
383,-0.798178196053,0.416419098731,0.110073224883
384,-0.795265046247,0.415964397284,0.110073224883
385,-1.15342373597,0.415509695836,0.110073224883
386,-0.840054108815,0.415157508896,0.110073224883
387,-1.17310918476,0.414805321957,0.110073224883
388,-1.21194366257,0.414453135018,0.110073224883
389,-0.971541845078,0.414100948078,0.110073224883
390,-0.846011554825,0.413748761139,0.110073224883
391,-1.09477128276,0.413396574199,0.110073224883
392,-1.00339654862,0.412987799913,0.110073224883
393,-0.785804697579,0.412579025627,0.110073224883
394,-1.32692705592,0.41217025134,0.110073224883
395,-1.16741201081,0.411761477054,0.110073224883
396,-0.668511032555,0.411352702768,0.110073224883
397,-1.02295412339,0.410943928481,0.110073224883
398,-1.04795771798,0.411120478968,0.110073224883
399,-1.00258183138,0.411297029454,0.110073224883
400,-1.23653084605,0.41147357994,0.110073224883
401,-0.726015679912,0.411650130427,0.110073224883
402,-0.752310975961,0.411826680913,0.110073224883
403,-0.898473559998,0.412003231399,0.110073224883
404,-0.984227733409,0.41218921311,0.110073224883
405,-0.954830952278,0.412375194821,0.110073224883
406,-0.853813661361,0.412561176532,0.110073224883
407,-0.983466550816,0.412747158243,0.110073224883
408,-1.00698316314,0.412933139954,0.110073224883
409,-0.742200370127,0.413119121664,0.110073224883
410,-0.963046622754,0.412579234519,0.110073224883
411,-0.784654852595,0.412039347373,0.110073224883
412,-0.804935245719,0.411499460227,0.110073224883
413,-1.26685584188,0.410959573082,0.110073224883
414,-0.84525338287,0.410419685936,0.110073224883
415,-1.06739203516,0.40987979879,0.110073224883
416,-1.34007103547,0.409273893073,0.110073224883
417,-0.749442072437,0.408667987357,0.110073224883
418,-1.11512119119,0.40806208164,0.110073224883
419,-0.785369928367,0.407456175923,0.110073224883
420,-0.973204790152,0.406850270206,0.110073224883
421,-0.76153540634,0.406244364489,0.110073224883
422,-0.796934598211,0.405846794708,0.110073224883
423,-0.958083979244,0.405449224927,0.110073224883
424,-0.78721134443,0.405051655146,0.110073224883
425,-0.887524342106,0.404654085365,0.110073224883
426,-1.14414767278,0.404256515584,0.110073224883
427,-0.785642026206,0.403858945803,0.110073224883
428,-0.968760078727,0.403423651124,0.110073224883
429,-1.05698287725,0.402988356446,0.110073224883
430,-1.05474125236,0.401441936775,0.110073224883
431,-0.834387869931,0.401291037183,0.110073224883
432,-0.814076222931,0.401140137592,0.110073224883
433,-0.816980670781,0.400989238,0.110073224883
434,-0.872461046959,0.400838338409,0.110073224883
435,-0.810622736371,0.400687438817,0.110073224883
436,-1.21698497721,0.400536539226,0.110073224883
437,-0.861796928375,0.400385639634,0.110073224883
438,-0.928761414889,0.400234740042,0.110073224883
439,-0.880540304683,0.400083840451,0.110073224883
440,-0.869566951683,0.400027253104,0.110073224883
441,-1.11324496747,0.399970665757,0.110073224883
442,-0.937919475808,0.39991407841,0.110073224883
443,-0.825501846801,0.399857491064,0.110073224883
444,-0.848320784382,0.399800903717,0.110073224883
445,-0.889639685465,0.39974431637,0.110073224883
446,-0.877026725431,0.399687729023,0.110073224883
447,-0.833568695821,0.399631141676,0.110073224883
448,-0.924651086038,0.39957455433,0.110073224883
449,-0.969106877923,0.399517966983,0.110073224883
450,-0.839360609721,0.399461379636,0.110073224883
451,-0.829093822661,0.399404792289,0.110073224883
452,-0.893498637652,0.399357636167,0.110073224883
453,-0.966837658813,0.399310480044,0.110073224883
454,-0.880327303113,0.399263323922,0.110073224883
455,-0.854625662076,0.3992161678,0.110073224883
456,-0.873933952266,0.399169011677,0.110073224883
457,-0.874120651916,0.399121855555,0.110073224883
458,-0.866672073286,0.399074699433,0.110073224883
459,-0.850633224746,0.39902754331,0.110073224883
460,-0.951744080195,0.398980387188,0.110073224883
461,-0.870612025926,0.398933231066,0.110073224883
462,-1.02814506989,0.398886074943,0.110073224883
463,-0.859280304806,0.398838918821,0.110073224883
464,-0.878016803774,0.398678588005,0.110073224883
465,-0.898329057466,0.398518257189,0.110073224883
466,-0.882776062739,0.398357926373,0.110073224883
467,-0.861793340409,0.398197595557,0.110073224883
468,-0.967188316201,0.398037264741,0.110073224883
469,-0.895601515599,0.397876933925,0.110073224883
470,-1.15088313079,0.397716603109,0.110073224883
471,-0.874091540079,0.397556272293,0.110073224883
472,-0.894420823829,0.397395941477,0.110073224883
473,-0.899860145449,0.397235610661,0.110073224883
474,-0.887012128986,0.397075279845,0.110073224883
475,-0.882801001144,0.396914949029,0.110073224883
476,-0.910783125701,0.396914949029,0.110073224883
477,-0.869372039334,0.396914949029,0.110073224883
478,-0.908140677159,0.396914949029,0.110073224883
479,-0.902397223274,0.396914949029,0.110073224883
480,-0.898226359144,0.396914949029,0.110073224883
481,-0.914975465641,0.396914949029,0.110073224883
482,-1.00437277352,0.396914949029,0.110073224883
483,-0.862012470614,0.396914949029,0.110073224883
484,-0.939912273506,0.396914949029,0.110073224883
485,-0.874821038964,0.396914949029,0.110073224883
486,-0.988181756036,0.396914949029,0.110073224883
487,-0.894444768774,0.396914949029,0.110073224883
488,-0.904762976973,0.396914949029,0.110073224883
489,-0.908766762853,0.396914949029,0.110073224883
490,-1.10334155011,0.396914949029,0.110073224883
491,-0.916783042273,0.396914949029,0.110073224883
492,-0.893642171303,0.396914949029,0.110073224883
493,-0.887661046503,0.396914949029,0.110073224883
494,-0.885883832993,0.396914949029,0.110073224883
495,-0.877147154333,0.396914949029,0.110073224883
496,-0.914909059213,0.396914949029,0.110073224883
497,-0.896498787043,0.396914949029,0.110073224883
498,-0.922015550473,0.396914949029,0.110073224883
499,-0.919018082613,0.396914949029,0.110073224883
500,-0.932192431783,0.396754618213,0.110073224883
501,-0.878686855233,0.396594287397,0.110073224883
502,-0.893748750143,0.396433956581,0.110073224883
503,-0.914208434433,0.396273625765,0.110073224883
504,-0.898844625833,0.396113294949,0.110073224883
505,-0.926549603563,0.395952964133,0.110073224883
506,-0.917165902313,0.395792633317,0.110073224883
507,-0.916562406583,0.395632302501,0.110073224883
508,-0.925707685423,0.395471971685,0.110073224883
509,-0.936278630493,0.395311640869,0.110073224883
510,-0.922962788363,0.395151310053,0.110073224883
511,-0.916417696663,0.394990979237,0.110073224883
512,-0.894121553473,0.394990979237,0.110073224883
513,-0.919764567753,0.394990979237,0.110073224883
514,-0.910735143843,0.394990979237,0.110073224883
515,-0.930445065603,0.394990979237,0.110073224883
516,-0.946197920693,0.394990979237,0.110073224883
517,-0.915788180803,0.394990979237,0.110073224883
518,-0.940356695233,0.394990979237,0.110073224883
519,-0.896286638463,0.394990979237,0.110073224883
520,-0.889449949353,0.394990979237,0.110073224883
521,-0.908812934433,0.394990979237,0.110073224883
522,-0.942557285103,0.394990979237,0.110073224883
523,-0.918638641213,0.394990979237,0.110073224883
524,-0.904286217943,0.395047566584,0.110073224883
525,-0.900020314483,0.39510415393,0.110073224883
526,-0.949393572259,0.395160741277,0.110073224883
527,-0.904068677883,0.395217328624,0.110073224883
528,-0.919397201993,0.395273915971,0.110073224883
529,-0.922605476743,0.395330503318,0.110073224883
530,-0.915955867533,0.395387090665,0.110073224883
531,-0.927633827393,0.395443678011,0.110073224883
532,-0.897957504843,0.395500265358,0.110073224883
533,-0.918526179433,0.395556852705,0.110073224883
534,-0.893044902393,0.395613440052,0.110073224883
535,-0.884803136063,0.395670027399,0.110073224883
536,-0.897338128233,0.395509696583,0.110073224883
537,-0.892139838223,0.395349365767,0.110073224883
538,-0.936378836393,0.395189034951,0.110073224883
539,-0.929381090493,0.395028704135,0.110073224883
540,-0.944675522137,0.394868373319,0.110073224883
541,-0.930664512533,0.394708042503,0.110073224883
542,-0.937767137463,0.394547711687,0.110073224883
543,-0.919530560183,0.394387380871,0.110073224883
544,-0.910670066077,0.395511788327,0.110073224883
545,-0.914786645415,0.395733406727,0.110073224883
546,-0.892048290559,0.395955025127,0.110073224883
547,-0.889639647508,0.396176643527,0.110073224883
548,-0.850077629291,0.396879254375,0.110073224883
549,-0.860941686937,0.397581865223,0.110073224883
550,-0.819284153497,0.398284476071,0.110073224883
551,-0.837018594501,0.398987086919,0.110073224883
552,-0.806835938879,0.399689697767,0.110073224883
553,-0.84713255461,0.400392308615,0.110073224883
554,-0.834764521272,0.401228849708,0.110073224883
555,-0.810502805272,0.4020653908,0.110073224883
556,-0.763031105362,0.402901931893,0.110073224883
557,-0.750967835372,0.403738472986,0.110073224883
558,-0.878009071602,0.404575014078,0.110073224883
559,-0.7706196737,0.405411555171,0.110073224883
560,-0.730161124671,0.406182077692,0.110073224883
561,-0.777711489734,0.406952600214,0.110073224883
562,-0.763252296351,0.407723122735,0.110073224883
563,-0.749980204183,0.408493645256,0.110073224883
564,-0.841441299845,0.409264167778,0.110073224883
565,-0.713857334101,0.410034690299,0.110073224883
566,-0.723892696091,0.410600183804,0.110073224883
567,-0.75626644987,0.411165677309,0.110073224883
568,-0.926576728711,0.411731170814,0.110073224883
569,-0.78680089344,0.412296664319,0.110073224883
570,-0.687432516901,0.412862157824,0.110073224883
571,-0.653613003811,0.413427651329,0.110073224883
572,-0.626281505606,0.413955419936,0.110073224883
573,-0.81009263746,0.414483188543,0.110073224883
574,-0.957164862084,0.41501095715,0.110073224883
575,-0.726641544523,0.415538725757,0.110073224883
576,-0.812600666456,0.416066494364,0.110073224883
577,-0.738531084783,0.416594262971,0.110073224883
578,-0.630151825956,0.417001329012,0.110073224883
579,-1.00481422391,0.417408395053,0.110073224883
580,-0.928440298292,0.417815461094,0.110073224883
581,-0.701501011395,0.418222527135,0.110073224883
582,-0.72921085075,0.418629593176,0.110073224883
583,-0.656118829414,0.419036659217,0.110073224883
584,-0.910283521777,0.419330550564,0.110073224883
585,-0.74104071836,0.419624441911,0.110073224883
586,-0.752210336394,0.419918333259,0.110073224883
587,-0.758994780161,0.420212224606,0.110073224883
588,-0.761031676409,0.420506115953,0.110073224883
589,-0.887427914468,0.4208000073,0.110073224883
590,-0.787103071577,0.421026106796,0.110073224883
591,-1.03641541847,0.421252206291,0.110073224883
592,-0.669103832225,0.421478305786,0.110073224883
593,-0.614463752022,0.421704405281,0.110073224883
594,-0.632119003627,0.421930504776,0.110073224883
595,-0.721121921591,0.422156604271,0.110073224883
596,-0.958245935227,0.422429859888,0.110073224883
597,-0.769152169899,0.422703115506,0.110073224883
598,-1.07750005123,0.422976371123,0.110073224883
599,-0.763618380133,0.423249626741,0.110073224883
600,-0.876816573782,0.423522882358,0.110073224883
601,-0.805666042923,0.423796137976,0.110073224883
602,-0.761962008101,0.424028057098,0.110073224883
603,-0.843224985119,0.42425997622,0.110073224883
604,-0.604844084597,0.424491895342,0.110073224883
605,-0.8280179101,0.424723814465,0.110073224883
606,-0.868476292831,0.424955733587,0.110073224883
607,-0.845691123509,0.425187652709,0.110073224883
608,-0.599442982269,0.425325259586,0.110073224883
609,-0.782001922585,0.425462866464,0.110073224883
610,-0.511815097628,0.425600473341,0.110073224883
611,-0.863670757138,0.425738080219,0.110073224883
612,-0.793622147942,0.425875687096,0.110073224883
613,-0.640899446569,0.426013293974,0.110073224883
614,-0.70109528769,0.426093029758,0.110073224883
615,-0.84049613698,0.426172765542,0.110073224883
616,-0.682797505972,0.426252501326,0.110073224883
617,-0.571823650489,0.426332237111,0.110073224883
618,-0.962632136827,0.426411972895,0.110073224883
619,-0.779649658831,0.426491708679,0.110073224883
620,-0.633376731097,0.426618600585,0.110073224883
621,-0.873376098289,0.426745492492,0.110073224883
622,-0.694924803433,0.426872384398,0.110073224883
623,-0.876067822575,0.426999276305,0.110073224883
624,-1.12282921761,0.427126168211,0.110073224883
625,-0.937363116437,0.427253060118,0.110073224883
626,-0.646814910163,0.427361763967,0.110073224883
627,-0.625492909048,0.427470467815,0.110073224883
628,-0.910797025719,0.427579171664,0.110073224883
629,-0.787922888216,0.427687875512,0.110073224883
630,-0.731342861076,0.427796579361,0.110073224883
631,-0.632658717887,0.42790528321,0.110073224883
632,-0.646648954058,0.427966830936,0.110073224883
633,-0.845656087516,0.428028378662,0.110073224883
634,-0.661259566628,0.428089926388,0.110073224883
635,-1.03153433266,0.428151474115,0.110073224883
636,-0.689204816622,0.428213021841,0.110073224883
637,-0.706641350929,0.428274569567,0.110073224883
638,-0.851223430631,0.428160850554,0.110073224883
639,-0.715136018842,0.42804713154,0.110073224883
640,-0.61575000118,0.427933412526,0.110073224883
641,-0.656513676066,0.427819693513,0.110073224883
642,-0.988720696313,0.427705974499,0.110073224883
643,-0.635741836847,0.427592255486,0.110073224883
644,-0.688265150652,0.427469105248,0.110073224883
645,-0.772246949615,0.42734595501,0.110073224883
646,-0.7780158127,0.427222804772,0.110073224883
647,-0.687228406602,0.427099654533,0.110073224883
648,-0.840883017405,0.426976504295,0.110073224883
649,-1.02719407807,0.426853354057,0.110073224883
650,-0.990381849008,0.426801302591,0.110073224883
651,-0.758805152452,0.426749251125,0.110073224883
652,-0.666188599862,0.426697199659,0.110073224883
653,-0.643074309856,0.426645148192,0.110073224883
654,-0.813816315024,0.426593096726,0.110073224883
655,-0.843832147519,0.42654104526,0.110073224883
656,-0.877046290975,0.426498425018,0.110073224883
657,-0.750191880792,0.426455804776,0.110073224883
658,-0.601070204749,0.426413184535,0.110073224883
659,-0.869140117279,0.426370564293,0.110073224883
660,-1.02963221807,0.426327944051,0.110073224883
661,-0.926586498462,0.426285323809,0.110073224883
662,-0.64462920112,0.426062476448,0.110073224883
663,-1.05532364885,0.425839629087,0.110073224883
664,-0.949475812793,0.425616781726,0.110073224883
665,-0.751414218266,0.425393934365,0.110073224883
666,-0.796778487279,0.425171087004,0.110073224883
667,-0.880127632023,0.424948239643,0.110073224883
668,-1.08937646269,0.424668804935,0.110073224883
669,-0.772743703609,0.424389370228,0.110073224883
670,-0.821234628523,0.42410993552,0.110073224883
671,-0.792596637059,0.423830500812,0.110073224883
672,-0.803582895861,0.423551066104,0.110073224883
673,-0.856408630646,0.423271631396,0.110073224883
674,-0.745072143743,0.423053374701,0.110073224883
675,-0.808158529774,0.422835118007,0.110073224883
676,-1.00339468247,0.422616861312,0.110073224883
677,-0.696096842639,0.422398604617,0.110073224883
678,-0.8006071503,0.422180347922,0.110073224883
679,-0.810699530946,0.421962091227,0.110073224883
680,-0.943429074809,0.421640091063,0.110073224883
681,-0.639769459687,0.421318090899,0.110073224883
682,-0.916642928898,0.420996090735,0.110073224883
683,-0.835223370945,0.420674090571,0.110073224883
684,-0.770667465458,0.420352090407,0.110073224883
685,-0.684684503065,0.420030090243,0.110073224883
686,-1.02639478961,0.419822178805,0.110073224883
687,-0.955732778353,0.419614267368,0.110073224883
688,-0.845635338635,0.419406355931,0.110073224883
689,-0.858276876221,0.419198444494,0.110073224883
690,-0.757868202782,0.418990533057,0.110073224883
691,-0.891815281079,0.418782621619,0.110073224883
692,-0.980502342475,0.418565278958,0.110073224883
693,-0.881863588597,0.418347936296,0.110073224883
694,-0.912224748405,0.418130593635,0.110073224883
695,-0.842624853307,0.417913250973,0.110073224883
696,-1.12743099158,0.417695908311,0.110073224883
697,-0.876095937742,0.41747856565,0.110073224883
698,-0.893892382027,0.416755264286,0.110073224883
699,-0.883805067583,0.416031962923,0.110073224883
700,-0.714540184523,0.415308661559,0.110073224883
701,-1.027231922,0.414585360196,0.110073224883
702,-0.734181202975,0.413862058832,0.110073224883
703,-1.02491913439,0.413138757469,0.110073224883
704,-1.23074674949,0.412481474677,0.110073224883
705,-0.789836014158,0.411824191885,0.110073224883
706,-0.862167741492,0.411166909093,0.110073224883
707,-0.827221853041,0.4105096263,0.110073224883
708,-0.964242219475,0.409852343508,0.110073224883
709,-0.981882936741,0.409195060716,0.110073224883
710,-0.995276319649,0.408992479372,0.110073224883
711,-0.881453399095,0.408789898027,0.110073224883
712,-0.811215849496,0.408587316683,0.110073224883
713,-0.864030097771,0.408384735338,0.110073224883
714,-0.965266514081,0.408182153994,0.110073224883
715,-0.829417081459,0.407979572649,0.110073224883
716,-0.997894972658,0.407663816611,0.110073224883
717,-1.02737367827,0.407348060573,0.110073224883
718,-0.838066670733,0.406506504315,0.110073224883
719,-0.830995762433,0.406346173499,0.110073224883
720,-1.02687592585,0.406185842683,0.110073224883
721,-0.953198972657,0.406025511867,0.110073224883
722,-0.8741927294,0.405865181051,0.110073224883
723,-1.03436524244,0.405704850235,0.110073224883
724,-0.855762718463,0.405544519419,0.110073224883
725,-0.846533503327,0.405384188603,0.110073224883
726,-0.897524826085,0.405223857787,0.110073224883
727,-0.87367853913,0.405063526971,0.110073224883
728,-0.858936976475,0.405016370849,0.110073224883
729,-0.896653878904,0.404969214727,0.110073224883
730,-0.831611740943,0.404922058604,0.110073224883
731,-0.864964297263,0.404874902482,0.110073224883
732,-0.844807690181,0.40482774636,0.110073224883
733,-0.899939538999,0.404780590237,0.110073224883
734,-0.941792687752,0.404733434115,0.110073224883
735,-0.873805860173,0.404686277993,0.110073224883
736,-0.882069916477,0.40463912187,0.110073224883
737,-0.865569002223,0.404591965748,0.110073224883
738,-0.913796760355,0.404544809626,0.110073224883
739,-0.884143412616,0.404497653503,0.110073224883
740,-0.846003050313,0.404441066156,0.110073224883
741,-0.879601809696,0.40438447881,0.110073224883
742,-0.841698769373,0.404327891463,0.110073224883
743,-0.870760810823,0.404271304116,0.110073224883
744,-0.87283155172,0.404214716769,0.110073224883
745,-0.859733983733,0.404158129422,0.110073224883
746,-0.876658393333,0.404101542075,0.110073224883
747,-0.854694786493,0.404044954729,0.110073224883
748,-0.846726619563,0.403988367382,0.110073224883
749,-0.903493717373,0.403931780035,0.110073224883
750,-0.878301167574,0.403875192688,0.110073224883
751,-0.872550812923,0.403818605341,0.110073224883
752,-0.933040615347,0.403771449219,0.110073224883
753,-0.875727595613,0.403724293097,0.110073224883
754,-0.868636247823,0.403677136974,0.110073224883
755,-0.843931797423,0.403629980852,0.110073224883
756,-0.848044258773,0.40358282473,0.110073224883
757,-0.841715727993,0.403535668607,0.110073224883
758,-0.874835309683,0.403488512485,0.110073224883
759,-0.876661114717,0.403441356362,0.110073224883
760,-0.861209912123,0.40339420024,0.110073224883
761,-0.849777936613,0.403347044118,0.110073224883
762,-0.848129673123,0.403299887995,0.110073224883
763,-0.927872340234,0.403252731873,0.110073224883
764,-0.877182658983,0.403196144526,0.110073224883
765,-0.894910383993,0.403139557179,0.110073224883
766,-0.892912421553,0.403082969833,0.110073224883
767,-0.876845579283,0.403026382486,0.110073224883
768,-0.883748822319,0.402969795139,0.110073224883
769,-0.884697607863,0.402913207792,0.110073224883
770,-0.852501317783,0.402856620445,0.110073224883
771,-0.882686144923,0.402800033098,0.110073224883
772,-0.901967610519,0.402743445752,0.110073224883
773,-0.884302807083,0.402686858405,0.110073224883
774,-0.892195154833,0.402630271058,0.110073224883
775,-0.855254891063,0.402573683711,0.110073224883
776,-0.849806807153,0.401998379018,0.110073224883
777,-0.856416626283,0.401423074326,0.110073224883
778,-0.867854557523,0.400847769633,0.110073224883
779,-0.883161141673,0.40027246494,0.110073224883
780,-0.893245203533,0.399697160248,0.110073224883
781,-0.892274884623,0.399121855555,0.110073224883
782,-0.921395161343,0.398546550862,0.110073224883
783,-0.880190154013,0.39797124617,0.110073224883
784,-0.897040446595,0.397395941477,0.110073224883
785,-0.925784651633,0.396820636784,0.110073224883
786,-0.892223708703,0.396245332091,0.110073224883
787,-0.938255310303,0.395670027399,0.110073224883
788,-0.897402761133,0.395670027399,0.110073224883
789,-0.894117502793,0.395670027399,0.110073224883
790,-0.922404527473,0.395670027399,0.110073224883
791,-0.893429427703,0.395670027399,0.110073224883
792,-0.925558474103,0.395670027399,0.110073224883
793,-0.934609313103,0.395670027399,0.110073224883
794,-0.891407479003,0.395670027399,0.110073224883
795,-0.935331335143,0.395670027399,0.110073224883
796,-0.930089746723,0.395670027399,0.110073224883
797,-0.931078469703,0.395670027399,0.110073224883
798,-0.927924668933,0.395670027399,0.110073224883
799,-0.920625820303,0.395670027399,0.110073224883
800,-0.911458664393,0.395670027399,0.110073224883
801,-0.900712236663,0.395670027399,0.110073224883
802,-0.926018127583,0.395670027399,0.110073224883
803,-0.912774850323,0.395670027399,0.110073224883
804,-0.903330633033,0.395670027399,0.110073224883
805,-0.907957694513,0.395670027399,0.110073224883
806,-0.899389724913,0.395670027399,0.110073224883
807,-0.914301434803,0.395670027399,0.110073224883
808,-0.925387374503,0.395670027399,0.110073224883
809,-0.915388519323,0.395670027399,0.110073224883
810,-0.889450305803,0.395670027399,0.110073224883
811,-0.894590500833,0.395670027399,0.110073224883
812,-0.928559032633,0.395670027399,0.110073224883
813,-0.884134265113,0.395670027399,0.110073224883
814,-0.922369811773,0.395670027399,0.110073224883
815,-0.919790645823,0.395670027399,0.110073224883
816,-0.889409943113,0.395670027399,0.110073224883
817,-0.899552592073,0.395670027399,0.110073224883
818,-0.889836287463,0.395670027399,0.110073224883
819,-0.895960196783,0.395670027399,0.110073224883
820,-0.892729779533,0.395670027399,0.110073224883
821,-0.901948438833,0.395670027399,0.110073224883
822,-0.893630851693,0.395670027399,0.110073224883
823,-0.881343956643,0.395670027399,0.110073224883
824,-0.896698346223,0.395717183521,0.110073224883
825,-0.911475908953,0.395764339643,0.110073224883
826,-0.903770310873,0.395811495766,0.110073224883
827,-0.928500372613,0.395858651888,0.110073224883
828,-0.929327313273,0.39590580801,0.110073224883
829,-0.896173991123,0.395952964133,0.110073224883
830,-0.884499212323,0.396000120255,0.110073224883
831,-0.900099529063,0.396047276377,0.110073224883
832,-0.894125332143,0.3960944325,0.110073224883
833,-0.907555994253,0.396412756031,0.110073224883
834,-0.893445044313,0.396517783247,0.110073224883
835,-0.894141901447,0.396622810462,0.110073224883
836,-0.879543280346,0.396737268903,0.110073224883
837,-0.864880539113,0.396851727343,0.110073224883
838,-0.89798582367,0.396966185783,0.110073224883
839,-0.86955220809,0.397080644223,0.110073224883
840,-0.882185183961,0.397195102663,0.110073224883
841,-0.890577249752,0.397309561103,0.110073224883
842,-0.862836593432,0.398144928021,0.110073224883
843,-0.865439861649,0.398980294938,0.110073224883
844,-0.880223249006,0.399815661855,0.110073224883
845,-0.817141332236,0.400651028772,0.110073224883
846,-0.853802681212,0.401486395689,0.110073224883
847,-0.855552645392,0.402321762607,0.110073224883
848,-0.821640482241,0.403308029115,0.110073224883
849,-0.813812208387,0.404294295624,0.110073224883
850,-0.801724415998,0.405280562133,0.110073224883
851,-0.787371691707,0.406266828641,0.110073224883
852,-0.737943439407,0.40725309515,0.110073224883
853,-0.827348145323,0.408239361659,0.110073224883
854,-0.730714728077,0.408212057304,0.110073224883
855,-0.761508777297,0.40818475295,0.110073224883
856,-0.751256153144,0.408157448595,0.110073224883
857,-0.767666027377,0.40813014424,0.110073224883
858,-0.874847394585,0.408102839886,0.110073224883
859,-0.814198255896,0.408075535531,0.110073224883
860,-0.817315779418,0.408001075054,0.110073224883
861,-0.765849646367,0.407926614577,0.110073224883
862,-0.795163824237,0.4078521541,0.110073224883
863,-0.8275447715,0.407777693623,0.110073224883
864,-0.78371579204,0.407703233146,0.110073224883
865,-0.806805534247,0.407628772669,0.110073224883
866,-0.780368556367,0.407630371344,0.110073224883
867,-0.824842611595,0.407631970018,0.110073224883
868,-0.761233907887,0.407633568692,0.110073224883
869,-0.770512704037,0.407635167366,0.110073224883
870,-0.824367679374,0.407636766041,0.110073224883
871,-0.818219973984,0.407638364715,0.110073224883
872,-0.775283765187,0.407526788696,0.110073224883
873,-0.876945821222,0.407415212676,0.110073224883
874,-0.814885126045,0.407303636657,0.110073224883
875,-0.802814272677,0.407192060637,0.110073224883
876,-0.779389004307,0.407080484618,0.110073224883
877,-0.793603490947,0.406968908599,0.110073224883
878,-0.820064896057,0.407226054117,0.110073224883
879,-0.806022171547,0.407483199635,0.110073224883
880,-0.877999114984,0.407740345153,0.110073224883
881,-0.756711222987,0.407997490671,0.110073224883
882,-0.798974035727,0.40825463619,0.110073224883
883,-0.759085280747,0.408511781708,0.110073224883
884,-0.889305672716,0.408938689266,0.110073224883
885,-0.784801566133,0.409365596825,0.110073224883
886,-0.745272622887,0.409792504384,0.110073224883
887,-0.816912834024,0.410219411942,0.110073224883
888,-0.78523390399,0.410646319501,0.110073224883
889,-0.796067753669,0.41107322706,0.110073224883
890,-0.753941261293,0.411536510734,0.110073224883
891,-0.865952406234,0.411999794409,0.110073224883
892,-0.759385621809,0.412463078083,0.110073224883
893,-0.851534984568,0.412926361758,0.110073224883
894,-0.847654674401,0.413389645432,0.110073224883
895,-0.815025626828,0.413852929107,0.110073224883
896,-0.729803090007,0.41425019421,0.110073224883
897,-0.694092293677,0.414647459313,0.110073224883
898,-0.83666571318,0.415044724416,0.110073224883
899,-0.835622907225,0.415441989519,0.110073224883
900,-0.686778999147,0.415839254622,0.110073224883
901,-0.776388950208,0.416236519726,0.110073224883
902,-0.876875969569,0.416757794315,0.110073224883
903,-0.723505249019,0.417279068903,0.110073224883
904,-0.674630336497,0.417800343492,0.110073224883
905,-0.766490684354,0.418321618081,0.110073224883
906,-0.824154622701,0.41884289267,0.110073224883
907,-0.859272772286,0.419364167259,0.110073224883
908,-0.713680031546,0.419838285726,0.110073224883
909,-0.754481370683,0.420312404192,0.110073224883
910,-0.822942734258,0.420786522659,0.110073224883
911,-0.7183136601,0.421260641125,0.110073224883
912,-0.808983304528,0.421734759592,0.110073224883
913,-0.733828440825,0.422208878058,0.110073224883
914,-0.738042637429,0.422314274987,0.110073224883
915,-0.699503089919,0.422419671916,0.110073224883
916,-0.746961483335,0.422525068845,0.110073224883
917,-0.729191612768,0.422630465774,0.110073224883
918,-0.610491159887,0.422735862703,0.110073224883
919,-0.764700575269,0.422841259632,0.110073224883
920,-0.643100610786,0.422899500439,0.110073224883
921,-0.793417431091,0.422957741246,0.110073224883
922,-0.720881581487,0.423015982052,0.110073224883
923,-0.631871094047,0.423074222859,0.110073224883
924,-1.01263936114,0.423132463666,0.110073224883
925,-0.815563414966,0.423190704472,0.110073224883
926,-0.639548661897,0.422676848185,0.110073224883
927,-0.682190513442,0.422162991897,0.110073224883
928,-0.793359733909,0.42164913561,0.110073224883
929,-0.668436104877,0.421135279322,0.110073224883
930,-0.771127400877,0.420621423035,0.110073224883
931,-0.893857636191,0.420107566747,0.110073224883
932,-0.776944783548,0.419537123113,0.110073224883
933,-0.94475246412,0.418966679478,0.110073224883
934,-0.747706476441,0.418396235844,0.110073224883
935,-0.918689338772,0.41782579221,0.110073224883
936,-0.72607546143,0.417255348575,0.110073224883
937,-0.830004528881,0.416684904941,0.110073224883
938,-0.789670848179,0.417056933398,0.110073224883
939,-0.684017363777,0.417428961855,0.110073224883
940,-0.834092924935,0.417800990312,0.110073224883
941,-0.677223447887,0.41817301877,0.110073224883
942,-0.732115160192,0.418545047227,0.110073224883
943,-0.852925651437,0.418917075684,0.110073224883
944,-1.00272434776,0.419232516794,0.110073224883
945,-0.783874885345,0.419547957905,0.110073224883
946,-0.696334895159,0.419863399015,0.110073224883
947,-0.809643672105,0.420178840125,0.110073224883
948,-1.03950830975,0.420494281236,0.110073224883
949,-0.784016771809,0.420809722346,0.110073224883
950,-0.779284128717,0.42074652116,0.110073224883
951,-0.898459479738,0.420683319974,0.110073224883
952,-0.922737966585,0.420620118788,0.110073224883
953,-0.949192127495,0.420556917602,0.110073224883
954,-0.669522995898,0.420493716416,0.110073224883
955,-0.696233938823,0.42043051523,0.110073224883
956,-0.846013952947,0.420112670983,0.110073224883
957,-0.886833047487,0.419794826736,0.110073224883
958,-0.91334603046,0.419476982489,0.110073224883
959,-0.758064783811,0.419159138243,0.110073224883
960,-0.845778983018,0.418841293996,0.110073224883
961,-0.990781575531,0.418523449749,0.110073224883
962,-0.731168791896,0.418108051374,0.110073224883
963,-0.693771059267,0.417692652998,0.110073224883
964,-1.09424123384,0.417277254623,0.110073224883
965,-0.973999137423,0.416861856247,0.110073224883
966,-0.912847416019,0.416446457871,0.110073224883
967,-0.939186670526,0.416031059496,0.110073224883
968,-0.672016433067,0.415983478875,0.110073224883
969,-0.831021112451,0.415935898254,0.110073224883
970,-0.794635546292,0.415888317632,0.110073224883
971,-0.916680296052,0.415840737011,0.110073224883
972,-0.906448413273,0.41579315639,0.110073224883
973,-0.73379039321,0.415745575769,0.110073224883
974,-0.953648815007,0.415555797604,0.110073224883
975,-0.839950462562,0.415366019439,0.110073224883
976,-0.712393108793,0.415176241274,0.110073224883
977,-1.04718174853,0.414986463109,0.110073224883
978,-1.13859863697,0.414796684945,0.110073224883
979,-0.846022204763,0.41460690678,0.110073224883
980,-0.732837934087,0.414256797799,0.110073224883
981,-0.775560955369,0.413906688818,0.110073224883
982,-0.789158695557,0.413556579837,0.110073224883
983,-0.938307899966,0.413206470857,0.110073224883
984,-0.737884089257,0.412856361876,0.110073224883
985,-0.761287965377,0.412506252895,0.110073224883
986,-0.791291474392,0.411947807978,0.110073224883
987,-0.855440264995,0.411389363061,0.110073224883
988,-0.890600264662,0.410830918144,0.110073224883
989,-0.799887834798,0.410272473227,0.110073224883
990,-0.939436571863,0.409714028311,0.110073224883
991,-0.986090482322,0.409155583394,0.110073224883
992,-1.0159561343,0.408644294599,0.110073224883
993,-0.819350662446,0.408133005805,0.110073224883
994,-0.908120112656,0.40762171701,0.110073224883
995,-0.805948591101,0.407110428216,0.110073224883
996,-0.889398916718,0.406599139421,0.110073224883
997,-0.894309077287,0.406087850627,0.110073224883
998,-1.01421646173,0.40576836317,0.110073224883
999,-0.859686778605,0.405448875714,0.110073224883
1000,-0.981188891873,0.405129388257,0.110073224883
1001,-0.844578599927,0.404809900801,0.110073224883
1002,-0.837412472673,0.404490413344,0.110073224883
1003,-0.903667779259,0.404170925887,0.110073224883
1004,-1.00121824242,0.403643951492,0.110073224883
1005,-0.902658806598,0.403116977098,0.110073224883
1006,-0.870223013413,0.401781460856,0.110073224883
1007,-0.878927359056,0.40151738657,0.110073224883
1008,-0.908158644689,0.401253312285,0.110073224883
1009,-0.997197370409,0.400989238,0.110073224883
1010,-0.864406707823,0.400725163715,0.110073224883
1011,-0.911799113094,0.40046108943,0.110073224883
1012,-0.851262956263,0.400197015145,0.110073224883
1013,-0.910600157613,0.399932940859,0.110073224883
1014,-0.863751608583,0.399668866574,0.110073224883
1015,-0.889509316503,0.399404792289,0.110073224883
1016,-0.882298992743,0.399357636167,0.110073224883
1017,-0.863825768903,0.399310480044,0.110073224883
1018,-0.912282459643,0.399263323922,0.110073224883
1019,-0.890913230623,0.3992161678,0.110073224883
1020,-0.885380078693,0.399169011677,0.110073224883
1021,-0.868807209193,0.399121855555,0.110073224883
1022,-0.885677765763,0.399074699433,0.110073224883
1023,-0.902571302482,0.39902754331,0.110073224883
1024,-0.906960821877,0.398980387188,0.110073224883
1025,-0.895404148993,0.398933231066,0.110073224883
1026,-0.878807539573,0.398886074943,0.110073224883
1027,-0.896468591173,0.398838918821,0.110073224883
1028,-0.878819454153,0.398782331474,0.110073224883
1029,-0.876032784073,0.398725744127,0.110073224883
1030,-0.916446206983,0.39866915678,0.110073224883
1031,-0.892560423923,0.398612569434,0.110073224883
1032,-0.902001243863,0.398555982087,0.110073224883
1033,-0.920354648788,0.39849939474,0.110073224883
1034,-0.949541315686,0.398442807393,0.110073224883
1035,-0.875748899053,0.398386220046,0.110073224883
1036,-0.903535565013,0.398329632699,0.110073224883
1037,-0.891570547173,0.398273045353,0.110073224883
1038,-0.868937309533,0.398216458006,0.110073224883
1039,-0.893773938773,0.398159870659,0.110073224883
1040,-0.903280605753,0.397999539843,0.110073224883
1041,-0.873234395143,0.397839209027,0.110073224883
1042,-0.910713806253,0.397678878211,0.110073224883
1043,-0.915485254623,0.397518547395,0.110073224883
1044,-0.917462656093,0.397358216579,0.110073224883
1045,-0.901024841623,0.397197885763,0.110073224883
1046,-0.894640026983,0.397037554947,0.110073224883
1047,-0.921311000233,0.396877224131,0.110073224883
1048,-0.899357111433,0.396716893315,0.110073224883
1049,-0.889355995753,0.396556562499,0.110073224883
1050,-0.892496842563,0.396396231683,0.110073224883
1051,-0.884948752463,0.396235900867,0.110073224883
1052,-0.927006031473,0.396235900867,0.110073224883
1053,-0.896580009883,0.396235900867,0.110073224883
1054,-0.920560590013,0.396235900867,0.110073224883
1055,-0.894985274763,0.396235900867,0.110073224883
1056,-0.899870276493,0.396235900867,0.110073224883
1057,-0.924286941633,0.396235900867,0.110073224883
1058,-0.910456749063,0.396235900867,0.110073224883
1059,-0.910012076303,0.396235900867,0.110073224883
1060,-0.925782709153,0.396235900867,0.110073224883
1061,-0.896304968953,0.396235900867,0.110073224883
1062,-0.891041024383,0.396235900867,0.110073224883
1063,-0.930162975903,0.396235900867,0.110073224883
1064,-0.923715197464,0.396292488214,0.110073224883
1065,-0.894026825304,0.396349075561,0.110073224883
1066,-0.907071195574,0.396405662907,0.110073224883
1067,-0.883746957784,0.396462250254,0.110073224883
1068,-0.927086290034,0.396518837601,0.110073224883
1069,-0.887894322944,0.396575424948,0.110073224883
1070,-0.880913571884,0.396632012295,0.110073224883
1071,-0.864321002324,0.396688599641,0.110073224883
1072,-0.911302579974,0.396745186988,0.110073224883
1073,-0.900451709534,0.396801774335,0.110073224883
1074,-0.905419696894,0.396858361682,0.110073224883
1075,-0.906594008114,0.396914949029,0.110073224883
1076,-0.889576006074,0.396914949029,0.110073224883
1077,-0.877012770704,0.396914949029,0.110073224883
1078,-0.894099520464,0.396914949029,0.110073224883
1079,-0.876662813824,0.396914949029,0.110073224883
1080,-0.925225821684,0.396914949029,0.110073224883
1081,-0.890474421414,0.396914949029,0.110073224883
1082,-0.880253064504,0.396914949029,0.110073224883
1083,-0.913806045394,0.396914949029,0.110073224883
1084,-0.890001113484,0.396914949029,0.110073224883
1085,-0.894964371134,0.396914949029,0.110073224883
1086,-0.896000150204,0.396914949029,0.110073224883
1087,-0.898376422764,0.396914949029,0.110073224883
1088,-0.914110922604,0.396914949029,0.110073224883
1089,-0.921203937564,0.396914949029,0.110073224883
1090,-0.885792273544,0.396914949029,0.110073224883
1091,-0.882762065174,0.396914949029,0.110073224883
1092,-0.894086075994,0.396914949029,0.110073224883
1093,-0.898948629304,0.396914949029,0.110073224883
1094,-0.874364879564,0.396914949029,0.110073224883
1095,-0.905252531684,0.396914949029,0.110073224883
1096,-0.875751561824,0.396914949029,0.110073224883
1097,-0.883138093924,0.396914949029,0.110073224883
1098,-0.919586181654,0.396914949029,0.110073224883
1099,-0.899375035514,0.396914949029,0.110073224883
1100,-0.912348890124,0.396914949029,0.110073224883
1101,-0.908908124494,0.396914949029,0.110073224883
1102,-0.915075623284,0.396914949029,0.110073224883
1103,-0.898066216354,0.396914949029,0.110073224883
1104,-0.871921565564,0.396914949029,0.110073224883
1105,-0.861758459184,0.396914949029,0.110073224883
1106,-0.897860699824,0.396914949029,0.110073224883
1107,-0.911743537874,0.396914949029,0.110073224883
1108,-0.900331711114,0.396914949029,0.110073224883
1109,-0.893608757604,0.396914949029,0.110073224883
1110,-0.881622458084,0.396914949029,0.110073224883
1111,-0.887204795504,0.396914949029,0.110073224883
1112,-0.898782601739,0.396914949029,0.110073224883
1113,-0.87540599218,0.396914949029,0.110073224883
1114,-0.890564846298,0.396914949029,0.110073224883
1115,-0.887298487473,0.396914949029,0.110073224883
1116,-0.903827120625,0.396914949029,0.110073224883
1117,-0.889777559951,0.396914949029,0.110073224883
1118,-0.894462288345,0.396914949029,0.110073224883
1119,-0.897509888412,0.396914949029,0.110073224883
1120,-0.910555397368,0.396914949029,0.110073224883
1121,-0.885165102048,0.398350152144,0.110073224883
1122,-0.852538628342,0.398699032163,0.110073224883
1123,-0.846665571962,0.399047912183,0.110073224883
1124,-0.744326093544,0.399500535672,0.110073224883
1125,-0.813023938807,0.399953159161,0.110073224883
1126,-0.816450177019,0.40040578265,0.110073224883
1127,-0.835741430672,0.400858406139,0.110073224883
1128,-0.795197703441,0.401311029628,0.110073224883
1129,-0.783747593863,0.401763653117,0.110073224883
1130,-0.786644778136,0.402470909417,0.110073224883
1131,-0.811975052402,0.403178165717,0.110073224883
1132,-0.766406131188,0.403885422017,0.110073224883
1133,-0.79455927163,0.404592678316,0.110073224883
1134,-0.756891366511,0.405299934616,0.110073224883
1135,-0.756291896911,0.406007190916,0.110073224883
1136,-0.737341676017,0.406714447216,0.110073224883
1137,-0.728203078242,0.407421703515,0.110073224883
1138,-0.725054436552,0.408128959815,0.110073224883
1139,-0.767547786864,0.408836216115,0.110073224883
1140,-0.709420975332,0.409543472414,0.110073224883
1141,-0.839369569087,0.410250728714,0.110073224883
1142,-0.691717365592,0.410653748409,0.110073224883
1143,-0.828077316312,0.411056768104,0.110073224883
1144,-0.679249402872,0.411459787798,0.110073224883
1145,-0.706821327644,0.411862807493,0.110073224883
1146,-0.766995051492,0.412265827188,0.110073224883
1147,-0.675266312322,0.412668846883,0.110073224883
1148,-0.80854601588,0.413071866577,0.110073224883
1149,-0.503619072815,0.413474886272,0.110073224883
1150,-0.622718476155,0.413877905967,0.110073224883
1151,-0.535488644848,0.414280925662,0.110073224883
1152,-0.488343094284,0.414683945356,0.110073224883
1153,-0.839012219972,0.415086965051,0.110073224883
1154,-0.799408909461,0.415379202939,0.110073224883
1155,-0.547338417748,0.415671440826,0.110073224883
1156,-0.760508102124,0.415963678713,0.110073224883
1157,-0.794951487343,0.416255916601,0.110073224883
1158,-0.590751561189,0.416548154488,0.110073224883
1159,-0.754639217491,0.416840392376,0.110073224883
1160,-0.758401263229,0.417132630263,0.110073224883
1161,-0.801042539634,0.417424868151,0.110073224883
1162,-0.469468551799,0.417717106038,0.110073224883
1163,-0.767922518292,0.418009343926,0.110073224883
1164,-0.683540165032,0.418301581813,0.110073224883
1165,-0.928174981352,0.418593819701,0.110073224883
1166,-0.525713184501,0.418302386275,0.110073224883
1167,-0.613218365438,0.41801095285,0.110073224883
1168,-0.580026674627,0.417719519425,0.110073224883
1169,-0.833246069233,0.417428085999,0.110073224883
1170,-0.703547085657,0.417136652574,0.110073224883
1171,-0.726847295707,0.416845219149,0.110073224883
1172,-0.544228517604,0.416506629601,0.110073224883
1173,-0.99061231016,0.416168040053,0.110073224883
1174,-0.541065024073,0.415829450506,0.110073224883
1175,-0.60868787833,0.415490860958,0.110073224883
1176,-0.646730107077,0.41515227141,0.110073224883
1177,-0.482839860489,0.414813681863,0.110073224883
1178,-1.00367743386,0.415324970657,0.110073224883
1179,-0.667722368194,0.415836259452,0.110073224883
1180,-0.605255440813,0.416347548246,0.110073224883
1181,-0.540867693089,0.416858837041,0.110073224883
1182,-0.624256118444,0.417370125835,0.110073224883
1183,-0.960177659406,0.41788141463,0.110073224883
1184,-0.824788167018,0.418439859546,0.110073224883
1185,-0.643620297304,0.418998304463,0.110073224883
1186,-0.827212497036,0.41955674938,0.110073224883
1187,-0.538581415857,0.420115194297,0.110073224883
1188,-0.643192239898,0.420673639214,0.110073224883
1189,-0.879147142526,0.421232084131,0.110073224883
1190,-0.77333062959,0.421481332063,0.110073224883
1191,-0.512424795133,0.421730579996,0.110073224883
1192,-0.6311590269,0.421979827928,0.110073224883
1193,-0.929415885467,0.42222907586,0.110073224883
1194,-0.535145784412,0.422478323793,0.110073224883
1195,-1.00802331565,0.422727571725,0.110073224883
1196,-0.661668593956,0.422929663535,0.110073224883
1197,-0.672877475811,0.423131755345,0.110073224883
1198,-0.962670023109,0.423333847155,0.110073224883
1199,-0.536638892672,0.423535938966,0.110073224883
1200,-0.606317102779,0.423738030776,0.110073224883
1201,-0.630412477659,0.423940122586,0.110073224883
1202,-0.691198704293,0.423996709933,0.110073224883
1203,-0.698655743097,0.424053297279,0.110073224883
1204,-0.50490353755,0.424109884626,0.110073224883
1205,-0.542468898406,0.424166471973,0.110073224883
1206,-0.667240487512,0.42422305932,0.110073224883
1207,-0.690421066238,0.424279646667,0.110073224883
1208,-0.385010977875,0.424326802789,0.110073224883
1209,-0.584282323825,0.424373958911,0.110073224883
1210,-0.616061016172,0.424421115034,0.110073224883
1211,-0.819242840654,0.424468271156,0.110073224883
1212,-0.626725896064,0.424515427278,0.110073224883
1213,-0.600191906148,0.424562583401,0.110073224883
1214,-0.698317868678,0.424581630706,0.110073224883
1215,-0.678981360255,0.424600678012,0.110073224883
1216,-0.586494529826,0.424619725318,0.110073224883
1217,-0.770916581243,0.424638772623,0.110073224883
1218,-0.568965329819,0.424657819929,0.110073224883
1219,-0.798147245241,0.424676867234,0.110073224883
1220,-0.682169298549,0.424705345764,0.110073224883
1221,-0.711955953002,0.424733824294,0.110073224883
1222,-0.841617705324,0.424762302824,0.110073224883
1223,-0.796974284458,0.424790781355,0.110073224883
1224,-1.12720078591,0.424819259885,0.110073224883
1225,-0.742641897466,0.424847738415,0.110073224883
1226,-0.769419990769,0.42482826661,0.110073224883
1227,-0.991742051743,0.424808794806,0.110073224883
1228,-0.794039841791,0.424789323001,0.110073224883
1229,-0.933772481974,0.424769851197,0.110073224883
1230,-0.757039283352,0.424750379393,0.110073224883
1231,-0.576913404377,0.424730907588,0.110073224883
1232,-0.571046919725,0.424654848437,0.110073224883
1233,-1.14362842621,0.424578789286,0.110073224883
1234,-1.07858162482,0.424502730134,0.110073224883
1235,-0.782333528616,0.424426670983,0.110073224883
1236,-1.26333227777,0.424350611832,0.110073224883
1237,-1.19144643341,0.424274552681,0.110073224883
1238,-0.577654911711,0.424170384713,0.110073224883
1239,-0.501434236261,0.424066216745,0.110073224883
1240,-0.879493048637,0.423962048777,0.110073224883
1241,-0.762660057521,0.423857880809,0.110073224883
1242,-0.708632318764,0.423753712841,0.110073224883
1243,-0.760932846324,0.423649544873,0.110073224883
1244,-0.817497912146,0.423488789558,0.110073224883
1245,-0.795232224603,0.423328034243,0.110073224883
1246,-0.698972587185,0.423167278928,0.110073224883
1247,-0.819866357167,0.423006523613,0.110073224883
1248,-1.03047750183,0.422845768298,0.110073224883
1249,-0.835055126239,0.422685012984,0.110073224883
1250,-0.541182372108,0.422449851977,0.110073224883
1251,-0.98655772286,0.422214690971,0.110073224883
1252,-0.778576455911,0.421979529965,0.110073224883
1253,-0.897182002141,0.421744368958,0.110073224883
1254,-1.30299416655,0.421509207952,0.110073224883
1255,-0.65311998209,0.421274046946,0.110073224883
1256,-1.05465809328,0.421048317164,0.110073224883
1257,-1.25955090335,0.420822587382,0.110073224883
1258,-0.828229854279,0.420596857601,0.110073224883
1259,-0.624297693087,0.420371127819,0.110073224883
1260,-0.933205341663,0.420145398037,0.110073224883
1261,-0.857124893368,0.419919668255,0.110073224883
1262,-1.24455724412,0.419555047849,0.110073224883
1263,-0.885603490711,0.419190427443,0.110073224883
1264,-0.884405811494,0.418825807038,0.110073224883
1265,-0.974804254789,0.418461186632,0.110073224883
1266,-1.16993101553,0.418096566226,0.110073224883
1267,-1.10762730286,0.41773194582,0.110073224883
1268,-0.942243982301,0.417310738068,0.110073224883
1269,-0.909249211415,0.416889530315,0.110073224883
1270,-0.79314672595,0.416468322562,0.110073224883
1271,-0.968814471692,0.41604711481,0.110073224883
1272,-0.833636408802,0.415625907057,0.110073224883
1273,-0.727748602066,0.415204699304,0.110073224883
1274,-0.823134849167,0.414475948027,0.110073224883
1275,-0.863798597466,0.41374719675,0.110073224883
1276,-0.733508874634,0.413018445473,0.110073224883
1277,-0.795159818476,0.412289694195,0.110073224883
1278,-0.831605269611,0.411560942918,0.110073224883
1279,-0.92578817744,0.410832191641,0.110073224883
1280,-1.0126336632,0.410046853017,0.110073224883
1281,-1.23038659368,0.409261514393,0.110073224883
1282,-0.725895538943,0.408476175769,0.110073224883
1283,-0.80382688045,0.407690837145,0.110073224883
1284,-0.789505482813,0.40690549852,0.110073224883
1285,-0.97438605055,0.406120159896,0.110073224883
1286,-0.829829654634,0.405645671717,0.110073224883
1287,-0.942174136421,0.405171183537,0.110073224883
1288,-0.899509772539,0.404696695357,0.110073224883
1289,-0.869056637371,0.404222207177,0.110073224883
1290,-1.02259761326,0.403747718997,0.110073224883
1291,-0.892109549067,0.403273230817,0.110073224883
1292,-0.905946412426,0.402855329984,0.110073224883
1293,-0.94897939789,0.401121275143,0.110073224883
1294,-0.879933484906,0.401017531674,0.110073224883
1295,-0.901260825022,0.400913788204,0.110073224883
1296,-0.810883823441,0.400810044735,0.110073224883
1297,-0.904753687184,0.400706301266,0.110073224883
1298,-0.908419897188,0.400602557797,0.110073224883
1299,-0.960094004219,0.400498814328,0.110073224883
1300,-0.908709198817,0.400395070858,0.110073224883
1301,-0.839719835073,0.400291327389,0.110073224883
1302,-0.892867955816,0.40018758392,0.110073224883
1303,-0.929023206487,0.400083840451,0.110073224883
1304,-0.947742012121,0.399980096982,0.110073224883
1305,-0.940356769527,0.399876353513,0.110073224883
1306,-0.833440305221,0.399772610043,0.110073224883
1307,-1.01736459901,0.399668866574,0.110073224883
1308,-0.928024839244,0.399565123105,0.110073224883
1309,-0.831188746141,0.399461379636,0.110073224883
1310,-0.990829794276,0.399357636167,0.110073224883
1311,-0.838670439499,0.399253892698,0.110073224883
1312,-0.866358005158,0.399150149228,0.110073224883
1313,-0.864426926075,0.399046405759,0.110073224883
1314,-0.903641865789,0.39894266229,0.110073224883
1315,-0.868873177638,0.398838918821,0.110073224883
1316,-0.840931914206,0.398782331474,0.110073224883
1317,-0.860244812756,0.398725744127,0.110073224883
1318,-0.889565496853,0.39866915678,0.110073224883
1319,-0.846970464736,0.398612569434,0.110073224883
1320,-0.849895151776,0.398555982087,0.110073224883
1321,-0.909554862082,0.39849939474,0.110073224883
1322,-0.875462446126,0.398442807393,0.110073224883
1323,-0.855885367726,0.398386220046,0.110073224883
1324,-0.873569773099,0.398329632699,0.110073224883
1325,-0.882348226236,0.398273045353,0.110073224883
1326,-0.877253143836,0.398216458006,0.110073224883
1327,-0.875890024696,0.398159870659,0.110073224883
1328,-0.886821001419,0.397895796374,0.110073224883
1329,-0.863348252529,0.397631722089,0.110073224883
1330,-0.955127428654,0.397367647803,0.110073224883
1331,-0.888579226158,0.397103573518,0.110073224883
1332,-0.897240567769,0.396839499233,0.110073224883
1333,-1.0587049752,0.396575424948,0.110073224883
1334,-0.913025149389,0.396311350663,0.110073224883
1335,-0.866291740819,0.396047276377,0.110073224883
1336,-0.864118522719,0.395783202092,0.110073224883
1337,-0.879774554729,0.395519127807,0.110073224883
1338,-0.969849477372,0.395255053522,0.110073224883
1339,-0.911632547249,0.394990979237,0.110073224883
1340,-0.882679335051,0.394943823114,0.110073224883
1341,-0.885979854764,0.394896666992,0.110073224883
1342,-0.902280876504,0.39484951087,0.110073224883
1343,-0.919992057164,0.394802354747,0.110073224883
1344,-0.885951379444,0.394755198625,0.110073224883
1345,-0.901714464194,0.394708042503,0.110073224883
1346,-0.917393827804,0.39466088638,0.110073224883
1347,-0.947151858351,0.394613730258,0.110073224883
1348,-0.877459402584,0.394566574136,0.110073224883
1349,-0.889228319584,0.394519418013,0.110073224883
1350,-0.884851099124,0.394472261891,0.110073224883
1351,-0.908917826544,0.394425105769,0.110073224883
1352,-0.936182495684,0.394425105769,0.110073224883
1353,-0.907317499554,0.394425105769,0.110073224883
1354,-0.926743697414,0.394425105769,0.110073224883
1355,-0.891783529524,0.394425105769,0.110073224883
1356,-0.905627067414,0.394425105769,0.110073224883
1357,-0.900731456384,0.394425105769,0.110073224883
1358,-0.911787112604,0.394425105769,0.110073224883
1359,-0.929261159981,0.394425105769,0.110073224883
1360,-0.963583591409,0.394425105769,0.110073224883
1361,-0.903490004064,0.394425105769,0.110073224883
1362,-0.929055451294,0.394425105769,0.110073224883
1363,-0.908545315734,0.394425105769,0.110073224883
1364,-0.937853530024,0.394425105769,0.110073224883
1365,-0.931338707754,0.394425105769,0.110073224883
1366,-0.932941897784,0.394425105769,0.110073224883
1367,-0.932881637054,0.394425105769,0.110073224883
1368,-0.916941594744,0.394425105769,0.110073224883
1369,-0.929711008184,0.394425105769,0.110073224883
1370,-0.925379413904,0.394425105769,0.110073224883
1371,-0.914692199704,0.394425105769,0.110073224883
1372,-0.895065018764,0.394425105769,0.110073224883
1373,-0.879170489334,0.394425105769,0.110073224883
1374,-0.921537495944,0.394425105769,0.110073224883
1375,-0.918792347794,0.394425105769,0.110073224883
1376,-0.921554999084,0.39421761883,0.110073224883
1377,-0.909153809924,0.394010131892,0.110073224883
1378,-0.883178881964,0.393802644953,0.110073224883
1379,-0.891286555584,0.393595158015,0.110073224883
1380,-0.891532005074,0.393387671077,0.110073224883
1381,-0.944515505274,0.393180184138,0.110073224883
1382,-0.900181556164,0.3929726972,0.110073224883
1383,-0.899697585894,0.392765210262,0.110073224883
1384,-0.928973638554,0.392557723323,0.110073224883
1385,-0.939677895004,0.392350236385,0.110073224883
1386,-0.948000607434,0.392142749447,0.110073224883
1387,-0.903663758134,0.391935262508,0.110073224883
1388,-0.900190253324,0.391982418631,0.110073224883
1389,-0.943671693404,0.392029574753,0.110073224883
1390,-0.925966623294,0.392076730875,0.110073224883
1391,-0.919505331424,0.392123886998,0.110073224883
1392,-0.894397356044,0.39217104312,0.110073224883
1393,-0.942174325584,0.392218199242,0.110073224883
1394,-0.896503250014,0.392265355365,0.110073224883
1395,-0.914473736674,0.392312511487,0.110073224883
1396,-0.930430314874,0.392359667609,0.110073224883
1397,-0.917127586474,0.392406823732,0.110073224883
1398,-0.887914995794,0.392453979854,0.110073224883
1399,-0.896712758084,0.392501135977,0.110073224883
1400,-0.898932432979,0.392453979854,0.110073224883
1401,-0.881501396079,0.392406823732,0.110073224883
1402,-0.919932431989,0.392359667609,0.110073224883
1403,-0.917556497129,0.392312511487,0.110073224883
1404,-0.924762226009,0.392265355365,0.110073224883
1405,-0.924078629449,0.392218199242,0.110073224883
1406,-0.915678087299,0.39217104312,0.110073224883
1407,-0.917892551929,0.392123886998,0.110073224883
1408,-0.891987389189,0.392076730875,0.110073224883
1409,-0.939979939199,0.392353652876,0.110073224883
1410,-0.921716758637,0.392382555905,0.110073224883
1411,-0.917378721478,0.392411458933,0.110073224883
1412,-0.809692303518,0.392591261554,0.110073224883
1413,-0.881420959608,0.392771064174,0.110073224883
1414,-0.889152658543,0.392950866795,0.110073224883
1415,-0.86561715113,0.393130669415,0.110073224883
1416,-0.90019611606,0.393310472036,0.110073224883
1417,-0.894602562491,0.393490274656,0.110073224883
1418,-0.894852936687,0.393840383637,0.110073224883
1419,-0.875554826345,0.394190492618,0.110073224883
1420,-0.88679288069,0.394540601598,0.110073224883
1421,-0.856136892929,0.394890710579,0.110073224883
1422,-0.84035661301,0.39524081956,0.110073224883
1423,-0.874457253332,0.395590928541,0.110073224883
1424,-0.821774576375,0.39614852446,0.110073224883
1425,-0.816708211317,0.396706120379,0.110073224883
1426,-0.825241488847,0.397263716299,0.110073224883
1427,-0.841869603807,0.397821312218,0.110073224883
1428,-0.811054468357,0.398378908137,0.110073224883
1429,-0.826124504517,0.398936504056,0.110073224883
1430,-0.777752282322,0.399446149641,0.110073224883
1431,-0.779103039252,0.399955795225,0.110073224883
1432,-0.824224568068,0.40046544081,0.110073224883
1433,-0.784994458122,0.400975086395,0.110073224883
1434,-0.774031110832,0.40148473198,0.110073224883
1435,-0.801930873252,0.401994377564,0.110073224883
1436,-0.704117688799,0.402456867027,0.110073224883
1437,-0.622625697695,0.402919356489,0.110073224883
1438,-0.599036643775,0.403381845951,0.110073224883
1439,-0.633693661005,0.403844335414,0.110073224883
1440,-0.594420601225,0.404306824876,0.110073224883
1441,-0.595195987455,0.404769314338,0.110073224883
1442,-0.635365541994,0.405180546547,0.110073224883
1443,-0.614413566735,0.405591778755,0.110073224883
1444,-0.66041516703,0.406003010963,0.110073224883
1445,-0.601613367282,0.406414243171,0.110073224883
1446,-0.609528620785,0.40682547538,0.110073224883
1447,-0.673663333277,0.407236707588,0.110073224883
1448,-0.812161207157,0.40748760898,0.110073224883
1449,-0.63302527306,0.407738510372,0.110073224883
1450,-1.00525596643,0.407989411764,0.110073224883
1451,-0.583712160265,0.408240313157,0.110073224883
1452,-0.583060019525,0.408491214549,0.110073224883
1453,-0.713212082502,0.408742115941,0.110073224883
1454,-0.676335246084,0.409293947019,0.110073224883
1455,-0.563184106061,0.409845778096,0.110073224883
1456,-0.774600387818,0.410397609174,0.110073224883
1457,-0.585040875546,0.410949440252,0.110073224883
1458,-0.661422709357,0.411501271329,0.110073224883
1459,-0.648454994091,0.412053102407,0.110073224883
1460,-0.813355986215,0.412661520831,0.110073224883
1461,-0.821483836345,0.413269939256,0.110073224883
1462,-0.530505557323,0.41387835768,0.110073224883
1463,-0.59376772672,0.414486776105,0.110073224883
1464,-0.497460772765,0.415095194529,0.110073224883
1465,-0.795171756482,0.415703612953,0.110073224883
1466,-1.23205497554,0.416143378477,0.110073224883
1467,-0.507447372841,0.416583144001,0.110073224883
1468,-1.04131365995,0.417022909525,0.110073224883
1469,-0.533013657266,0.417462675049,0.110073224883
1470,-0.632992918764,0.417902440573,0.110073224883
1471,-0.63259788378,0.418342206097,0.110073224883
1472,-0.709113451219,0.418829127743,0.110073224883
1473,-0.925680482972,0.419316049389,0.110073224883
1474,-0.766974043594,0.419802971035,0.110073224883
1475,-0.802543106624,0.420289892681,0.110073224883
1476,-0.789568526836,0.420776814328,0.110073224883
1477,-1.02767721294,0.421263735974,0.110073224883
1478,-0.424627668805,0.421510905948,0.110073224883
1479,-0.536462250845,0.421758075921,0.110073224883
1480,-0.497633408788,0.422005245895,0.110073224883
1481,-0.632131403735,0.422252415869,0.110073224883
1482,-0.568842265789,0.422499585843,0.110073224883
1483,-0.641825498657,0.422746755816,0.110073224883
1484,-0.494482482623,0.422937338443,0.110073224883
1485,-0.828638845932,0.42312792107,0.110073224883
1486,-0.903855041041,0.423318503697,0.110073224883
1487,-0.606535816901,0.423509086324,0.110073224883
1488,-0.627121802725,0.423699668951,0.110073224883
1489,-0.558740104161,0.423890251578,0.110073224883
1490,-1.17490158354,0.423872498269,0.110073224883
1491,-0.666924124783,0.42385474496,0.110073224883
1492,-0.733208303964,0.423836991651,0.110073224883
1493,-0.704429851212,0.423819238342,0.110073224883
1494,-1.12567278675,0.423801485033,0.110073224883
1495,-0.678206149371,0.423783731724,0.110073224883
1496,-0.954210655522,0.423567922701,0.110073224883
1497,-0.715478308184,0.423352113678,0.110073224883
1498,-0.692623859198,0.423136304655,0.110073224883
1499,-0.579557135313,0.422920495632,0.110073224883
1500,-0.747485405508,0.422704686609,0.110073224883
1501,-0.663628438663,0.422488877586,0.110073224883
1502,-0.861218732065,0.422382196911,0.110073224883
1503,-0.805332350351,0.422275516235,0.110073224883
1504,-0.740963494535,0.42216883556,0.110073224883
1505,-0.786440839366,0.422062154884,0.110073224883
1506,-0.577730526083,0.421955474209,0.110073224883
1507,-1.17650093029,0.421848793533,0.110073224883
1508,-0.703365812465,0.421732681633,0.110073224883
1509,-0.966995033821,0.421616569733,0.110073224883
1510,-0.677405138684,0.421500457833,0.110073224883
1511,-0.76286537839,0.421384345933,0.110073224883
1512,-0.815162486524,0.421268234033,0.110073224883
1513,-0.485814152123,0.421152122133,0.110073224883
1514,-0.673073294448,0.421184821616,0.110073224883
1515,-0.722498006553,0.421217521099,0.110073224883
1516,-0.859903198491,0.421250220582,0.110073224883
1517,-0.851992022021,0.421282920065,0.110073224883
1518,-0.620584356595,0.421315619548,0.110073224883
1519,-0.934024916613,0.421348319031,0.110073224883
1520,-1.10526973968,0.421494193207,0.110073224883
1521,-0.536134571095,0.421640067384,0.110073224883
1522,-0.977324590524,0.42178594156,0.110073224883
1523,-1.12212131116,0.421931815737,0.110073224883
1524,-0.702967957635,0.422077689914,0.110073224883
1525,-0.810788058819,0.42222356409,0.110073224883
1526,-0.57636610659,0.421861826105,0.110073224883
1527,-1.13047860941,0.42150008812,0.110073224883
1528,-0.920279211128,0.421138350135,0.110073224883
1529,-0.827139586772,0.42077661215,0.110073224883
1530,-0.740603718352,0.420414874165,0.110073224883
1531,-0.958367499332,0.42005313618,0.110073224883
1532,-0.942040465264,0.419634810848,0.110073224883
1533,-0.714149823823,0.419216485516,0.110073224883
1534,-0.80835291403,0.418798160184,0.110073224883
1535,-0.870382071614,0.418379834852,0.110073224883
1536,-0.76219165105,0.417961509521,0.110073224883
1537,-0.64361870223,0.417543184189,0.110073224883
1538,-1.01089959312,0.417219106066,0.110073224883
1539,-0.963725797636,0.416895027943,0.110073224883
1540,-0.549767480013,0.416570949821,0.110073224883
1541,-1.13767615761,0.416246871698,0.110073224883
1542,-1.00608282662,0.415922793575,0.110073224883
1543,-0.700770863736,0.415598715452,0.110073224883
1544,-1.10291042344,0.41527463733,0.110073224883
1545,-1.28446487598,0.414950559207,0.110073224883
1546,-0.980574035608,0.414626481084,0.110073224883
1547,-0.791200820291,0.414302402962,0.110073224883
1548,-0.785492504557,0.413978324839,0.110073224883
1549,-0.898917679935,0.413654246716,0.110073224883
1550,-0.828775586589,0.413464098838,0.110073224883
1551,-1.09039513314,0.41327395096,0.110073224883
1552,-1.16589071696,0.413083803082,0.110073224883
1553,-1.10470636386,0.412893655204,0.110073224883
1554,-0.73626769459,0.412703507326,0.110073224883
1555,-0.960943425868,0.412513359448,0.110073224883
1556,-1.24235452615,0.412266624223,0.110073224883
1557,-0.989346270154,0.412019888998,0.110073224883
1558,-0.926851661836,0.411773153773,0.110073224883
1559,-0.723445166662,0.411526418548,0.110073224883
1560,-0.928748842086,0.411279683323,0.110073224883
1561,-0.822187469374,0.411032948098,0.110073224883
1562,-0.869344114756,0.410820935529,0.110073224883
1563,-0.916306645619,0.41060892296,0.110073224883
1564,-0.912572666561,0.410396910391,0.110073224883
1565,-0.762827259051,0.410184897822,0.110073224883
1566,-1.11674430624,0.409972885253,0.110073224883
1567,-1.09557908038,0.409760872684,0.110073224883
1568,-0.917333891959,0.409454547871,0.110073224883
1569,-0.923479161196,0.409148223057,0.110073224883
1570,-0.848847823608,0.408841898243,0.110073224883
1571,-0.76099094083,0.40853557343,0.110073224883
1572,-1.04357954972,0.408229248616,0.110073224883
1573,-0.908695098638,0.407922923802,0.110073224883
1574,-0.883200624277,0.407562034815,0.110073224883
1575,-1.13117280629,0.407201145828,0.110073224883
1576,-1.09504245617,0.40684025684,0.110073224883
1577,-0.951013823726,0.406479367853,0.110073224883
1578,-0.932103623468,0.406118478866,0.110073224883
1579,-0.84926258943,0.405757589878,0.110073224883
1580,-0.80263105905,0.405443857013,0.110073224883
1581,-0.90614512102,0.404290166565,0.110073224883
1582,-0.908139365692,0.404186423096,0.110073224883
1583,-0.828255087096,0.404082679626,0.110073224883
1584,-1.23201754527,0.403978936157,0.110073224883
1585,-0.824476853131,0.403875192688,0.110073224883
1586,-0.824005385131,0.403771449219,0.110073224883
1587,-0.85807875275,0.40366770575,0.110073224883
1588,-0.862923156099,0.403563962281,0.110073224883
1589,-0.842177590722,0.403460218811,0.110073224883
1590,-0.823064564351,0.403356475342,0.110073224883
1591,-0.897644722721,0.403252731873,0.110073224883
1592,-0.837324675951,0.403139557179,0.110073224883
1593,-0.871814568628,0.403026382486,0.110073224883
1594,-0.832988051047,0.402913207792,0.110073224883
1595,-0.983433034524,0.402800033098,0.110073224883
1596,-0.828977808751,0.402686858405,0.110073224883
1597,-0.906087971633,0.402573683711,0.110073224883
1598,-1.06196576434,0.402460509018,0.110073224883
1599,-0.815698819311,0.402347334324,0.110073224883
1600,-0.827421676191,0.40223415963,0.110073224883
1601,-0.807826050441,0.402120984937,0.110073224883
1602,-0.832051177631,0.402007810243,0.110073224883
1603,-1.09516864871,0.401894635549,0.110073224883
1604,-1.09285518217,0.401847479427,0.110073224883
1605,-0.95591339695,0.401800323305,0.110073224883
1606,-0.839654732826,0.401753167182,0.110073224883
1607,-0.906312568016,0.40170601106,0.110073224883
1608,-0.894842968306,0.401658854938,0.110073224883
1609,-0.849939704386,0.401611698815,0.110073224883
1610,-0.992456046471,0.401564542693,0.110073224883
1611,-0.838008923326,0.40151738657,0.110073224883
1612,-0.899871325324,0.401470230448,0.110073224883
1613,-1.09296863407,0.401423074326,0.110073224883
1614,-0.858145780256,0.401375918203,0.110073224883
1615,-0.944867405257,0.401328762081,0.110073224883
1616,-0.862522184359,0.401168431265,0.110073224883
1617,-0.882683522319,0.401008100449,0.110073224883
1618,-0.846971670549,0.400847769633,0.110073224883
1619,-0.877479964259,0.400687438817,0.110073224883
1620,-0.835905558289,0.400527108001,0.110073224883
1621,-0.902738700064,0.400366777185,0.110073224883
1622,-0.859098370059,0.400206446369,0.110073224883
1623,-0.843729264719,0.400046115553,0.110073224883
1624,-1.00823000684,0.399885784737,0.110073224883
1625,-0.839957174889,0.399725453921,0.110073224883
1626,-0.839977364819,0.399565123105,0.110073224883
1627,-0.894988653069,0.399404792289,0.110073224883
1628,-0.884387392304,0.399357636167,0.110073224883
1629,-0.891342653847,0.399310480044,0.110073224883
1630,-0.891052518639,0.399263323922,0.110073224883
1631,-0.890622790594,0.3992161678,0.110073224883
1632,-0.853282245884,0.399169011677,0.110073224883
1633,-0.886719644214,0.399121855555,0.110073224883
1634,-0.897608095704,0.399074699433,0.110073224883
1635,-0.905592745914,0.39902754331,0.110073224883
1636,-0.914004126684,0.398980387188,0.110073224883
1637,-0.899872487384,0.398933231066,0.110073224883
1638,-0.885327522364,0.398886074943,0.110073224883
1639,-0.887790101264,0.398838918821,0.110073224883
1640,-0.874562523644,0.398622000658,0.110073224883
1641,-0.888720826604,0.398405082495,0.110073224883
1642,-0.872741983744,0.398188164332,0.110073224883
1643,-0.872957686274,0.39797124617,0.110073224883
1644,-0.898257912524,0.397754328007,0.110073224883
1645,-0.894275538814,0.397537409844,0.110073224883
1646,-0.913218259084,0.397320491681,0.110073224883
1647,-0.875544283744,0.397103573518,0.110073224883
1648,-0.913159251174,0.396886655355,0.110073224883
1649,-0.913022786604,0.396669737193,0.110073224883
1650,-0.904421703184,0.39645281903,0.110073224883
1651,-0.890609425234,0.396235900867,0.110073224883
1652,-1.03041746524,0.396396231683,0.110073224883
1653,-0.868948027764,0.396556562499,0.110073224883
1654,-0.891327950654,0.396716893315,0.110073224883
1655,-0.905565209834,0.396877224131,0.110073224883
1656,-0.947949447716,0.397037554947,0.110073224883
1657,-0.906684348254,0.397197885763,0.110073224883
1658,-0.908671781444,0.397358216579,0.110073224883
1659,-0.868105090904,0.397518547395,0.110073224883
1660,-0.877933771944,0.397678878211,0.110073224883
1661,-0.891429709944,0.397839209027,0.110073224883
1662,-0.872194825014,0.397999539843,0.110073224883
1663,-0.890720436044,0.398159870659,0.110073224883
1664,-0.906986522554,0.398159870659,0.110073224883
1665,-0.890136447344,0.398159870659,0.110073224883
1666,-0.896174374634,0.398159870659,0.110073224883
1667,-0.903791362714,0.398159870659,0.110073224883
1668,-0.881263282784,0.398159870659,0.110073224883
1669,-0.889627563364,0.398159870659,0.110073224883
1670,-0.858762589054,0.398159870659,0.110073224883
1671,-0.913276482404,0.398159870659,0.110073224883
1672,-0.870742856414,0.398159870659,0.110073224883
1673,-0.885554120944,0.398159870659,0.110073224883
1674,-0.895453952974,0.398159870659,0.110073224883
1675,-0.906181216984,0.398159870659,0.110073224883
1676,-0.881353517984,0.398112714537,0.110073224883
1677,-0.878346655964,0.398065558414,0.110073224883
1678,-0.885149256094,0.398018402292,0.110073224883
1679,-0.861538261904,0.39797124617,0.110073224883
1680,-0.863507431114,0.397924090047,0.110073224883
1681,-0.890586364664,0.397876933925,0.110073224883
1682,-0.916682967544,0.397829777802,0.110073224883
1683,-0.875743145964,0.39778262168,0.110073224883
1684,-0.868808283514,0.397735465558,0.110073224883
1685,-0.909471606834,0.397688309435,0.110073224883
1686,-0.903566101054,0.397641153313,0.110073224883
1687,-0.866088110024,0.397593997191,0.110073224883
1688,-0.901546283389,0.397433666375,0.110073224883
1689,-0.879427309749,0.397273335559,0.110073224883
1690,-0.886109263669,0.397113004743,0.110073224883
1691,-0.860782614829,0.396952673927,0.110073224883
1692,-0.916776740479,0.396792343111,0.110073224883
1693,-0.906315286969,0.396632012295,0.110073224883
1694,-0.885183415929,0.396471681479,0.110073224883
1695,-0.880848223429,0.396311350663,0.110073224883
1696,-0.879975292849,0.396151019847,0.110073224883
1697,-0.871926474269,0.396215559565,0.110073224883
1698,-0.889238898929,0.396101525623,0.110073224883
1699,-0.893487694768,0.395987491682,0.110073224883
1700,-0.799076276197,0.396297862842,0.110073224883
1701,-0.905642079639,0.396608234002,0.110073224883
1702,-0.854947166649,0.396918605162,0.110073224883
1703,-0.868519289629,0.397228976322,0.110073224883
1704,-0.845011458829,0.397539347481,0.110073224883
1705,-0.858549141899,0.397849718641,0.110073224883
1706,-0.831346614847,0.398570147834,0.110073224883
1707,-0.859760567938,0.399290577027,0.110073224883
1708,-0.839322777069,0.400011006219,0.110073224883
1709,-0.879781612216,0.400731435412,0.110073224883
1710,-0.82588615398,0.401451864605,0.110073224883
1711,-0.840748794122,0.402172293797,0.110073224883
1712,-0.760671812167,0.402836135643,0.110073224883
1713,-0.794007204447,0.403499977489,0.110073224883
1714,-0.762881508107,0.404163819335,0.110073224883
1715,-0.762199897832,0.404827661181,0.110073224883
1716,-0.747910265292,0.405491503026,0.110073224883
1717,-0.731896969812,0.406155344872,0.110073224883
1718,-0.733438458382,0.406815879798,0.110073224883
1719,-0.703731717662,0.407476414725,0.110073224883
1720,-0.733439349512,0.408136949651,0.110073224883
1721,-0.8044526043,0.408797484577,0.110073224883
1722,-0.713610197672,0.409458019503,0.110073224883
1723,-0.823159185869,0.41011855443,0.110073224883
1724,-0.640304268498,0.41061875854,0.110073224883
1725,-0.664779515983,0.41111896265,0.110073224883
1726,-0.539945718685,0.41161916676,0.110073224883
1727,-0.530950731565,0.41211937087,0.110073224883
1728,-0.884192404817,0.412619574981,0.110073224883
1729,-0.803892893819,0.413119779091,0.110073224883
1730,-0.590474160386,0.413431488783,0.110073224883
1731,-0.900266379873,0.413743198475,0.110073224883
1732,-0.658878856059,0.414054908167,0.110073224883
1733,-0.484421559735,0.414366617858,0.110073224883
1734,-1.17014078407,0.41467832755,0.110073224883
1735,-0.984951965329,0.414990037242,0.110073224883
1736,-0.749824777185,0.415471508975,0.110073224883
1737,-0.829042231685,0.415952980707,0.110073224883
1738,-0.745918457809,0.416434452439,0.110073224883
1739,-0.855690617906,0.416915924172,0.110073224883
1740,-1.18044312625,0.417397395904,0.110073224883
1741,-0.765954811844,0.417878867637,0.110073224883
1742,-0.939447963831,0.418276012919,0.110073224883
1743,-0.588071762806,0.418673158201,0.110073224883
1744,-0.739077010038,0.419070303483,0.110073224883
1745,-0.828113460404,0.419467448765,0.110073224883
1746,-0.500537446819,0.419864594047,0.110073224883
1747,-0.971050659498,0.420261739329,0.110073224883
1748,-0.639211117216,0.42059286604,0.110073224883
1749,-0.622322268422,0.420923992751,0.110073224883
1750,-0.658897630624,0.421255119461,0.110073224883
1751,-0.86339831164,0.421586246172,0.110073224883
1752,-0.61499965714,0.421917372883,0.110073224883
1753,-0.98571479264,0.422248499594,0.110073224883
1754,-0.524880741402,0.422500260234,0.110073224883
1755,-0.629015201157,0.422752020874,0.110073224883
1756,-0.749818589372,0.423003781514,0.110073224883
1757,-0.823417393981,0.423255542153,0.110073224883
1758,-0.727207913279,0.423507302793,0.110073224883
1759,-0.465065427816,0.423759063433,0.110073224883
1760,-0.600387914432,0.423963667951,0.110073224883
1761,-1.07177108619,0.424168272468,0.110073224883
1762,-1.32855497986,0.424372876986,0.110073224883
1763,-0.76773026002,0.424577481504,0.110073224883
1764,-0.531936688016,0.424782086021,0.110073224883
1765,-0.695209244705,0.424986690539,0.110073224883
1766,-1.20262205824,0.425141691262,0.110073224883
1767,-0.685121983928,0.425296691985,0.110073224883
1768,-0.574408708275,0.425451692709,0.110073224883
1769,-0.98681106233,0.425606693432,0.110073224883
1770,-0.462167387861,0.425761694155,0.110073224883
1771,-0.812334926375,0.425916694878,0.110073224883
1772,-0.573632404031,0.426081126826,0.110073224883
1773,-0.780097435325,0.426245558774,0.110073224883
1774,-0.838400586286,0.426409990722,0.110073224883
1775,-0.747577474251,0.426574422669,0.110073224883
1776,-0.768211077937,0.426738854617,0.110073224883
1777,-0.71395260964,0.426903286565,0.110073224883
1778,-0.779804970072,0.426963550545,0.110073224883
1779,-1.00226269754,0.427023814524,0.110073224883
1780,-0.447415784401,0.427084078504,0.110073224883
1781,-0.738474401859,0.427144342484,0.110073224883
1782,-0.896745187986,0.427204606464,0.110073224883
1783,-0.617567647291,0.427264870443,0.110073224883
1784,-0.486444995918,0.427315703199,0.110073224883
1785,-0.941320168403,0.427366535954,0.110073224883
1786,-0.95547634249,0.427417368709,0.110073224883
1787,-0.743279860841,0.427468201464,0.110073224883
1788,-0.965522756103,0.42751903422,0.110073224883
1789,-0.660821786351,0.427569866975,0.110073224883
1790,-0.785554517304,0.427285047389,0.110073224883
1791,-0.707506318402,0.427000227803,0.110073224883
1792,-0.584430657701,0.426715408217,0.110073224883
1793,-1.04156346391,0.426430588631,0.110073224883
1794,-0.935075604242,0.426145769044,0.110073224883
1795,-0.766999164867,0.425860949458,0.110073224883
1796,-0.735044864576,0.425415799056,0.110073224883
1797,-1.14123221903,0.424970648654,0.110073224883
1798,-0.520005803956,0.424525498252,0.110073224883
1799,-0.611192571006,0.42408034785,0.110073224883
1800,-1.13303471085,0.423635197448,0.110073224883
1801,-0.509494737559,0.423190047046,0.110073224883
1802,-0.740744044314,0.423011103673,0.110073224883
1803,-0.560635191502,0.4228321603,0.110073224883
1804,-0.687630647362,0.422653216927,0.110073224883
1805,-1.12413995833,0.422474273555,0.110073224883
1806,-1.17978428732,0.422295330182,0.110073224883
1807,-0.801948981003,0.422116386809,0.110073224883
1808,-0.786190748548,0.421729956498,0.110073224883
1809,-1.15385682435,0.421343526187,0.110073224883
1810,-1.10624312853,0.420957095876,0.110073224883
1811,-1.00784368994,0.420570665565,0.110073224883
1812,-1.36180196815,0.420184235254,0.110073224883
1813,-0.921542335143,0.419797804943,0.110073224883
1814,-1.04541479049,0.419138553763,0.110073224883
1815,-1.1725733597,0.418479302583,0.110073224883
1816,-0.987118947454,0.417820051404,0.110073224883
1817,-0.801867001465,0.417160800224,0.110073224883
1818,-0.561193534685,0.416501549044,0.110073224883
1819,-0.823993504713,0.415842297864,0.110073224883
1820,-1.00129133383,0.415550864439,0.110073224883
1821,-0.901163172261,0.415259431014,0.110073224883
1822,-1.01862056271,0.414967997588,0.110073224883
1823,-0.889437050335,0.414676564163,0.110073224883
1824,-0.892523142163,0.414385130738,0.110073224883
1825,-1.23148041176,0.414093697312,0.110073224883
1826,-0.661162880635,0.413994065225,0.110073224883
1827,-1.14601936422,0.413894433137,0.110073224883
1828,-1.20814318305,0.41379480105,0.110073224883
1829,-1.0874952562,0.413695168963,0.110073224883
1830,-0.879133309998,0.413595536875,0.110073224883
1831,-1.12235765477,0.413495904788,0.110073224883
1832,-0.798529736858,0.413037886171,0.110073224883
1833,-0.845250587675,0.412579867553,0.110073224883
1834,-1.09768907039,0.412121848936,0.110073224883
1835,-0.971395525975,0.411663830319,0.110073224883
1836,-0.912392418606,0.411205811701,0.110073224883
1837,-0.809458854037,0.410747793084,0.110073224883
1838,-0.830301413667,0.410312922904,0.110073224883
1839,-0.717957771095,0.409878052724,0.110073224883
1840,-1.01431929392,0.409443182544,0.110073224883
1841,-1.20086407058,0.409008312364,0.110073224883
1842,-0.962847617641,0.408573442184,0.110073224883
1843,-0.714106430187,0.408138572004,0.110073224883
1844,-0.951203035703,0.407958344885,0.110073224883
1845,-0.798481116067,0.407778117766,0.110073224883
1846,-1.08660593834,0.407597890646,0.110073224883
1847,-0.754371146002,0.407417663527,0.110073224883
1848,-1.23724798376,0.407237436408,0.110073224883
1849,-0.758604628405,0.407057209289,0.110073224883
1850,-1.13650200392,0.406886902928,0.110073224883
1851,-1.10717352604,0.406716596568,0.110073224883
1852,-0.85547694475,0.406546290207,0.110073224883
1853,-0.852364086452,0.406375983847,0.110073224883
1854,-0.863839139023,0.406205677487,0.110073224883
1855,-0.766750712995,0.406035371126,0.110073224883
1856,-0.992166098958,0.405761321297,0.110073224883
1857,-1.10033635586,0.405487271467,0.110073224883
1858,-0.808472802656,0.405213221638,0.110073224883
1859,-0.903877580966,0.404939171808,0.110073224883
1860,-0.889307013782,0.404665121978,0.110073224883
1861,-0.823205368751,0.404391072149,0.110073224883
1862,-0.874975930298,0.404244338725,0.110073224883
1863,-0.93366087958,0.4040976053,0.110073224883
1864,-0.864495353396,0.403950871876,0.110073224883
1865,-0.890591376239,0.403804138452,0.110073224883
1866,-0.955125386226,0.403657405028,0.110073224883
1867,-0.821731856586,0.403510671603,0.110073224883
1868,-0.799699942921,0.403411094302,0.110073224883
1869,-0.816364316721,0.403139557179,0.110073224883
1870,-0.806808430941,0.403082969833,0.110073224883
1871,-0.831354833751,0.403026382486,0.110073224883
1872,-0.956114499025,0.402969795139,0.110073224883
1873,-0.89886312464,0.402913207792,0.110073224883
1874,-0.819369475481,0.402856620445,0.110073224883
1875,-0.919937321934,0.402800033098,0.110073224883
1876,-0.884245392577,0.402743445752,0.110073224883
1877,-0.807455506915,0.402686858405,0.110073224883
1878,-1.10621421855,0.402630271058,0.110073224883
1879,-0.897546230749,0.402573683711,0.110073224883
1880,-0.919501955533,0.402469940242,0.110073224883
1881,-0.814966500201,0.402366196773,0.110073224883
1882,-1.0368204812,0.402262453304,0.110073224883
1883,-0.95511465003,0.402158709834,0.110073224883
1884,-0.861480884663,0.402054966365,0.110073224883
1885,-0.845174324491,0.401951222896,0.110073224883
1886,-1.03376404381,0.401847479427,0.110073224883
1887,-0.847816208155,0.401743735958,0.110073224883
1888,-0.840230231141,0.401639992489,0.110073224883
1889,-0.833177912571,0.401536249019,0.110073224883
1890,-0.837808609961,0.40143250555,0.110073224883
1891,-0.844145017981,0.401328762081,0.110073224883
1892,-0.935696284639,0.401243881061,0.110073224883
1893,-0.908322748804,0.401159000041,0.110073224883
1894,-0.972763015502,0.40107411902,0.110073224883
1895,-1.050799823,0.400989238,0.110073224883
1896,-1.05563031133,0.40090435698,0.110073224883
1897,-0.921748752232,0.40081947596,0.110073224883
1898,-0.851139001206,0.400734594939,0.110073224883
1899,-1.03321126289,0.400649713919,0.110073224883
1900,-0.860234335946,0.400564832899,0.110073224883
1901,-0.868581639236,0.400479951879,0.110073224883
1902,-0.873520231256,0.400395070858,0.110073224883
1903,-1.00893268322,0.400310189838,0.110073224883
1904,-0.837210314779,0.400234740042,0.110073224883
1905,-0.857448836999,0.400159290247,0.110073224883
1906,-0.886865070696,0.400083840451,0.110073224883
1907,-0.882793733302,0.400008390655,0.110073224883
1908,-0.883241490599,0.399932940859,0.110073224883
1909,-0.859731677679,0.399857491064,0.110073224883
1910,-0.895091417695,0.399782041268,0.110073224883
1911,-0.888656962869,0.399706591472,0.110073224883
1912,-0.882894924089,0.399631141676,0.110073224883
1913,-0.852007820479,0.399555691881,0.110073224883
1914,-0.857339582819,0.399480242085,0.110073224883
1915,-0.90121907432,0.399404792289,0.110073224883
1916,-0.864817872434,0.399319911269,0.110073224883
1917,-0.903241320254,0.399235030249,0.110073224883
1918,-0.873091187964,0.399150149228,0.110073224883
1919,-0.904454197304,0.399065268208,0.110073224883
1920,-0.864985819804,0.398980387188,0.110073224883
1921,-0.864070181444,0.398895506168,0.110073224883
1922,-0.897701101822,0.398810625147,0.110073224883
1923,-0.88662653826,0.398725744127,0.110073224883
1924,-0.888066754014,0.398640863107,0.110073224883
1925,-0.869705514504,0.398555982087,0.110073224883
1926,-0.881179291914,0.398471101066,0.110073224883
1927,-0.900822762724,0.398386220046,0.110073224883
